2026-02-15 16:58:42.398 [http-nio-8080-exec-7] DEBUG org.hibernate.orm.results.loading - Calling top-level assembler (0 / 1) : org.hibernate.sql.results.graph.entity.internal.EntityAssembler@285ec95c
2026-02-15 16:58:42.406 [http-nio-8080-exec-7] DEBUG org.hibernate.orm.results - Extracted JDBC value [0] - [3514]
2026-02-15 16:58:42.407 [http-nio-8080-exec-7] DEBUG o.h.orm.results.loading.entity - (EntityResultInitializer) Hydrated EntityKey (com.example.physiokalendar.entity.Patient(269)): 3514
2026-02-15 16:58:42.407 [http-nio-8080-exec-7] DEBUG o.h.orm.results.loading.entity - (EntityResultInitializer) Created new entity instance [com.example.physiokalendar.entity.Patient(269)#3514] : 1083106257
2026-02-15 16:58:42.416 [http-nio-8080-exec-7] DEBUG org.hibernate.orm.results - Extracted JDBC value [1] - [2026-02-15T13:32:06]
2026-02-15 16:58:42.416 [http-nio-8080-exec-7] DEBUG org.hibernate.orm.results - Extracted JDBC value [2] - [2026-02-15T13:32:06]
2026-02-15 16:58:42.416 [http-nio-8080-exec-7] DEBUG org.hibernate.orm.results - Extracted JDBC value [3] - [null]
2026-02-15 16:58:42.416 [http-nio-8080-exec-7] DEBUG org.hibernate.orm.results - Extracted JDBC value [4] - [2026-02-15T13:32:06]
2026-02-15 16:58:42.416 [http-nio-8080-exec-7] DEBUG org.hibernate.orm.results - Extracted JDBC value [5] - [null]
2026-02-15 16:58:42.416 [http-nio-8080-exec-7] DEBUG org.hibernate.orm.results - Extracted JDBC value [6] - [null]
2026-02-15 16:58:42.416 [http-nio-8080-exec-7] DEBUG org.hibernate.orm.results - Extracted JDBC value [7] - [Alexander]
2026-02-15 16:58:42.416 [http-nio-8080-exec-7] DEBUG org.hibernate.orm.results - Extracted JDBC value [8] - [Alexander Sudermann]
2026-02-15 16:58:42.416 [http-nio-8080-exec-7] DEBUG org.hibernate.orm.results - Extracted JDBC value [9] - [null]
2026-02-15 16:58:42.416 [http-nio-8080-exec-7] DEBUG org.hibernate.orm.results - Extracted JDBC value [10] - [null]
2026-02-15 16:58:42.416 [http-nio-8080-exec-7] DEBUG org.hibernate.orm.results - Extracted JDBC value [11] - [true]
2026-02-15 16:58:42.416 [http-nio-8080-exec-7] DEBUG org.hibernate.orm.results - Extracted JDBC value [12] - [false]
2026-02-15 16:58:42.416 [http-nio-8080-exec-7] DEBUG org.hibernate.orm.results - Extracted JDBC value [13] - [Sudermann]
2026-02-15 16:58:42.416 [http-nio-8080-exec-7] DEBUG org.hibernate.orm.results - Extracted JDBC value [14] - [null]
2026-02-15 16:58:42.416 [http-nio-8080-exec-7] DEBUG org.hibernate.orm.results - Extracted JDBC value [15] - [null]
2026-02-15 16:58:42.416 [http-nio-8080-exec-7] DEBUG org.hibernate.orm.results - Extracted JDBC value [16] - [null]
2026-02-15 16:58:42.417 [http-nio-8080-exec-7] DEBUG org.hibernate.orm.results - Extracted JDBC value [17] - [null]
2026-02-15 16:58:42.417 [http-nio-8080-exec-7] DEBUG org.hibernate.orm.results - Extracted JDBC value [18] - [2026-02-15T13:32:06.346483]
2026-02-15 16:58:42.417 [http-nio-8080-exec-7] DEBUG o.h.orm.results.loading.entity - (EntityResultInitializer) Done materializing entityInstance : com.example.physiokalendar.entity.Patient(269)#3514
2026-02-15 16:58:42.417 [http-nio-8080-exec-7] DEBUG org.hibernate.orm.results.loading - Calling top-level assembler (0 / 1) : org.hibernate.sql.results.graph.entity.internal.EntityAssembler@285ec95c
2026-02-15 16:58:42.417 [http-nio-8080-exec-7] DEBUG org.hibernate.orm.results - Extracted JDBC value [0] - [3515]
2026-02-15 16:58:42.417 [http-nio-8080-exec-7] DEBUG o.h.orm.results.loading.entity - (EntityResultInitializer) Hydrated EntityKey (com.example.physiokalendar.entity.Patient(269)): 3515
2026-02-15 16:58:42.417 [http-nio-8080-exec-7] DEBUG o.h.orm.results.loading.entity - (EntityResultInitializer) Created new entity instance [com.example.physiokalendar.entity.Patient(269)#3515] : 1463765430
2026-02-15 16:58:42.417 [http-nio-8080-exec-7] DEBUG org.hibernate.orm.results - Extracted JDBC value [1] - [2026-02-15T13:32:13]
2026-02-15 16:58:42.417 [http-nio-8080-exec-7] DEBUG org.hibernate.orm.results - Extracted JDBC value [2] - [2026-02-15T13:32:13]
2026-02-15 16:58:42.417 [http-nio-8080-exec-7] DEBUG org.hibernate.orm.results - Extracted JDBC value [3] - [null]
2026-02-15 16:58:42.417 [http-nio-8080-exec-7] DEBUG org.hibernate.orm.results - Extracted JDBC value [4] - [2026-02-15T13:32:13]
2026-02-15 16:58:42.417 [http-nio-8080-exec-7] DEBUG org.hibernate.orm.results - Extracted JDBC value [5] - [null]
2026-02-15 16:58:42.417 [http-nio-8080-exec-7] DEBUG org.hibernate.orm.results - Extracted JDBC value [6] - [null]
2026-02-15 16:58:42.417 [http-nio-8080-exec-7] DEBUG org.hibernate.orm.results - Extracted JDBC value [7] - [Barbara GW / Scheer Britta UW]
2026-02-15 16:58:42.418 [http-nio-8080-exec-7] DEBUG org.hibernate.orm.results - Extracted JDBC value [8] - [Barbara GW / Scheer Britta UW Keding]
2026-02-15 16:58:42.418 [http-nio-8080-exec-7] DEBUG org.hibernate.orm.results - Extracted JDBC value [9] - [null]
2026-02-15 16:58:42.418 [http-nio-8080-exec-7] DEBUG org.hibernate.orm.results - Extracted JDBC value [10] - [null]
2026-02-15 16:58:42.418 [http-nio-8080-exec-7] DEBUG org.hibernate.orm.results - Extracted JDBC value [11] - [true]
2026-02-15 16:58:42.418 [http-nio-8080-exec-7] DEBUG org.hibernate.orm.results - Extracted JDBC value [12] - [false]
2026-02-15 16:58:42.418 [http-nio-8080-exec-7] DEBUG org.hibernate.orm.results - Extracted JDBC value [13] - [Keding]
2026-02-15 16:58:42.418 [http-nio-8080-exec-7] DEBUG org.hibernate.orm.results - Extracted JDBC value [14] - [null]
2026-02-15 16:58:42.418 [http-nio-8080-exec-7] DEBUG org.hibernate.orm.results - Extracted JDBC value [15] - [null]
2026-02-15 16:58:42.418 [http-nio-8080-exec-7] DEBUG org.hibernate.orm.results - Extracted JDBC value [16] - [null]
2026-02-15 16:58:42.418 [http-nio-8080-exec-7] DEBUG org.hibernate.orm.results - Extracted JDBC value [17] - [null]
2026-02-15 16:58:42.418 [http-nio-8080-exec-7] DEBUG org.hibernate.orm.results - Extracted JDBC value [18] - [2026-02-15T13:32:12.888050]
2026-02-15 16:58:42.418 [http-nio-8080-exec-7] DEBUG o.h.orm.results.loading.entity - (EntityResultInitializer) Done materializing entityInstance : com.example.physiokalendar.entity.Patient(269)#3515
2026-02-15 16:58:42.418 [http-nio-8080-exec-7] DEBUG org.hibernate.orm.results.loading - Calling top-level assembler (0 / 1) : org.hibernate.sql.results.graph.entity.internal.EntityAssembler@285ec95c
2026-02-15 16:58:42.418 [http-nio-8080-exec-7] DEBUG org.hibernate.orm.results - Extracted JDBC value [0] - [3516]
2026-02-15 16:58:42.418 [http-nio-8080-exec-7] DEBUG o.h.orm.results.loading.entity - (EntityResultInitializer) Hydrated EntityKey (com.example.physiokalendar.entity.Patient(269)): 3516
2026-02-15 16:58:42.418 [http-nio-8080-exec-7] DEBUG o.h.orm.results.loading.entity - (EntityResultInitializer) Created new entity instance [com.example.physiokalendar.entity.Patient(269)#3516] : 532738839
2026-02-15 16:58:42.418 [http-nio-8080-exec-7] DEBUG org.hibernate.orm.results - Extracted JDBC value [1] - [2026-02-15T13:32:14]
2026-02-15 16:58:42.418 [http-nio-8080-exec-7] DEBUG org.hibernate.orm.results - Extracted JDBC value [2] - [2026-02-15T13:32:14]
2026-02-15 16:58:42.418 [http-nio-8080-exec-7] DEBUG org.hibernate.orm.results - Extracted JDBC value [3] - [null]
2026-02-15 16:58:42.418 [http-nio-8080-exec-7] DEBUG org.hibernate.orm.results - Extracted JDBC value [4] - [2026-02-15T13:32:14]
2026-02-15 16:58:42.418 [http-nio-8080-exec-7] DEBUG org.hibernate.orm.results - Extracted JDBC value [5] - [null]
2026-02-15 16:58:42.419 [http-nio-8080-exec-7] DEBUG org.hibernate.orm.results - Extracted JDBC value [6] - [null]
2026-02-15 16:58:42.419 [http-nio-8080-exec-7] DEBUG org.hibernate.orm.results - Extracted JDBC value [7] - [Andrea]
2026-02-15 16:58:42.419 [http-nio-8080-exec-7] DEBUG org.hibernate.orm.results - Extracted JDBC value [8] - [Andrea Altemühle]
2026-02-15 16:58:42.419 [http-nio-8080-exec-7] DEBUG org.hibernate.orm.results - Extracted JDBC value [9] - [null]
2026-02-15 16:58:42.419 [http-nio-8080-exec-7] DEBUG org.hibernate.orm.results - Extracted JDBC value [10] - [null]
2026-02-15 16:58:42.419 [http-nio-8080-exec-7] DEBUG org.hibernate.orm.results - Extracted JDBC value [11] - [true]
2026-02-15 16:58:42.419 [http-nio-8080-exec-7] DEBUG org.hibernate.orm.results - Extracted JDBC value [12] - [false]
2026-02-15 16:58:42.419 [http-nio-8080-exec-7] DEBUG org.hibernate.orm.results - Extracted JDBC value [13] - [Altemühle]
2026-02-15 16:58:42.419 [http-nio-8080-exec-7] DEBUG org.hibernate.orm.results - Extracted JDBC value [14] - [null]
2026-02-15 16:58:42.419 [http-nio-8080-exec-7] DEBUG org.hibernate.orm.results - Extracted JDBC value [15] - [null]
2026-02-15 16:58:42.419 [http-nio-8080-exec-7] DEBUG org.hibernate.orm.results - Extracted JDBC value [16] - [null]
2026-02-15 16:58:42.419 [http-nio-8080-exec-7] DEBUG org.hibernate.orm.results - Extracted JDBC value [17] - [null]
2026-02-15 16:58:42.419 [http-nio-8080-exec-7] DEBUG org.hibernate.orm.results - Extracted JDBC value [18] - [2026-02-15T13:32:13.520267]
2026-02-15 16:58:42.419 [http-nio-8080-exec-7] DEBUG o.h.orm.results.loading.entity - (EntityResultInitializer) Done materializing entityInstance : com.example.physiokalendar.entity.Patient(269)#3516
2026-02-15 16:58:42.419 [http-nio-8080-exec-7] DEBUG org.hibernate.orm.results.loading - Calling top-level assembler (0 / 1) : org.hibernate.sql.results.graph.entity.internal.EntityAssembler@285ec95c
2026-02-15 16:58:42.419 [http-nio-8080-exec-7] DEBUG org.hibernate.orm.results - Extracted JDBC value [0] - [3517]
2026-02-15 16:58:42.419 [http-nio-8080-exec-7] DEBUG o.h.orm.results.loading.entity - (EntityResultInitializer) Hydrated EntityKey (com.example.physiokalendar.entity.Patient(269)): 3517
2026-02-15 16:58:42.419 [http-nio-8080-exec-7] DEBUG o.h.orm.results.loading.entity - (EntityResultInitializer) Created new entity instance [com.example.physiokalendar.entity.Patient(269)#3517] : 1617732783
2026-02-15 16:58:42.419 [http-nio-8080-exec-7] DEBUG org.hibernate.orm.results - Extracted JDBC value [1] - [2026-02-15T13:32:15]
2026-02-15 16:58:42.419 [http-nio-8080-exec-7] DEBUG org.hibernate.orm.results - Extracted JDBC value [2] - [2026-02-15T13:32:15]
2026-02-15 16:58:42.419 [http-nio-8080-exec-7] DEBUG org.hibernate.orm.results - Extracted JDBC value [3] - [null]
2026-02-15 16:58:42.420 [http-nio-8080-exec-7] DEBUG org.hibernate.orm.results - Extracted JDBC value [4] - [2026-02-15T13:32:15]
2026-02-15 16:58:42.420 [http-nio-8080-exec-7] DEBUG org.hibernate.orm.results - Extracted JDBC value [5] - [null]
2026-02-15 16:58:42.420 [http-nio-8080-exec-7] DEBUG org.hibernate.orm.results - Extracted JDBC value [6] - [null]
2026-02-15 16:58:42.420 [http-nio-8080-exec-7] DEBUG org.hibernate.orm.results - Extracted JDBC value [7] - [Rosemarie]
2026-02-15 16:58:42.420 [http-nio-8080-exec-7] DEBUG org.hibernate.orm.results - Extracted JDBC value [8] - [Rosemarie Dreßler]
2026-02-15 16:58:42.420 [http-nio-8080-exec-7] DEBUG org.hibernate.orm.results - Extracted JDBC value [9] - [null]
2026-02-15 16:58:42.420 [http-nio-8080-exec-7] DEBUG org.hibernate.orm.results - Extracted JDBC value [10] - [null]
2026-02-15 16:58:42.420 [http-nio-8080-exec-7] DEBUG org.hibernate.orm.results - Extracted JDBC value [11] - [true]
2026-02-15 16:58:42.420 [http-nio-8080-exec-7] DEBUG org.hibernate.orm.results - Extracted JDBC value [12] - [false]
2026-02-15 16:58:42.420 [http-nio-8080-exec-7] DEBUG org.hibernate.orm.results - Extracted JDBC value [13] - [Dreßler]
2026-02-15 16:58:42.420 [http-nio-8080-exec-7] DEBUG org.hibernate.orm.results - Extracted JDBC value [14] - [null]
2026-02-15 16:58:42.420 [http-nio-8080-exec-7] DEBUG org.hibernate.orm.results - Extracted JDBC value [15] - [null]
2026-02-15 16:58:42.420 [http-nio-8080-exec-7] DEBUG org.hibernate.orm.results - Extracted JDBC value [16] - [null]
2026-02-15 16:58:42.420 [http-nio-8080-exec-7] DEBUG org.hibernate.orm.results - Extracted JDBC value [17] - [null]
2026-02-15 16:58:42.420 [http-nio-8080-exec-7] DEBUG org.hibernate.orm.results - Extracted JDBC value [18] - [2026-02-15T13:32:14.758682]
2026-02-15 16:58:42.420 [http-nio-8080-exec-7] DEBUG o.h.orm.results.loading.entity - (EntityResultInitializer) Done materializing entityInstance : com.example.physiokalendar.entity.Patient(269)#3517
2026-02-15 16:58:42.420 [http-nio-8080-exec-7] DEBUG org.hibernate.orm.results.loading - Calling top-level assembler (0 / 1) : org.hibernate.sql.results.graph.entity.internal.EntityAssembler@285ec95c
2026-02-15 16:58:42.420 [http-nio-8080-exec-7] DEBUG org.hibernate.orm.results - Extracted JDBC value [0] - [3518]
2026-02-15 16:58:42.420 [http-nio-8080-exec-7] DEBUG o.h.orm.results.loading.entity - (EntityResultInitializer) Hydrated EntityKey (com.example.physiokalendar.entity.Patient(269)): 3518
2026-02-15 16:58:42.420 [http-nio-8080-exec-7] DEBUG o.h.orm.results.loading.entity - (EntityResultInitializer) Created new entity instance [com.example.physiokalendar.entity.Patient(269)#3518] : 1464550168
2026-02-15 16:58:42.420 [http-nio-8080-exec-7] DEBUG org.hibernate.orm.results - Extracted JDBC value [1] - [2026-02-15T13:32:16]
2026-02-15 16:58:42.420 [http-nio-8080-exec-7] DEBUG org.hibernate.orm.results - Extracted JDBC value [2] - [2026-02-15T13:32:16]
2026-02-15 16:58:42.421 [http-nio-8080-exec-7] DEBUG org.hibernate.orm.results - Extracted JDBC value [3] - [null]
2026-02-15 16:58:42.421 [http-nio-8080-exec-7] DEBUG org.hibernate.orm.results - Extracted JDBC value [4] - [2026-02-15T13:32:16]
2026-02-15 16:58:42.421 [http-nio-8080-exec-7] DEBUG org.hibernate.orm.results - Extracted JDBC value [5] - [null]
2026-02-15 16:58:42.421 [http-nio-8080-exec-7] DEBUG org.hibernate.orm.results - Extracted JDBC value [6] - [null]
2026-02-15 16:58:42.421 [http-nio-8080-exec-7] DEBUG org.hibernate.orm.results - Extracted JDBC value [7] - [Sarah]
2026-02-15 16:58:42.421 [http-nio-8080-exec-7] DEBUG org.hibernate.orm.results - Extracted JDBC value [8] - [Sarah Kusenberg]
2026-02-15 16:58:42.421 [http-nio-8080-exec-7] DEBUG org.hibernate.orm.results - Extracted JDBC value [9] - [null]
2026-02-15 16:58:42.421 [http-nio-8080-exec-7] DEBUG org.hibernate.orm.results - Extracted JDBC value [10] - [null]
2026-02-15 16:58:42.421 [http-nio-8080-exec-7] DEBUG org.hibernate.orm.results - Extracted JDBC value [11] - [true]
2026-02-15 16:58:42.421 [http-nio-8080-exec-7] DEBUG org.hibernate.orm.results - Extracted JDBC value [12] - [false]
2026-02-15 16:58:42.421 [http-nio-8080-exec-7] DEBUG org.hibernate.orm.results - Extracted JDBC value [13] - [Kusenberg]
2026-02-15 16:58:42.421 [http-nio-8080-exec-7] DEBUG org.hibernate.orm.results - Extracted JDBC value [14] - [null]
2026-02-15 16:58:42.421 [http-nio-8080-exec-7] DEBUG org.hibernate.orm.results - Extracted JDBC value [15] - [null]
2026-02-15 16:58:42.421 [http-nio-8080-exec-7] DEBUG org.hibernate.orm.results - Extracted JDBC value [16] - [null]
2026-02-15 16:58:42.421 [http-nio-8080-exec-7] DEBUG org.hibernate.orm.results - Extracted JDBC value [17] - [null]
2026-02-15 16:58:42.421 [http-nio-8080-exec-7] DEBUG org.hibernate.orm.results - Extracted JDBC value [18] - [2026-02-15T13:32:16.349629]
2026-02-15 16:58:42.421 [http-nio-8080-exec-7] DEBUG o.h.orm.results.loading.entity - (EntityResultInitializer) Done materializing entityInstance : com.example.physiokalendar.entity.Patient(269)#3518
2026-02-15 16:58:42.421 [http-nio-8080-exec-7] DEBUG org.hibernate.orm.results.loading - Calling top-level assembler (0 / 1) : org.hibernate.sql.results.graph.entity.internal.EntityAssembler@285ec95c
2026-02-15 16:58:42.421 [http-nio-8080-exec-7] DEBUG org.hibernate.orm.results - Extracted JDBC value [0] - [3519]
2026-02-15 16:58:42.421 [http-nio-8080-exec-7] DEBUG o.h.orm.results.loading.entity - (EntityResultInitializer) Hydrated EntityKey (com.example.physiokalendar.entity.Patient(269)): 3519
2026-02-15 16:58:42.421 [http-nio-8080-exec-7] DEBUG o.h.orm.results.loading.entity - (EntityResultInitializer) Created new entity instance [com.example.physiokalendar.entity.Patient(269)#3519] : 2048180926
2026-02-15 16:58:42.421 [http-nio-8080-exec-7] DEBUG org.hibernate.orm.results - Extracted JDBC value [1] - [2026-02-15T13:32:17]
2026-02-15 16:58:42.422 [http-nio-8080-exec-7] DEBUG org.hibernate.orm.results - Extracted JDBC value [2] - [2026-02-15T13:32:17]
2026-02-15 16:58:42.422 [http-nio-8080-exec-7] DEBUG org.hibernate.orm.results - Extracted JDBC value [3] - [null]
2026-02-15 16:58:42.422 [http-nio-8080-exec-7] DEBUG org.hibernate.orm.results - Extracted JDBC value [4] - [2026-02-15T13:32:17]
2026-02-15 16:58:42.422 [http-nio-8080-exec-7] DEBUG org.hibernate.orm.results - Extracted JDBC value [5] - [null]
2026-02-15 16:58:42.422 [http-nio-8080-exec-7] DEBUG org.hibernate.orm.results - Extracted JDBC value [6] - [null]
2026-02-15 16:58:42.422 [http-nio-8080-exec-7] DEBUG org.hibernate.orm.results - Extracted JDBC value [7] - [Barbara UW]
2026-02-15 16:58:42.422 [http-nio-8080-exec-7] DEBUG org.hibernate.orm.results - Extracted JDBC value [8] - [Barbara UW Keding]
2026-02-15 16:58:42.422 [http-nio-8080-exec-7] DEBUG org.hibernate.orm.results - Extracted JDBC value [9] - [null]
2026-02-15 16:58:42.422 [http-nio-8080-exec-7] DEBUG org.hibernate.orm.results - Extracted JDBC value [10] - [null]
2026-02-15 16:58:42.422 [http-nio-8080-exec-7] DEBUG org.hibernate.orm.results - Extracted JDBC value [11] - [true]
2026-02-15 16:58:42.422 [http-nio-8080-exec-7] DEBUG org.hibernate.orm.results - Extracted JDBC value [12] - [false]
2026-02-15 16:58:42.422 [http-nio-8080-exec-7] DEBUG org.hibernate.orm.results - Extracted JDBC value [13] - [Keding]
2026-02-15 16:58:42.422 [http-nio-8080-exec-7] DEBUG org.hibernate.orm.results - Extracted JDBC value [14] - [null]
2026-02-15 16:58:42.422 [http-nio-8080-exec-7] DEBUG org.hibernate.orm.results - Extracted JDBC value [15] - [null]
2026-02-15 16:58:42.422 [http-nio-8080-exec-7] DEBUG org.hibernate.orm.results - Extracted JDBC value [16] - [null]
2026-02-15 16:58:42.422 [http-nio-8080-exec-7] DEBUG org.hibernate.orm.results - Extracted JDBC value [17] - [null]
2026-02-15 16:58:42.422 [http-nio-8080-exec-7] DEBUG org.hibernate.orm.results - Extracted JDBC value [18] - [2026-02-15T13:32:16.882379]
2026-02-15 16:58:42.422 [http-nio-8080-exec-7] DEBUG o.h.orm.results.loading.entity - (EntityResultInitializer) Done materializing entityInstance : com.example.physiokalendar.entity.Patient(269)#3519
2026-02-15 16:58:42.422 [http-nio-8080-exec-7] DEBUG org.hibernate.orm.results.loading - Calling top-level assembler (0 / 1) : org.hibernate.sql.results.graph.entity.internal.EntityAssembler@285ec95c
2026-02-15 16:58:42.422 [http-nio-8080-exec-7] DEBUG org.hibernate.orm.results - Extracted JDBC value [0] - [3520]
2026-02-15 16:58:42.422 [http-nio-8080-exec-7] DEBUG o.h.orm.results.loading.entity - (EntityResultInitializer) Hydrated EntityKey (com.example.physiokalendar.entity.Patient(269)): 3520
2026-02-15 16:58:42.422 [http-nio-8080-exec-7] DEBUG o.h.orm.results.loading.entity - (EntityResultInitializer) Created new entity instance [com.example.physiokalendar.entity.Patient(269)#3520] : 1649729184
2026-02-15 16:58:42.422 [http-nio-8080-exec-7] DEBUG org.hibernate.orm.results - Extracted JDBC value [1] - [2026-02-15T13:32:18]
2026-02-15 16:58:42.422 [http-nio-8080-exec-7] DEBUG org.hibernate.orm.results - Extracted JDBC value [2] - [2026-02-15T13:32:18]
2026-02-15 16:58:42.422 [http-nio-8080-exec-7] DEBUG org.hibernate.orm.results - Extracted JDBC value [3] - [null]
2026-02-15 16:58:42.422 [http-nio-8080-exec-7] DEBUG org.hibernate.orm.results - Extracted JDBC value [4] - [2026-02-15T13:32:18]
2026-02-15 16:58:42.422 [http-nio-8080-exec-7] DEBUG org.hibernate.orm.results - Extracted JDBC value [5] - [null]
2026-02-15 16:58:42.422 [http-nio-8080-exec-7] DEBUG org.hibernate.orm.results - Extracted JDBC value [6] - [null]
2026-02-15 16:58:42.422 [http-nio-8080-exec-7] DEBUG org.hibernate.orm.results - Extracted JDBC value [7] - [Kirsten]
2026-02-15 16:58:42.422 [http-nio-8080-exec-7] DEBUG org.hibernate.orm.results - Extracted JDBC value [8] - [Kirsten Vetter]
2026-02-15 16:58:42.422 [http-nio-8080-exec-7] DEBUG org.hibernate.orm.results - Extracted JDBC value [9] - [null]
2026-02-15 16:58:42.422 [http-nio-8080-exec-7] DEBUG org.hibernate.orm.results - Extracted JDBC value [10] - [null]
2026-02-15 16:58:42.422 [http-nio-8080-exec-7] DEBUG org.hibernate.orm.results - Extracted JDBC value [11] - [true]
2026-02-15 16:58:42.422 [http-nio-8080-exec-7] DEBUG org.hibernate.orm.results - Extracted JDBC value [12] - [false]
2026-02-15 16:58:42.422 [http-nio-8080-exec-7] DEBUG org.hibernate.orm.results - Extracted JDBC value [13] - [Vetter]
2026-02-15 16:58:42.422 [http-nio-8080-exec-7] DEBUG org.hibernate.orm.results - Extracted JDBC value [14] - [null]
2026-02-15 16:58:42.422 [http-nio-8080-exec-7] DEBUG org.hibernate.orm.results - Extracted JDBC value [15] - [null]
2026-02-15 16:58:42.422 [http-nio-8080-exec-7] DEBUG org.hibernate.orm.results - Extracted JDBC value [16] - [null]
2026-02-15 16:58:42.422 [http-nio-8080-exec-7] DEBUG org.hibernate.orm.results - Extracted JDBC value [17] - [null]
2026-02-15 16:58:42.422 [http-nio-8080-exec-7] DEBUG org.hibernate.orm.results - Extracted JDBC value [18] - [2026-02-15T13:32:17.678106]
2026-02-15 16:58:42.422 [http-nio-8080-exec-7] DEBUG o.h.orm.results.loading.entity - (EntityResultInitializer) Done materializing entityInstance : com.example.physiokalendar.entity.Patient(269)#3520
2026-02-15 16:58:42.422 [http-nio-8080-exec-7] DEBUG org.hibernate.orm.results.loading - Calling top-level assembler (0 / 1) : org.hibernate.sql.results.graph.entity.internal.EntityAssembler@285ec95c
2026-02-15 16:58:42.422 [http-nio-8080-exec-7] DEBUG org.hibernate.orm.results - Extracted JDBC value [0] - [3521]
2026-02-15 16:58:42.422 [http-nio-8080-exec-7] DEBUG o.h.orm.results.loading.entity - (EntityResultInitializer) Hydrated EntityKey (com.example.physiokalendar.entity.Patient(269)): 3521
2026-02-15 16:58:42.422 [http-nio-8080-exec-7] DEBUG o.h.orm.results.loading.entity - (EntityResultInitializer) Created new entity instance [com.example.physiokalendar.entity.Patient(269)#3521] : 1738033049
2026-02-15 16:58:42.423 [http-nio-8080-exec-7] DEBUG org.hibernate.orm.results - Extracted JDBC value [1] - [2026-02-15T13:32:25]
2026-02-15 16:58:42.423 [http-nio-8080-exec-7] DEBUG org.hibernate.orm.results - Extracted JDBC value [2] - [2026-02-15T13:32:25]
2026-02-15 16:58:42.423 [http-nio-8080-exec-7] DEBUG org.hibernate.orm.results - Extracted JDBC value [3] - [null]
2026-02-15 16:58:42.423 [http-nio-8080-exec-7] DEBUG org.hibernate.orm.results - Extracted JDBC value [4] - [2026-02-15T13:32:25]
2026-02-15 16:58:42.423 [http-nio-8080-exec-7] DEBUG org.hibernate.orm.results - Extracted JDBC value [5] - [null]
2026-02-15 16:58:42.423 [http-nio-8080-exec-7] DEBUG org.hibernate.orm.results - Extracted JDBC value [6] - [null]
2026-02-15 16:58:42.423 [http-nio-8080-exec-7] DEBUG org.hibernate.orm.results - Extracted JDBC value [7] - [Dieter]
2026-02-15 16:58:42.423 [http-nio-8080-exec-7] DEBUG org.hibernate.orm.results - Extracted JDBC value [8] - [Dieter Krell]
2026-02-15 16:58:42.423 [http-nio-8080-exec-7] DEBUG org.hibernate.orm.results - Extracted JDBC value [9] - [null]
2026-02-15 16:58:42.423 [http-nio-8080-exec-7] DEBUG org.hibernate.orm.results - Extracted JDBC value [10] - [null]
2026-02-15 16:58:42.423 [http-nio-8080-exec-7] DEBUG org.hibernate.orm.results - Extracted JDBC value [11] - [true]
2026-02-15 16:58:42.423 [http-nio-8080-exec-7] DEBUG org.hibernate.orm.results - Extracted JDBC value [12] - [false]
2026-02-15 16:58:42.423 [http-nio-8080-exec-7] DEBUG org.hibernate.orm.results - Extracted JDBC value [13] - [Krell]
2026-02-15 16:58:42.423 [http-nio-8080-exec-7] DEBUG org.hibernate.orm.results - Extracted JDBC value [14] - [null]
2026-02-15 16:58:42.424 [http-nio-8080-exec-7] DEBUG org.hibernate.orm.results - Extracted JDBC value [15] - [null]
2026-02-15 16:58:42.424 [http-nio-8080-exec-7] DEBUG org.hibernate.orm.results - Extracted JDBC value [16] - [null]
2026-02-15 16:58:42.424 [http-nio-8080-exec-7] DEBUG org.hibernate.orm.results - Extracted JDBC value [17] - [null]
2026-02-15 16:58:42.424 [http-nio-8080-exec-7] DEBUG org.hibernate.orm.results - Extracted JDBC value [18] - [2026-02-15T13:32:25.031270]
2026-02-15 16:58:42.424 [http-nio-8080-exec-7] DEBUG o.h.orm.results.loading.entity - (EntityResultInitializer) Done materializing entityInstance : com.example.physiokalendar.entity.Patient(269)#3521
2026-02-15 16:58:42.424 [http-nio-8080-exec-7] DEBUG org.hibernate.orm.results.loading - Calling top-level assembler (0 / 1) : org.hibernate.sql.results.graph.entity.internal.EntityAssembler@285ec95c
2026-02-15 16:58:42.424 [http-nio-8080-exec-7] DEBUG org.hibernate.orm.results - Extracted JDBC value [0] - [3522]
2026-02-15 16:58:42.424 [http-nio-8080-exec-7] DEBUG o.h.orm.results.loading.entity - (EntityResultInitializer) Hydrated EntityKey (com.example.physiokalendar.entity.Patient(269)): 3522
2026-02-15 16:58:42.424 [http-nio-8080-exec-7] DEBUG o.h.orm.results.loading.entity - (EntityResultInitializer) Created new entity instance [com.example.physiokalendar.entity.Patient(269)#3522] : 1791396849
2026-02-15 16:58:42.424 [http-nio-8080-exec-7] DEBUG org.hibernate.orm.results - Extracted JDBC value [1] - [2026-02-15T13:32:25]
2026-02-15 16:58:42.424 [http-nio-8080-exec-7] DEBUG org.hibernate.orm.results - Extracted JDBC value [2] - [2026-02-15T13:32:25]
2026-02-15 16:58:42.424 [http-nio-8080-exec-7] DEBUG org.hibernate.orm.results - Extracted JDBC value [3] - [null]
2026-02-15 16:58:42.424 [http-nio-8080-exec-7] DEBUG org.hibernate.orm.results - Extracted JDBC value [4] - [2026-02-15T13:32:25]
2026-02-15 16:58:42.424 [http-nio-8080-exec-7] DEBUG org.hibernate.orm.results - Extracted JDBC value [5] - [null]
2026-02-15 16:58:42.424 [http-nio-8080-exec-7] DEBUG org.hibernate.orm.results - Extracted JDBC value [6] - [null]
2026-02-15 16:58:42.424 [http-nio-8080-exec-7] DEBUG org.hibernate.orm.results - Extracted JDBC value [7] - [Stefan]
2026-02-15 16:58:42.424 [http-nio-8080-exec-7] DEBUG org.hibernate.orm.results - Extracted JDBC value [8] - [Stefan Schneider]
2026-02-15 16:58:42.424 [http-nio-8080-exec-7] DEBUG org.hibernate.orm.results - Extracted JDBC value [9] - [null]
2026-02-15 16:58:42.424 [http-nio-8080-exec-7] DEBUG org.hibernate.orm.results - Extracted JDBC value [10] - [null]
2026-02-15 16:58:42.424 [http-nio-8080-exec-7] DEBUG org.hibernate.orm.results - Extracted JDBC value [11] - [true]
2026-02-15 16:58:42.424 [http-nio-8080-exec-7] DEBUG org.hibernate.orm.results - Extracted JDBC value [12] - [false]
2026-02-15 16:58:42.424 [http-nio-8080-exec-7] DEBUG org.hibernate.orm.results - Extracted JDBC value [13] - [Schneider]
2026-02-15 16:58:42.424 [http-nio-8080-exec-7] DEBUG org.hibernate.orm.results - Extracted JDBC value [14] - [null]
2026-02-15 16:58:42.424 [http-nio-8080-exec-7] DEBUG org.hibernate.orm.results - Extracted JDBC value [15] - [null]
2026-02-15 16:58:42.424 [http-nio-8080-exec-7] DEBUG org.hibernate.orm.results - Extracted JDBC value [16] - [null]
2026-02-15 16:58:42.424 [http-nio-8080-exec-7] DEBUG org.hibernate.orm.results - Extracted JDBC value [17] - [null]
2026-02-15 16:58:42.424 [http-nio-8080-exec-7] DEBUG org.hibernate.orm.results - Extracted JDBC value [18] - [2026-02-15T13:32:25.396885]
2026-02-15 16:58:42.424 [http-nio-8080-exec-7] DEBUG o.h.orm.results.loading.entity - (EntityResultInitializer) Done materializing entityInstance : com.example.physiokalendar.entity.Patient(269)#3522
2026-02-15 16:58:42.425 [http-nio-8080-exec-7] DEBUG org.hibernate.orm.results.loading - Calling top-level assembler (0 / 1) : org.hibernate.sql.results.graph.entity.internal.EntityAssembler@285ec95c
2026-02-15 16:58:42.425 [http-nio-8080-exec-7] DEBUG org.hibernate.orm.results - Extracted JDBC value [0] - [3523]
2026-02-15 16:58:42.425 [http-nio-8080-exec-7] DEBUG o.h.orm.results.loading.entity - (EntityResultInitializer) Hydrated EntityKey (com.example.physiokalendar.entity.Patient(269)): 3523
2026-02-15 16:58:42.425 [http-nio-8080-exec-7] DEBUG o.h.orm.results.loading.entity - (EntityResultInitializer) Created new entity instance [com.example.physiokalendar.entity.Patient(269)#3523] : 907781413
2026-02-15 16:58:42.425 [http-nio-8080-exec-7] DEBUG org.hibernate.orm.results - Extracted JDBC value [1] - [2026-02-15T13:32:26]
2026-02-15 16:58:42.425 [http-nio-8080-exec-7] DEBUG org.hibernate.orm.results - Extracted JDBC value [2] - [2026-02-15T13:32:26]
2026-02-15 16:58:42.425 [http-nio-8080-exec-7] DEBUG org.hibernate.orm.results - Extracted JDBC value [3] - [null]
2026-02-15 16:58:42.425 [http-nio-8080-exec-7] DEBUG org.hibernate.orm.results - Extracted JDBC value [4] - [2026-02-15T13:32:26]
2026-02-15 16:58:42.425 [http-nio-8080-exec-7] DEBUG org.hibernate.orm.results - Extracted JDBC value [5] - [null]
2026-02-15 16:58:42.425 [http-nio-8080-exec-7] DEBUG org.hibernate.orm.results - Extracted JDBC value [6] - [null]
2026-02-15 16:58:42.425 [http-nio-8080-exec-7] DEBUG org.hibernate.orm.results - Extracted JDBC value [7] - [Petra]
2026-02-15 16:58:42.425 [http-nio-8080-exec-7] DEBUG org.hibernate.orm.results - Extracted JDBC value [8] - [Petra Stiller]
2026-02-15 16:58:42.425 [http-nio-8080-exec-7] DEBUG org.hibernate.orm.results - Extracted JDBC value [9] - [null]
2026-02-15 16:58:42.425 [http-nio-8080-exec-7] DEBUG org.hibernate.orm.results - Extracted JDBC value [10] - [null]
2026-02-15 16:58:42.425 [http-nio-8080-exec-7] DEBUG org.hibernate.orm.results - Extracted JDBC value [11] - [true]
2026-02-15 16:58:42.425 [http-nio-8080-exec-7] DEBUG org.hibernate.orm.results - Extracted JDBC value [12] - [false]
2026-02-15 16:58:42.425 [http-nio-8080-exec-7] DEBUG org.hibernate.orm.results - Extracted JDBC value [13] - [Stiller]
2026-02-15 16:58:42.425 [http-nio-8080-exec-7] DEBUG org.hibernate.orm.results - Extracted JDBC value [14] - [null]
2026-02-15 16:58:42.425 [http-nio-8080-exec-7] DEBUG org.hibernate.orm.results - Extracted JDBC value [15] - [null]
2026-02-15 16:58:42.425 [http-nio-8080-exec-7] DEBUG org.hibernate.orm.results - Extracted JDBC value [16] - [null]
2026-02-15 16:58:42.425 [http-nio-8080-exec-7] DEBUG org.hibernate.orm.results - Extracted JDBC value [17] - [null]
2026-02-15 16:58:42.425 [http-nio-8080-exec-7] DEBUG org.hibernate.orm.results - Extracted JDBC value [18] - [2026-02-15T13:32:25.999944]
2026-02-15 16:58:42.426 [http-nio-8080-exec-7] DEBUG o.h.orm.results.loading.entity - (EntityResultInitializer) Done materializing entityInstance : com.example.physiokalendar.entity.Patient(269)#3523
2026-02-15 16:58:42.426 [http-nio-8080-exec-7] DEBUG org.hibernate.orm.results.loading - Calling top-level assembler (0 / 1) : org.hibernate.sql.results.graph.entity.internal.EntityAssembler@285ec95c
2026-02-15 16:58:42.426 [http-nio-8080-exec-7] DEBUG org.hibernate.orm.results - Extracted JDBC value [0] - [3524]
2026-02-15 16:58:42.426 [http-nio-8080-exec-7] DEBUG o.h.orm.results.loading.entity - (EntityResultInitializer) Hydrated EntityKey (com.example.physiokalendar.entity.Patient(269)): 3524
2026-02-15 16:58:42.426 [http-nio-8080-exec-7] DEBUG o.h.orm.results.loading.entity - (EntityResultInitializer) Created new entity instance [com.example.physiokalendar.entity.Patient(269)#3524] : 1920916632
2026-02-15 16:58:42.426 [http-nio-8080-exec-7] DEBUG org.hibernate.orm.results - Extracted JDBC value [1] - [2026-02-15T13:32:27]
2026-02-15 16:58:42.426 [http-nio-8080-exec-7] DEBUG org.hibernate.orm.results - Extracted JDBC value [2] - [2026-02-15T13:32:27]
2026-02-15 16:58:42.426 [http-nio-8080-exec-7] DEBUG org.hibernate.orm.results - Extracted JDBC value [3] - [null]
2026-02-15 16:58:42.426 [http-nio-8080-exec-7] DEBUG org.hibernate.orm.results - Extracted JDBC value [4] - [2026-02-15T13:32:27]
2026-02-15 16:58:42.426 [http-nio-8080-exec-7] DEBUG org.hibernate.orm.results - Extracted JDBC value [5] - [null]
2026-02-15 16:58:42.426 [http-nio-8080-exec-7] DEBUG org.hibernate.orm.results - Extracted JDBC value [6] - [null]
2026-02-15 16:58:42.426 [http-nio-8080-exec-7] DEBUG org.hibernate.orm.results - Extracted JDBC value [7] - [Sabine GW/ Hartwig, Ninja UW]
2026-02-15 16:58:42.426 [http-nio-8080-exec-7] DEBUG org.hibernate.orm.results - Extracted JDBC value [8] - [Sabine GW/ Hartwig, Ninja UW Gläser]
2026-02-15 16:58:42.426 [http-nio-8080-exec-7] DEBUG org.hibernate.orm.results - Extracted JDBC value [9] - [null]
2026-02-15 16:58:42.426 [http-nio-8080-exec-7] DEBUG org.hibernate.orm.results - Extracted JDBC value [10] - [null]
2026-02-15 16:58:42.426 [http-nio-8080-exec-7] DEBUG org.hibernate.orm.results - Extracted JDBC value [11] - [true]
2026-02-15 16:58:42.426 [http-nio-8080-exec-7] DEBUG org.hibernate.orm.results - Extracted JDBC value [12] - [false]
2026-02-15 16:58:42.426 [http-nio-8080-exec-7] DEBUG org.hibernate.orm.results - Extracted JDBC value [13] - [Gläser]
2026-02-15 16:58:42.426 [http-nio-8080-exec-7] DEBUG org.hibernate.orm.results - Extracted JDBC value [14] - [null]
2026-02-15 16:58:42.427 [http-nio-8080-exec-7] DEBUG org.hibernate.orm.results - Extracted JDBC value [15] - [null]
2026-02-15 16:58:42.427 [http-nio-8080-exec-7] DEBUG org.hibernate.orm.results - Extracted JDBC value [16] - [null]
2026-02-15 16:58:42.427 [http-nio-8080-exec-7] DEBUG org.hibernate.orm.results - Extracted JDBC value [17] - [null]
2026-02-15 16:58:42.427 [http-nio-8080-exec-7] DEBUG org.hibernate.orm.results - Extracted JDBC value [18] - [2026-02-15T13:32:27.001844]
2026-02-15 16:58:42.427 [http-nio-8080-exec-7] DEBUG o.h.orm.results.loading.entity - (EntityResultInitializer) Done materializing entityInstance : com.example.physiokalendar.entity.Patient(269)#3524
2026-02-15 16:58:42.427 [http-nio-8080-exec-7] DEBUG org.hibernate.orm.results.loading - Calling top-level assembler (0 / 1) : org.hibernate.sql.results.graph.entity.internal.EntityAssembler@285ec95c
2026-02-15 16:58:42.427 [http-nio-8080-exec-7] DEBUG org.hibernate.orm.results - Extracted JDBC value [0] - [3525]
2026-02-15 16:58:42.427 [http-nio-8080-exec-7] DEBUG o.h.orm.results.loading.entity - (EntityResultInitializer) Hydrated EntityKey (com.example.physiokalendar.entity.Patient(269)): 3525
2026-02-15 16:58:42.427 [http-nio-8080-exec-7] DEBUG o.h.orm.results.loading.entity - (EntityResultInitializer) Created new entity instance [com.example.physiokalendar.entity.Patient(269)#3525] : 1476389313
2026-02-15 16:58:42.427 [http-nio-8080-exec-7] DEBUG org.hibernate.orm.results - Extracted JDBC value [1] - [2026-02-15T13:32:30]
2026-02-15 16:58:42.427 [http-nio-8080-exec-7] DEBUG org.hibernate.orm.results - Extracted JDBC value [2] - [2026-02-15T13:32:30]
2026-02-15 16:58:42.427 [http-nio-8080-exec-7] DEBUG org.hibernate.orm.results - Extracted JDBC value [3] - [null]
2026-02-15 16:58:42.427 [http-nio-8080-exec-7] DEBUG org.hibernate.orm.results - Extracted JDBC value [4] - [2026-02-15T13:32:30]
2026-02-15 16:58:42.427 [http-nio-8080-exec-7] DEBUG org.hibernate.orm.results - Extracted JDBC value [5] - [null]
2026-02-15 16:58:42.427 [http-nio-8080-exec-7] DEBUG org.hibernate.orm.results - Extracted JDBC value [6] - [null]
2026-02-15 16:58:42.427 [http-nio-8080-exec-7] DEBUG org.hibernate.orm.results - Extracted JDBC value [7] - [Niklas]
2026-02-15 16:58:42.427 [http-nio-8080-exec-7] DEBUG org.hibernate.orm.results - Extracted JDBC value [8] - [Niklas Goldschmidt]
2026-02-15 16:58:42.427 [http-nio-8080-exec-7] DEBUG org.hibernate.orm.results - Extracted JDBC value [9] - [null]
2026-02-15 16:58:42.427 [http-nio-8080-exec-7] DEBUG org.hibernate.orm.results - Extracted JDBC value [10] - [null]
2026-02-15 16:58:42.427 [http-nio-8080-exec-7] DEBUG org.hibernate.orm.results - Extracted JDBC value [11] - [true]
2026-02-15 16:58:42.427 [http-nio-8080-exec-7] DEBUG org.hibernate.orm.results - Extracted JDBC value [12] - [false]
2026-02-15 16:58:42.427 [http-nio-8080-exec-7] DEBUG org.hibernate.orm.results - Extracted JDBC value [13] - [Goldschmidt]
2026-02-15 16:58:42.427 [http-nio-8080-exec-7] DEBUG org.hibernate.orm.results - Extracted JDBC value [14] - [null]
2026-02-15 16:58:42.427 [http-nio-8080-exec-7] DEBUG org.hibernate.orm.results - Extracted JDBC value [15] - [null]
2026-02-15 16:58:42.427 [http-nio-8080-exec-7] DEBUG org.hibernate.orm.results - Extracted JDBC value [16] - [null]
2026-02-15 16:58:42.427 [http-nio-8080-exec-7] DEBUG org.hibernate.orm.results - Extracted JDBC value [17] - [null]
2026-02-15 16:58:42.428 [http-nio-8080-exec-7] DEBUG org.hibernate.orm.results - Extracted JDBC value [18] - [2026-02-15T13:32:29.608614]
2026-02-15 16:58:42.428 [http-nio-8080-exec-7] DEBUG o.h.orm.results.loading.entity - (EntityResultInitializer) Done materializing entityInstance : com.example.physiokalendar.entity.Patient(269)#3525
2026-02-15 16:58:42.428 [http-nio-8080-exec-7] DEBUG org.hibernate.orm.results.loading - Calling top-level assembler (0 / 1) : org.hibernate.sql.results.graph.entity.internal.EntityAssembler@285ec95c
2026-02-15 16:58:42.428 [http-nio-8080-exec-7] DEBUG org.hibernate.orm.results - Extracted JDBC value [0] - [3526]
2026-02-15 16:58:42.428 [http-nio-8080-exec-7] DEBUG o.h.orm.results.loading.entity - (EntityResultInitializer) Hydrated EntityKey (com.example.physiokalendar.entity.Patient(269)): 3526
2026-02-15 16:58:42.428 [http-nio-8080-exec-7] DEBUG o.h.orm.results.loading.entity - (EntityResultInitializer) Created new entity instance [com.example.physiokalendar.entity.Patient(269)#3526] : 163080652
2026-02-15 16:58:42.428 [http-nio-8080-exec-7] DEBUG org.hibernate.orm.results - Extracted JDBC value [1] - [2026-02-15T13:32:30]
2026-02-15 16:58:42.428 [http-nio-8080-exec-7] DEBUG org.hibernate.orm.results - Extracted JDBC value [2] - [2026-02-15T13:32:30]
2026-02-15 16:58:42.428 [http-nio-8080-exec-7] DEBUG org.hibernate.orm.results - Extracted JDBC value [3] - [null]
2026-02-15 16:58:42.428 [http-nio-8080-exec-7] DEBUG org.hibernate.orm.results - Extracted JDBC value [4] - [2026-02-15T13:32:30]
2026-02-15 16:58:42.428 [http-nio-8080-exec-7] DEBUG org.hibernate.orm.results - Extracted JDBC value [5] - [null]
2026-02-15 16:58:42.428 [http-nio-8080-exec-7] DEBUG org.hibernate.orm.results - Extracted JDBC value [6] - [null]
2026-02-15 16:58:42.428 [http-nio-8080-exec-7] DEBUG org.hibernate.orm.results - Extracted JDBC value [7] - [Leon]
2026-02-15 16:58:42.428 [http-nio-8080-exec-7] DEBUG org.hibernate.orm.results - Extracted JDBC value [8] - [Leon Ufer]
2026-02-15 16:58:42.428 [http-nio-8080-exec-7] DEBUG org.hibernate.orm.results - Extracted JDBC value [9] - [null]
2026-02-15 16:58:42.428 [http-nio-8080-exec-7] DEBUG org.hibernate.orm.results - Extracted JDBC value [10] - [null]
2026-02-15 16:58:42.428 [http-nio-8080-exec-7] DEBUG org.hibernate.orm.results - Extracted JDBC value [11] - [true]
2026-02-15 16:58:42.428 [http-nio-8080-exec-7] DEBUG org.hibernate.orm.results - Extracted JDBC value [12] - [false]
2026-02-15 16:58:42.428 [http-nio-8080-exec-7] DEBUG org.hibernate.orm.results - Extracted JDBC value [13] - [Ufer]
2026-02-15 16:58:42.428 [http-nio-8080-exec-7] DEBUG org.hibernate.orm.results - Extracted JDBC value [14] - [null]
2026-02-15 16:58:42.428 [http-nio-8080-exec-7] DEBUG org.hibernate.orm.results - Extracted JDBC value [15] - [null]
2026-02-15 16:58:42.428 [http-nio-8080-exec-7] DEBUG org.hibernate.orm.results - Extracted JDBC value [16] - [null]
2026-02-15 16:58:42.428 [http-nio-8080-exec-7] DEBUG org.hibernate.orm.results - Extracted JDBC value [17] - [null]
2026-02-15 16:58:42.428 [http-nio-8080-exec-7] DEBUG org.hibernate.orm.results - Extracted JDBC value [18] - [2026-02-15T13:32:30.099656]
2026-02-15 16:58:42.428 [http-nio-8080-exec-7] DEBUG o.h.orm.results.loading.entity - (EntityResultInitializer) Done materializing entityInstance : com.example.physiokalendar.entity.Patient(269)#3526
2026-02-15 16:58:42.429 [http-nio-8080-exec-7] DEBUG org.hibernate.orm.results.loading - Calling top-level assembler (0 / 1) : org.hibernate.sql.results.graph.entity.internal.EntityAssembler@285ec95c
2026-02-15 16:58:42.429 [http-nio-8080-exec-7] DEBUG org.hibernate.orm.results - Extracted JDBC value [0] - [3527]
2026-02-15 16:58:42.429 [http-nio-8080-exec-7] DEBUG o.h.orm.results.loading.entity - (EntityResultInitializer) Hydrated EntityKey (com.example.physiokalendar.entity.Patient(269)): 3527
2026-02-15 16:58:42.429 [http-nio-8080-exec-7] DEBUG o.h.orm.results.loading.entity - (EntityResultInitializer) Created new entity instance [com.example.physiokalendar.entity.Patient(269)#3527] : 1650579283
2026-02-15 16:58:42.429 [http-nio-8080-exec-7] DEBUG org.hibernate.orm.results - Extracted JDBC value [1] - [2026-02-15T13:32:34]
2026-02-15 16:58:42.429 [http-nio-8080-exec-7] DEBUG org.hibernate.orm.results - Extracted JDBC value [2] - [2026-02-15T13:32:34]
2026-02-15 16:58:42.429 [http-nio-8080-exec-7] DEBUG org.hibernate.orm.results - Extracted JDBC value [3] - [null]
2026-02-15 16:58:42.429 [http-nio-8080-exec-7] DEBUG org.hibernate.orm.results - Extracted JDBC value [4] - [2026-02-15T13:32:34]
2026-02-15 16:58:42.429 [http-nio-8080-exec-7] DEBUG org.hibernate.orm.results - Extracted JDBC value [5] - [null]
2026-02-15 16:58:42.429 [http-nio-8080-exec-7] DEBUG org.hibernate.orm.results - Extracted JDBC value [6] - [null]
2026-02-15 16:58:42.429 [http-nio-8080-exec-7] DEBUG org.hibernate.orm.results - Extracted JDBC value [7] - [Meik GW]
2026-02-15 16:58:42.429 [http-nio-8080-exec-7] DEBUG org.hibernate.orm.results - Extracted JDBC value [8] - [Meik GW Noss]
2026-02-15 16:58:42.429 [http-nio-8080-exec-7] DEBUG org.hibernate.orm.results - Extracted JDBC value [9] - [null]
2026-02-15 16:58:42.429 [http-nio-8080-exec-7] DEBUG org.hibernate.orm.results - Extracted JDBC value [10] - [null]
2026-02-15 16:58:42.429 [http-nio-8080-exec-7] DEBUG org.hibernate.orm.results - Extracted JDBC value [11] - [true]
2026-02-15 16:58:42.429 [http-nio-8080-exec-7] DEBUG org.hibernate.orm.results - Extracted JDBC value [12] - [false]
2026-02-15 16:58:42.429 [http-nio-8080-exec-7] DEBUG org.hibernate.orm.results - Extracted JDBC value [13] - [Noss]
2026-02-15 16:58:42.429 [http-nio-8080-exec-7] DEBUG org.hibernate.orm.results - Extracted JDBC value [14] - [null]
2026-02-15 16:58:42.429 [http-nio-8080-exec-7] DEBUG org.hibernate.orm.results - Extracted JDBC value [15] - [null]
2026-02-15 16:58:42.429 [http-nio-8080-exec-7] DEBUG org.hibernate.orm.results - Extracted JDBC value [16] - [null]
2026-02-15 16:58:42.430 [http-nio-8080-exec-7] DEBUG org.hibernate.orm.results - Extracted JDBC value [17] - [null]
2026-02-15 16:58:42.430 [http-nio-8080-exec-7] DEBUG org.hibernate.orm.results - Extracted JDBC value [18] - [2026-02-15T13:32:34.068817]
2026-02-15 16:58:42.430 [http-nio-8080-exec-7] DEBUG o.h.orm.results.loading.entity - (EntityResultInitializer) Done materializing entityInstance : com.example.physiokalendar.entity.Patient(269)#3527
2026-02-15 16:58:42.430 [http-nio-8080-exec-7] DEBUG org.hibernate.orm.results.loading - Calling top-level assembler (0 / 1) : org.hibernate.sql.results.graph.entity.internal.EntityAssembler@285ec95c
2026-02-15 16:58:42.430 [http-nio-8080-exec-7] DEBUG org.hibernate.orm.results - Extracted JDBC value [0] - [3528]
2026-02-15 16:58:42.430 [http-nio-8080-exec-7] DEBUG o.h.orm.results.loading.entity - (EntityResultInitializer) Hydrated EntityKey (com.example.physiokalendar.entity.Patient(269)): 3528
2026-02-15 16:58:42.430 [http-nio-8080-exec-7] DEBUG o.h.orm.results.loading.entity - (EntityResultInitializer) Created new entity instance [com.example.physiokalendar.entity.Patient(269)#3528] : 1728007579
2026-02-15 16:58:42.430 [http-nio-8080-exec-7] DEBUG org.hibernate.orm.results - Extracted JDBC value [1] - [2026-02-15T13:32:35]
2026-02-15 16:58:42.430 [http-nio-8080-exec-7] DEBUG org.hibernate.orm.results - Extracted JDBC value [2] - [2026-02-15T13:32:35]
2026-02-15 16:58:42.430 [http-nio-8080-exec-7] DEBUG org.hibernate.orm.results - Extracted JDBC value [3] - [null]
2026-02-15 16:58:42.430 [http-nio-8080-exec-7] DEBUG org.hibernate.orm.results - Extracted JDBC value [4] - [2026-02-15T13:32:35]
2026-02-15 16:58:42.430 [http-nio-8080-exec-7] DEBUG org.hibernate.orm.results - Extracted JDBC value [5] - [null]
2026-02-15 16:58:42.430 [http-nio-8080-exec-7] DEBUG org.hibernate.orm.results - Extracted JDBC value [6] - [null]
2026-02-15 16:58:42.430 [http-nio-8080-exec-7] DEBUG org.hibernate.orm.results - Extracted JDBC value [7] - [Bärbel]
2026-02-15 16:58:42.430 [http-nio-8080-exec-7] DEBUG org.hibernate.orm.results - Extracted JDBC value [8] - [Bärbel Berwing]
2026-02-15 16:58:42.430 [http-nio-8080-exec-7] DEBUG org.hibernate.orm.results - Extracted JDBC value [9] - [null]
2026-02-15 16:58:42.430 [http-nio-8080-exec-7] DEBUG org.hibernate.orm.results - Extracted JDBC value [10] - [null]
2026-02-15 16:58:42.430 [http-nio-8080-exec-7] DEBUG org.hibernate.orm.results - Extracted JDBC value [11] - [true]
2026-02-15 16:58:42.430 [http-nio-8080-exec-7] DEBUG org.hibernate.orm.results - Extracted JDBC value [12] - [false]
2026-02-15 16:58:42.431 [http-nio-8080-exec-7] DEBUG org.hibernate.orm.results - Extracted JDBC value [13] - [Berwing]
2026-02-15 16:58:42.431 [http-nio-8080-exec-7] DEBUG org.hibernate.orm.results - Extracted JDBC value [14] - [null]
2026-02-15 16:58:42.431 [http-nio-8080-exec-7] DEBUG org.hibernate.orm.results - Extracted JDBC value [15] - [null]
2026-02-15 16:58:42.431 [http-nio-8080-exec-7] DEBUG org.hibernate.orm.results - Extracted JDBC value [16] - [null]
2026-02-15 16:58:42.431 [http-nio-8080-exec-7] DEBUG org.hibernate.orm.results - Extracted JDBC value [17] - [null]
2026-02-15 16:58:42.431 [http-nio-8080-exec-7] DEBUG org.hibernate.orm.results - Extracted JDBC value [18] - [2026-02-15T13:32:34.509904]
2026-02-15 16:58:42.431 [http-nio-8080-exec-7] DEBUG o.h.orm.results.loading.entity - (EntityResultInitializer) Done materializing entityInstance : com.example.physiokalendar.entity.Patient(269)#3528
2026-02-15 16:58:42.431 [http-nio-8080-exec-7] DEBUG org.hibernate.orm.results.loading - Calling top-level assembler (0 / 1) : org.hibernate.sql.results.graph.entity.internal.EntityAssembler@285ec95c
2026-02-15 16:58:42.431 [http-nio-8080-exec-7] DEBUG org.hibernate.orm.results - Extracted JDBC value [0] - [3529]
2026-02-15 16:58:42.431 [http-nio-8080-exec-7] DEBUG o.h.orm.results.loading.entity - (EntityResultInitializer) Hydrated EntityKey (com.example.physiokalendar.entity.Patient(269)): 3529
2026-02-15 16:58:42.431 [http-nio-8080-exec-7] DEBUG o.h.orm.results.loading.entity - (EntityResultInitializer) Created new entity instance [com.example.physiokalendar.entity.Patient(269)#3529] : 1315307876
2026-02-15 16:58:42.431 [http-nio-8080-exec-7] DEBUG org.hibernate.orm.results - Extracted JDBC value [1] - [2026-02-15T13:32:37]
2026-02-15 16:58:42.431 [http-nio-8080-exec-7] DEBUG org.hibernate.orm.results - Extracted JDBC value [2] - [2026-02-15T13:32:37]
2026-02-15 16:58:42.431 [http-nio-8080-exec-7] DEBUG org.hibernate.orm.results - Extracted JDBC value [3] - [null]
2026-02-15 16:58:42.431 [http-nio-8080-exec-7] DEBUG org.hibernate.orm.results - Extracted JDBC value [4] - [2026-02-15T13:32:37]
2026-02-15 16:58:42.431 [http-nio-8080-exec-7] DEBUG org.hibernate.orm.results - Extracted JDBC value [5] - [null]
2026-02-15 16:58:42.431 [http-nio-8080-exec-7] DEBUG org.hibernate.orm.results - Extracted JDBC value [6] - [null]
2026-02-15 16:58:42.431 [http-nio-8080-exec-7] DEBUG org.hibernate.orm.results - Extracted JDBC value [7] - [Birgit]
2026-02-15 16:58:42.431 [http-nio-8080-exec-7] DEBUG org.hibernate.orm.results - Extracted JDBC value [8] - [Birgit Hepting]
2026-02-15 16:58:42.431 [http-nio-8080-exec-7] DEBUG org.hibernate.orm.results - Extracted JDBC value [9] - [null]
2026-02-15 16:58:42.431 [http-nio-8080-exec-7] DEBUG org.hibernate.orm.results - Extracted JDBC value [10] - [null]
2026-02-15 16:58:42.431 [http-nio-8080-exec-7] DEBUG org.hibernate.orm.results - Extracted JDBC value [11] - [true]
2026-02-15 16:58:42.431 [http-nio-8080-exec-7] DEBUG org.hibernate.orm.results - Extracted JDBC value [12] - [false]
2026-02-15 16:58:42.431 [http-nio-8080-exec-7] DEBUG org.hibernate.orm.results - Extracted JDBC value [13] - [Hepting]
2026-02-15 16:58:42.431 [http-nio-8080-exec-7] DEBUG org.hibernate.orm.results - Extracted JDBC value [14] - [null]
2026-02-15 16:58:42.431 [http-nio-8080-exec-7] DEBUG org.hibernate.orm.results - Extracted JDBC value [15] - [null]
2026-02-15 16:58:42.431 [http-nio-8080-exec-7] DEBUG org.hibernate.orm.results - Extracted JDBC value [16] - [null]
2026-02-15 16:58:42.431 [http-nio-8080-exec-7] DEBUG org.hibernate.orm.results - Extracted JDBC value [17] - [null]
2026-02-15 16:58:42.431 [http-nio-8080-exec-7] DEBUG org.hibernate.orm.results - Extracted JDBC value [18] - [2026-02-15T13:32:36.664511]
2026-02-15 16:58:42.431 [http-nio-8080-exec-7] DEBUG o.h.orm.results.loading.entity - (EntityResultInitializer) Done materializing entityInstance : com.example.physiokalendar.entity.Patient(269)#3529
2026-02-15 16:58:42.431 [http-nio-8080-exec-7] DEBUG org.hibernate.orm.results.loading - Calling top-level assembler (0 / 1) : org.hibernate.sql.results.graph.entity.internal.EntityAssembler@285ec95c
2026-02-15 16:58:42.432 [http-nio-8080-exec-7] DEBUG org.hibernate.orm.results - Extracted JDBC value [0] - [3530]
2026-02-15 16:58:42.432 [http-nio-8080-exec-7] DEBUG o.h.orm.results.loading.entity - (EntityResultInitializer) Hydrated EntityKey (com.example.physiokalendar.entity.Patient(269)): 3530
2026-02-15 16:58:42.432 [http-nio-8080-exec-7] DEBUG o.h.orm.results.loading.entity - (EntityResultInitializer) Created new entity instance [com.example.physiokalendar.entity.Patient(269)#3530] : 73066349
2026-02-15 16:58:42.432 [http-nio-8080-exec-7] DEBUG org.hibernate.orm.results - Extracted JDBC value [1] - [2026-02-15T13:32:41]
2026-02-15 16:58:42.432 [http-nio-8080-exec-7] DEBUG org.hibernate.orm.results - Extracted JDBC value [2] - [2026-02-15T13:32:41]
2026-02-15 16:58:42.432 [http-nio-8080-exec-7] DEBUG org.hibernate.orm.results - Extracted JDBC value [3] - [null]
2026-02-15 16:58:42.432 [http-nio-8080-exec-7] DEBUG org.hibernate.orm.results - Extracted JDBC value [4] - [2026-02-15T13:32:41]
2026-02-15 16:58:42.432 [http-nio-8080-exec-7] DEBUG org.hibernate.orm.results - Extracted JDBC value [5] - [null]
2026-02-15 16:58:42.432 [http-nio-8080-exec-7] DEBUG org.hibernate.orm.results - Extracted JDBC value [6] - [null]
2026-02-15 16:58:42.432 [http-nio-8080-exec-7] DEBUG org.hibernate.orm.results - Extracted JDBC value [7] - [Raum "Europa" für Fr. Freitag reservieren]
2026-02-15 16:58:42.432 [http-nio-8080-exec-7] DEBUG org.hibernate.orm.results - Extracted JDBC value [8] - [Raum "Europa" für Fr. Freitag reservieren ]
2026-02-15 16:58:42.432 [http-nio-8080-exec-7] DEBUG org.hibernate.orm.results - Extracted JDBC value [9] - [null]
2026-02-15 16:58:42.432 [http-nio-8080-exec-7] DEBUG org.hibernate.orm.results - Extracted JDBC value [10] - [null]
2026-02-15 16:58:42.432 [http-nio-8080-exec-7] DEBUG org.hibernate.orm.results - Extracted JDBC value [11] - [true]
2026-02-15 16:58:42.432 [http-nio-8080-exec-7] DEBUG org.hibernate.orm.results - Extracted JDBC value [12] - [false]
2026-02-15 16:58:42.432 [http-nio-8080-exec-7] DEBUG org.hibernate.orm.results - Extracted JDBC value [13] - []
2026-02-15 16:58:42.432 [http-nio-8080-exec-7] DEBUG org.hibernate.orm.results - Extracted JDBC value [14] - [null]
2026-02-15 16:58:42.432 [http-nio-8080-exec-7] DEBUG org.hibernate.orm.results - Extracted JDBC value [15] - [null]
2026-02-15 16:58:42.432 [http-nio-8080-exec-7] DEBUG org.hibernate.orm.results - Extracted JDBC value [16] - [null]
2026-02-15 16:58:42.433 [http-nio-8080-exec-7] DEBUG org.hibernate.orm.results - Extracted JDBC value [17] - [null]
2026-02-15 16:58:42.433 [http-nio-8080-exec-7] DEBUG org.hibernate.orm.results - Extracted JDBC value [18] - [2026-02-15T13:32:40.629555]
2026-02-15 16:58:42.433 [http-nio-8080-exec-7] DEBUG o.h.orm.results.loading.entity - (EntityResultInitializer) Done materializing entityInstance : com.example.physiokalendar.entity.Patient(269)#3530
2026-02-15 16:58:42.433 [http-nio-8080-exec-7] DEBUG org.hibernate.orm.results.loading - Calling top-level assembler (0 / 1) : org.hibernate.sql.results.graph.entity.internal.EntityAssembler@285ec95c
2026-02-15 16:58:42.433 [http-nio-8080-exec-7] DEBUG org.hibernate.orm.results - Extracted JDBC value [0] - [3531]
2026-02-15 16:58:42.433 [http-nio-8080-exec-7] DEBUG o.h.orm.results.loading.entity - (EntityResultInitializer) Hydrated EntityKey (com.example.physiokalendar.entity.Patient(269)): 3531
2026-02-15 16:58:42.433 [http-nio-8080-exec-7] DEBUG o.h.orm.results.loading.entity - (EntityResultInitializer) Created new entity instance [com.example.physiokalendar.entity.Patient(269)#3531] : 1752003578
2026-02-15 16:58:42.433 [http-nio-8080-exec-7] DEBUG org.hibernate.orm.results - Extracted JDBC value [1] - [2026-02-15T13:32:41]
2026-02-15 16:58:42.433 [http-nio-8080-exec-7] DEBUG org.hibernate.orm.results - Extracted JDBC value [2] - [2026-02-15T13:32:41]
2026-02-15 16:58:42.433 [http-nio-8080-exec-7] DEBUG org.hibernate.orm.results - Extracted JDBC value [3] - [null]
2026-02-15 16:58:42.433 [http-nio-8080-exec-7] DEBUG org.hibernate.orm.results - Extracted JDBC value [4] - [2026-02-15T13:32:41]
2026-02-15 16:58:42.433 [http-nio-8080-exec-7] DEBUG org.hibernate.orm.results - Extracted JDBC value [5] - [null]
2026-02-15 16:58:42.433 [http-nio-8080-exec-7] DEBUG org.hibernate.orm.results - Extracted JDBC value [6] - [null]
2026-02-15 16:58:42.433 [http-nio-8080-exec-7] DEBUG org.hibernate.orm.results - Extracted JDBC value [7] - [Achim]
2026-02-15 16:58:42.433 [http-nio-8080-exec-7] DEBUG org.hibernate.orm.results - Extracted JDBC value [8] - [Achim Schneider]
2026-02-15 16:58:42.433 [http-nio-8080-exec-7] DEBUG org.hibernate.orm.results - Extracted JDBC value [9] - [null]
2026-02-15 16:58:42.433 [http-nio-8080-exec-7] DEBUG org.hibernate.orm.results - Extracted JDBC value [10] - [null]
2026-02-15 16:58:42.433 [http-nio-8080-exec-7] DEBUG org.hibernate.orm.results - Extracted JDBC value [11] - [true]
2026-02-15 16:58:42.433 [http-nio-8080-exec-7] DEBUG org.hibernate.orm.results - Extracted JDBC value [12] - [false]
2026-02-15 16:58:42.433 [http-nio-8080-exec-7] DEBUG org.hibernate.orm.results - Extracted JDBC value [13] - [Schneider]
2026-02-15 16:58:42.433 [http-nio-8080-exec-7] DEBUG org.hibernate.orm.results - Extracted JDBC value [14] - [null]
2026-02-15 16:58:42.433 [http-nio-8080-exec-7] DEBUG org.hibernate.orm.results - Extracted JDBC value [15] - [null]
2026-02-15 16:58:42.433 [http-nio-8080-exec-7] DEBUG org.hibernate.orm.results - Extracted JDBC value [16] - [null]
2026-02-15 16:58:42.433 [http-nio-8080-exec-7] DEBUG org.hibernate.orm.results - Extracted JDBC value [17] - [null]
2026-02-15 16:58:42.433 [http-nio-8080-exec-7] DEBUG org.hibernate.orm.results - Extracted JDBC value [18] - [2026-02-15T13:32:41.188179]
2026-02-15 16:58:42.433 [http-nio-8080-exec-7] DEBUG o.h.orm.results.loading.entity - (EntityResultInitializer) Done materializing entityInstance : com.example.physiokalendar.entity.Patient(269)#3531
2026-02-15 16:58:42.433 [http-nio-8080-exec-7] DEBUG org.hibernate.orm.results.loading - Calling top-level assembler (0 / 1) : org.hibernate.sql.results.graph.entity.internal.EntityAssembler@285ec95c
2026-02-15 16:58:42.433 [http-nio-8080-exec-7] DEBUG org.hibernate.orm.results - Extracted JDBC value [0] - [3532]
2026-02-15 16:58:42.433 [http-nio-8080-exec-7] DEBUG o.h.orm.results.loading.entity - (EntityResultInitializer) Hydrated EntityKey (com.example.physiokalendar.entity.Patient(269)): 3532
2026-02-15 16:58:42.433 [http-nio-8080-exec-7] DEBUG o.h.orm.results.loading.entity - (EntityResultInitializer) Created new entity instance [com.example.physiokalendar.entity.Patient(269)#3532] : 1960995065
2026-02-15 16:58:42.433 [http-nio-8080-exec-7] DEBUG org.hibernate.orm.results - Extracted JDBC value [1] - [2026-02-15T13:32:47]
2026-02-15 16:58:42.434 [http-nio-8080-exec-7] DEBUG org.hibernate.orm.results - Extracted JDBC value [2] - [2026-02-15T13:32:47]
2026-02-15 16:58:42.434 [http-nio-8080-exec-7] DEBUG org.hibernate.orm.results - Extracted JDBC value [3] - [null]
2026-02-15 16:58:42.434 [http-nio-8080-exec-7] DEBUG org.hibernate.orm.results - Extracted JDBC value [4] - [2026-02-15T13:32:47]
2026-02-15 16:58:42.434 [http-nio-8080-exec-7] DEBUG org.hibernate.orm.results - Extracted JDBC value [5] - [null]
2026-02-15 16:58:42.434 [http-nio-8080-exec-7] DEBUG org.hibernate.orm.results - Extracted JDBC value [6] - [null]
2026-02-15 16:58:42.434 [http-nio-8080-exec-7] DEBUG org.hibernate.orm.results - Extracted JDBC value [7] - [Gudrun UW / Thiele, Angelika GW]
2026-02-15 16:58:42.434 [http-nio-8080-exec-7] DEBUG org.hibernate.orm.results - Extracted JDBC value [8] - [Gudrun UW / Thiele, Angelika GW Irle]
2026-02-15 16:58:42.434 [http-nio-8080-exec-7] DEBUG org.hibernate.orm.results - Extracted JDBC value [9] - [null]
2026-02-15 16:58:42.434 [http-nio-8080-exec-7] DEBUG org.hibernate.orm.results - Extracted JDBC value [10] - [null]
2026-02-15 16:58:42.434 [http-nio-8080-exec-7] DEBUG org.hibernate.orm.results - Extracted JDBC value [11] - [true]
2026-02-15 16:58:42.434 [http-nio-8080-exec-7] DEBUG org.hibernate.orm.results - Extracted JDBC value [12] - [false]
2026-02-15 16:58:42.434 [http-nio-8080-exec-7] DEBUG org.hibernate.orm.results - Extracted JDBC value [13] - [Irle]
2026-02-15 16:58:42.434 [http-nio-8080-exec-7] DEBUG org.hibernate.orm.results - Extracted JDBC value [14] - [null]
2026-02-15 16:58:42.434 [http-nio-8080-exec-7] DEBUG org.hibernate.orm.results - Extracted JDBC value [15] - [null]
2026-02-15 16:58:42.434 [http-nio-8080-exec-7] DEBUG org.hibernate.orm.results - Extracted JDBC value [16] - [null]
2026-02-15 16:58:42.434 [http-nio-8080-exec-7] DEBUG org.hibernate.orm.results - Extracted JDBC value [17] - [null]
2026-02-15 16:58:42.434 [http-nio-8080-exec-7] DEBUG org.hibernate.orm.results - Extracted JDBC value [18] - [2026-02-15T13:32:46.960764]
2026-02-15 16:58:42.434 [http-nio-8080-exec-7] DEBUG o.h.orm.results.loading.entity - (EntityResultInitializer) Done materializing entityInstance : com.example.physiokalendar.entity.Patient(269)#3532
2026-02-15 16:58:42.434 [http-nio-8080-exec-7] DEBUG org.hibernate.orm.results.loading - Calling top-level assembler (0 / 1) : org.hibernate.sql.results.graph.entity.internal.EntityAssembler@285ec95c
2026-02-15 16:58:42.434 [http-nio-8080-exec-7] DEBUG org.hibernate.orm.results - Extracted JDBC value [0] - [3533]
2026-02-15 16:58:42.434 [http-nio-8080-exec-7] DEBUG o.h.orm.results.loading.entity - (EntityResultInitializer) Hydrated EntityKey (com.example.physiokalendar.entity.Patient(269)): 3533
2026-02-15 16:58:42.434 [http-nio-8080-exec-7] DEBUG o.h.orm.results.loading.entity - (EntityResultInitializer) Created new entity instance [com.example.physiokalendar.entity.Patient(269)#3533] : 175192608
2026-02-15 16:58:42.434 [http-nio-8080-exec-7] DEBUG org.hibernate.orm.results - Extracted JDBC value [1] - [2026-02-15T13:32:48]
2026-02-15 16:58:42.434 [http-nio-8080-exec-7] DEBUG org.hibernate.orm.results - Extracted JDBC value [2] - [2026-02-15T13:32:48]
2026-02-15 16:58:42.434 [http-nio-8080-exec-7] DEBUG org.hibernate.orm.results - Extracted JDBC value [3] - [null]
2026-02-15 16:58:42.434 [http-nio-8080-exec-7] DEBUG org.hibernate.orm.results - Extracted JDBC value [4] - [2026-02-15T13:32:48]
2026-02-15 16:58:42.434 [http-nio-8080-exec-7] DEBUG org.hibernate.orm.results - Extracted JDBC value [5] - [null]
2026-02-15 16:58:42.434 [http-nio-8080-exec-7] DEBUG org.hibernate.orm.results - Extracted JDBC value [6] - [null]
2026-02-15 16:58:42.434 [http-nio-8080-exec-7] DEBUG org.hibernate.orm.results - Extracted JDBC value [7] - [Hilal]
2026-02-15 16:58:42.434 [http-nio-8080-exec-7] DEBUG org.hibernate.orm.results - Extracted JDBC value [8] - [Hilal Özgül]
2026-02-15 16:58:42.434 [http-nio-8080-exec-7] DEBUG org.hibernate.orm.results - Extracted JDBC value [9] - [null]
2026-02-15 16:58:42.434 [http-nio-8080-exec-7] DEBUG org.hibernate.orm.results - Extracted JDBC value [10] - [null]
2026-02-15 16:58:42.435 [http-nio-8080-exec-7] DEBUG org.hibernate.orm.results - Extracted JDBC value [11] - [true]
2026-02-15 16:58:42.435 [http-nio-8080-exec-7] DEBUG org.hibernate.orm.results - Extracted JDBC value [12] - [false]
2026-02-15 16:58:42.435 [http-nio-8080-exec-7] DEBUG org.hibernate.orm.results - Extracted JDBC value [13] - [Özgül]
2026-02-15 16:58:42.435 [http-nio-8080-exec-7] DEBUG org.hibernate.orm.results - Extracted JDBC value [14] - [null]
2026-02-15 16:58:42.435 [http-nio-8080-exec-7] DEBUG org.hibernate.orm.results - Extracted JDBC value [15] - [null]
2026-02-15 16:58:42.435 [http-nio-8080-exec-7] DEBUG org.hibernate.orm.results - Extracted JDBC value [16] - [null]
2026-02-15 16:58:42.435 [http-nio-8080-exec-7] DEBUG org.hibernate.orm.results - Extracted JDBC value [17] - [null]
2026-02-15 16:58:42.435 [http-nio-8080-exec-7] DEBUG org.hibernate.orm.results - Extracted JDBC value [18] - [2026-02-15T13:32:48.474835]
2026-02-15 16:58:42.435 [http-nio-8080-exec-7] DEBUG o.h.orm.results.loading.entity - (EntityResultInitializer) Done materializing entityInstance : com.example.physiokalendar.entity.Patient(269)#3533
2026-02-15 16:58:42.435 [http-nio-8080-exec-7] DEBUG org.hibernate.orm.results.loading - Calling top-level assembler (0 / 1) : org.hibernate.sql.results.graph.entity.internal.EntityAssembler@285ec95c
2026-02-15 16:58:42.435 [http-nio-8080-exec-7] DEBUG org.hibernate.orm.results - Extracted JDBC value [0] - [3534]
2026-02-15 16:58:42.435 [http-nio-8080-exec-7] DEBUG o.h.orm.results.loading.entity - (EntityResultInitializer) Hydrated EntityKey (com.example.physiokalendar.entity.Patient(269)): 3534
2026-02-15 16:58:42.435 [http-nio-8080-exec-7] DEBUG o.h.orm.results.loading.entity - (EntityResultInitializer) Created new entity instance [com.example.physiokalendar.entity.Patient(269)#3534] : 1506006412
2026-02-15 16:58:42.435 [http-nio-8080-exec-7] DEBUG org.hibernate.orm.results - Extracted JDBC value [1] - [2026-02-15T13:32:49]
2026-02-15 16:58:42.435 [http-nio-8080-exec-7] DEBUG org.hibernate.orm.results - Extracted JDBC value [2] - [2026-02-15T13:32:49]
2026-02-15 16:58:42.435 [http-nio-8080-exec-7] DEBUG org.hibernate.orm.results - Extracted JDBC value [3] - [null]
2026-02-15 16:58:42.435 [http-nio-8080-exec-7] DEBUG org.hibernate.orm.results - Extracted JDBC value [4] - [2026-02-15T13:32:49]
2026-02-15 16:58:42.435 [http-nio-8080-exec-7] DEBUG org.hibernate.orm.results - Extracted JDBC value [5] - [null]
2026-02-15 16:58:42.435 [http-nio-8080-exec-7] DEBUG org.hibernate.orm.results - Extracted JDBC value [6] - [null]
2026-02-15 16:58:42.435 [http-nio-8080-exec-7] DEBUG org.hibernate.orm.results - Extracted JDBC value [7] - [Zilan]
2026-02-15 16:58:42.435 [http-nio-8080-exec-7] DEBUG org.hibernate.orm.results - Extracted JDBC value [8] - [Zilan Duran]
2026-02-15 16:58:42.435 [http-nio-8080-exec-7] DEBUG org.hibernate.orm.results - Extracted JDBC value [9] - [null]
2026-02-15 16:58:42.435 [http-nio-8080-exec-7] DEBUG org.hibernate.orm.results - Extracted JDBC value [10] - [null]
2026-02-15 16:58:42.435 [http-nio-8080-exec-7] DEBUG org.hibernate.orm.results - Extracted JDBC value [11] - [true]
2026-02-15 16:58:42.435 [http-nio-8080-exec-7] DEBUG org.hibernate.orm.results - Extracted JDBC value [12] - [false]
2026-02-15 16:58:42.435 [http-nio-8080-exec-7] DEBUG org.hibernate.orm.results - Extracted JDBC value [13] - [Duran]
2026-02-15 16:58:42.435 [http-nio-8080-exec-7] DEBUG org.hibernate.orm.results - Extracted JDBC value [14] - [null]
2026-02-15 16:58:42.435 [http-nio-8080-exec-7] DEBUG org.hibernate.orm.results - Extracted JDBC value [15] - [null]
2026-02-15 16:58:42.435 [http-nio-8080-exec-7] DEBUG org.hibernate.orm.results - Extracted JDBC value [16] - [null]
2026-02-15 16:58:42.435 [http-nio-8080-exec-7] DEBUG org.hibernate.orm.results - Extracted JDBC value [17] - [null]
2026-02-15 16:58:42.436 [http-nio-8080-exec-7] DEBUG org.hibernate.orm.results - Extracted JDBC value [18] - [2026-02-15T13:32:48.784702]
2026-02-15 16:58:42.436 [http-nio-8080-exec-7] DEBUG o.h.orm.results.loading.entity - (EntityResultInitializer) Done materializing entityInstance : com.example.physiokalendar.entity.Patient(269)#3534
2026-02-15 16:58:42.436 [http-nio-8080-exec-7] DEBUG org.hibernate.orm.results.loading - Calling top-level assembler (0 / 1) : org.hibernate.sql.results.graph.entity.internal.EntityAssembler@285ec95c
2026-02-15 16:58:42.436 [http-nio-8080-exec-7] DEBUG org.hibernate.orm.results - Extracted JDBC value [0] - [3535]
2026-02-15 16:58:42.436 [http-nio-8080-exec-7] DEBUG o.h.orm.results.loading.entity - (EntityResultInitializer) Hydrated EntityKey (com.example.physiokalendar.entity.Patient(269)): 3535
2026-02-15 16:58:42.436 [http-nio-8080-exec-7] DEBUG o.h.orm.results.loading.entity - (EntityResultInitializer) Created new entity instance [com.example.physiokalendar.entity.Patient(269)#3535] : 1521655789
2026-02-15 16:58:42.436 [http-nio-8080-exec-7] DEBUG org.hibernate.orm.results - Extracted JDBC value [1] - [2026-02-15T13:32:49]
2026-02-15 16:58:42.436 [http-nio-8080-exec-7] DEBUG org.hibernate.orm.results - Extracted JDBC value [2] - [2026-02-15T13:32:49]
2026-02-15 16:58:42.436 [http-nio-8080-exec-7] DEBUG org.hibernate.orm.results - Extracted JDBC value [3] - [null]
2026-02-15 16:58:42.436 [http-nio-8080-exec-7] DEBUG org.hibernate.orm.results - Extracted JDBC value [4] - [2026-02-15T13:32:49]
2026-02-15 16:58:42.436 [http-nio-8080-exec-7] DEBUG org.hibernate.orm.results - Extracted JDBC value [5] - [null]
2026-02-15 16:58:42.436 [http-nio-8080-exec-7] DEBUG org.hibernate.orm.results - Extracted JDBC value [6] - [null]
2026-02-15 16:58:42.436 [http-nio-8080-exec-7] DEBUG org.hibernate.orm.results - Extracted JDBC value [7] - [Juliane i.Gang]
2026-02-15 16:58:42.436 [http-nio-8080-exec-7] DEBUG org.hibernate.orm.results - Extracted JDBC value [8] - [Juliane i.Gang Lurz]
2026-02-15 16:58:42.436 [http-nio-8080-exec-7] DEBUG org.hibernate.orm.results - Extracted JDBC value [9] - [null]
2026-02-15 16:58:42.436 [http-nio-8080-exec-7] DEBUG org.hibernate.orm.results - Extracted JDBC value [10] - [null]
2026-02-15 16:58:42.436 [http-nio-8080-exec-7] DEBUG org.hibernate.orm.results - Extracted JDBC value [11] - [true]
2026-02-15 16:58:42.436 [http-nio-8080-exec-7] DEBUG org.hibernate.orm.results - Extracted JDBC value [12] - [false]
2026-02-15 16:58:42.436 [http-nio-8080-exec-7] DEBUG org.hibernate.orm.results - Extracted JDBC value [13] - [Lurz]
2026-02-15 16:58:42.436 [http-nio-8080-exec-7] DEBUG org.hibernate.orm.results - Extracted JDBC value [14] - [null]
2026-02-15 16:58:42.436 [http-nio-8080-exec-7] DEBUG org.hibernate.orm.results - Extracted JDBC value [15] - [null]
2026-02-15 16:58:42.436 [http-nio-8080-exec-7] DEBUG org.hibernate.orm.results - Extracted JDBC value [16] - [null]
2026-02-15 16:58:42.436 [http-nio-8080-exec-7] DEBUG org.hibernate.orm.results - Extracted JDBC value [17] - [null]
2026-02-15 16:58:42.436 [http-nio-8080-exec-7] DEBUG org.hibernate.orm.results - Extracted JDBC value [18] - [2026-02-15T13:32:49.442320]
2026-02-15 16:58:42.436 [http-nio-8080-exec-7] DEBUG o.h.orm.results.loading.entity - (EntityResultInitializer) Done materializing entityInstance : com.example.physiokalendar.entity.Patient(269)#3535
2026-02-15 16:58:42.436 [http-nio-8080-exec-7] DEBUG org.hibernate.orm.results.loading - Calling top-level assembler (0 / 1) : org.hibernate.sql.results.graph.entity.internal.EntityAssembler@285ec95c
2026-02-15 16:58:42.436 [http-nio-8080-exec-7] DEBUG org.hibernate.orm.results - Extracted JDBC value [0] - [3536]
2026-02-15 16:58:42.436 [http-nio-8080-exec-7] DEBUG o.h.orm.results.loading.entity - (EntityResultInitializer) Hydrated EntityKey (com.example.physiokalendar.entity.Patient(269)): 3536
2026-02-15 16:58:42.437 [http-nio-8080-exec-7] DEBUG o.h.orm.results.loading.entity - (EntityResultInitializer) Created new entity instance [com.example.physiokalendar.entity.Patient(269)#3536] : 1039176162
2026-02-15 16:58:42.437 [http-nio-8080-exec-7] DEBUG org.hibernate.orm.results - Extracted JDBC value [1] - [2026-02-15T13:32:50]
2026-02-15 16:58:42.437 [http-nio-8080-exec-7] DEBUG org.hibernate.orm.results - Extracted JDBC value [2] - [2026-02-15T13:32:50]
2026-02-15 16:58:42.437 [http-nio-8080-exec-7] DEBUG org.hibernate.orm.results - Extracted JDBC value [3] - [null]
2026-02-15 16:58:42.437 [http-nio-8080-exec-7] DEBUG org.hibernate.orm.results - Extracted JDBC value [4] - [2026-02-15T13:32:50]
2026-02-15 16:58:42.437 [http-nio-8080-exec-7] DEBUG org.hibernate.orm.results - Extracted JDBC value [5] - [null]
2026-02-15 16:58:42.437 [http-nio-8080-exec-7] DEBUG org.hibernate.orm.results - Extracted JDBC value [6] - [null]
2026-02-15 16:58:42.437 [http-nio-8080-exec-7] DEBUG org.hibernate.orm.results - Extracted JDBC value [7] - [Alexander i.d.Gruppe]
2026-02-15 16:58:42.437 [http-nio-8080-exec-7] DEBUG org.hibernate.orm.results - Extracted JDBC value [8] - [Alexander i.d.Gruppe Sudermann]
2026-02-15 16:58:42.437 [http-nio-8080-exec-7] DEBUG org.hibernate.orm.results - Extracted JDBC value [9] - [null]
2026-02-15 16:58:42.437 [http-nio-8080-exec-7] DEBUG org.hibernate.orm.results - Extracted JDBC value [10] - [null]
2026-02-15 16:58:42.437 [http-nio-8080-exec-7] DEBUG org.hibernate.orm.results - Extracted JDBC value [11] - [true]
2026-02-15 16:58:42.437 [http-nio-8080-exec-7] DEBUG org.hibernate.orm.results - Extracted JDBC value [12] - [false]
2026-02-15 16:58:42.437 [http-nio-8080-exec-7] DEBUG org.hibernate.orm.results - Extracted JDBC value [13] - [Sudermann]
2026-02-15 16:58:42.437 [http-nio-8080-exec-7] DEBUG org.hibernate.orm.results - Extracted JDBC value [14] - [null]
2026-02-15 16:58:42.437 [http-nio-8080-exec-7] DEBUG org.hibernate.orm.results - Extracted JDBC value [15] - [null]
2026-02-15 16:58:42.437 [http-nio-8080-exec-7] DEBUG org.hibernate.orm.results - Extracted JDBC value [16] - [null]
2026-02-15 16:58:42.437 [http-nio-8080-exec-7] DEBUG org.hibernate.orm.results - Extracted JDBC value [17] - [null]
2026-02-15 16:58:42.437 [http-nio-8080-exec-7] DEBUG org.hibernate.orm.results - Extracted JDBC value [18] - [2026-02-15T13:32:49.661908]
2026-02-15 16:58:42.437 [http-nio-8080-exec-7] DEBUG o.h.orm.results.loading.entity - (EntityResultInitializer) Done materializing entityInstance : com.example.physiokalendar.entity.Patient(269)#3536
2026-02-15 16:58:42.437 [http-nio-8080-exec-7] DEBUG org.hibernate.orm.results.loading - Calling top-level assembler (0 / 1) : org.hibernate.sql.results.graph.entity.internal.EntityAssembler@285ec95c
2026-02-15 16:58:42.437 [http-nio-8080-exec-7] DEBUG org.hibernate.orm.results - Extracted JDBC value [0] - [3537]
2026-02-15 16:58:42.437 [http-nio-8080-exec-7] DEBUG o.h.orm.results.loading.entity - (EntityResultInitializer) Hydrated EntityKey (com.example.physiokalendar.entity.Patient(269)): 3537
2026-02-15 16:58:42.437 [http-nio-8080-exec-7] DEBUG o.h.orm.results.loading.entity - (EntityResultInitializer) Created new entity instance [com.example.physiokalendar.entity.Patient(269)#3537] : 1054022726
2026-02-15 16:58:42.437 [http-nio-8080-exec-7] DEBUG org.hibernate.orm.results - Extracted JDBC value [1] - [2026-02-15T13:32:50]
2026-02-15 16:58:42.437 [http-nio-8080-exec-7] DEBUG org.hibernate.orm.results - Extracted JDBC value [2] - [2026-02-15T13:32:50]
2026-02-15 16:58:42.437 [http-nio-8080-exec-7] DEBUG org.hibernate.orm.results - Extracted JDBC value [3] - [null]
2026-02-15 16:58:42.437 [http-nio-8080-exec-7] DEBUG org.hibernate.orm.results - Extracted JDBC value [4] - [2026-02-15T13:32:50]
2026-02-15 16:58:42.437 [http-nio-8080-exec-7] DEBUG org.hibernate.orm.results - Extracted JDBC value [5] - [null]
2026-02-15 16:58:42.437 [http-nio-8080-exec-7] DEBUG org.hibernate.orm.results - Extracted JDBC value [6] - [null]
2026-02-15 16:58:42.438 [http-nio-8080-exec-7] DEBUG org.hibernate.orm.results - Extracted JDBC value [7] - [Stephan]
2026-02-15 16:58:42.438 [http-nio-8080-exec-7] DEBUG org.hibernate.orm.results - Extracted JDBC value [8] - [Stephan Große]
2026-02-15 16:58:42.438 [http-nio-8080-exec-7] DEBUG org.hibernate.orm.results - Extracted JDBC value [9] - [null]
2026-02-15 16:58:42.438 [http-nio-8080-exec-7] DEBUG org.hibernate.orm.results - Extracted JDBC value [10] - [null]
2026-02-15 16:58:42.438 [http-nio-8080-exec-7] DEBUG org.hibernate.orm.results - Extracted JDBC value [11] - [true]
2026-02-15 16:58:42.438 [http-nio-8080-exec-7] DEBUG org.hibernate.orm.results - Extracted JDBC value [12] - [false]
2026-02-15 16:58:42.438 [http-nio-8080-exec-7] DEBUG org.hibernate.orm.results - Extracted JDBC value [13] - [Große]
2026-02-15 16:58:42.438 [http-nio-8080-exec-7] DEBUG org.hibernate.orm.results - Extracted JDBC value [14] - [null]
2026-02-15 16:58:42.438 [http-nio-8080-exec-7] DEBUG org.hibernate.orm.results - Extracted JDBC value [15] - [null]
2026-02-15 16:58:42.438 [http-nio-8080-exec-7] DEBUG org.hibernate.orm.results - Extracted JDBC value [16] - [null]
2026-02-15 16:58:42.438 [http-nio-8080-exec-7] DEBUG org.hibernate.orm.results - Extracted JDBC value [17] - [null]
2026-02-15 16:58:42.438 [http-nio-8080-exec-7] DEBUG org.hibernate.orm.results - Extracted JDBC value [18] - [2026-02-15T13:32:49.849757]
2026-02-15 16:58:42.438 [http-nio-8080-exec-7] DEBUG o.h.orm.results.loading.entity - (EntityResultInitializer) Done materializing entityInstance : com.example.physiokalendar.entity.Patient(269)#3537
2026-02-15 16:58:42.438 [http-nio-8080-exec-7] DEBUG org.hibernate.orm.results.loading - Calling top-level assembler (0 / 1) : org.hibernate.sql.results.graph.entity.internal.EntityAssembler@285ec95c
2026-02-15 16:58:42.438 [http-nio-8080-exec-7] DEBUG org.hibernate.orm.results - Extracted JDBC value [0] - [3538]
2026-02-15 16:58:42.438 [http-nio-8080-exec-7] DEBUG o.h.orm.results.loading.entity - (EntityResultInitializer) Hydrated EntityKey (com.example.physiokalendar.entity.Patient(269)): 3538
2026-02-15 16:58:42.438 [http-nio-8080-exec-7] DEBUG o.h.orm.results.loading.entity - (EntityResultInitializer) Created new entity instance [com.example.physiokalendar.entity.Patient(269)#3538] : 2038153637
2026-02-15 16:58:42.438 [http-nio-8080-exec-7] DEBUG org.hibernate.orm.results - Extracted JDBC value [1] - [2026-02-15T13:32:52]
2026-02-15 16:58:42.438 [http-nio-8080-exec-7] DEBUG org.hibernate.orm.results - Extracted JDBC value [2] - [2026-02-15T13:32:52]
2026-02-15 16:58:42.438 [http-nio-8080-exec-7] DEBUG org.hibernate.orm.results - Extracted JDBC value [3] - [null]
2026-02-15 16:58:42.438 [http-nio-8080-exec-7] DEBUG org.hibernate.orm.results - Extracted JDBC value [4] - [2026-02-15T13:32:52]
2026-02-15 16:58:42.438 [http-nio-8080-exec-7] DEBUG org.hibernate.orm.results - Extracted JDBC value [5] - [null]
2026-02-15 16:58:42.438 [http-nio-8080-exec-7] DEBUG org.hibernate.orm.results - Extracted JDBC value [6] - [null]
2026-02-15 16:58:42.438 [http-nio-8080-exec-7] DEBUG org.hibernate.orm.results - Extracted JDBC value [7] - [Stefan]
2026-02-15 16:58:42.438 [http-nio-8080-exec-7] DEBUG org.hibernate.orm.results - Extracted JDBC value [8] - [Stefan Tetzner]
2026-02-15 16:58:42.438 [http-nio-8080-exec-7] DEBUG org.hibernate.orm.results - Extracted JDBC value [9] - [null]
2026-02-15 16:58:42.438 [http-nio-8080-exec-7] DEBUG org.hibernate.orm.results - Extracted JDBC value [10] - [null]
2026-02-15 16:58:42.438 [http-nio-8080-exec-7] DEBUG org.hibernate.orm.results - Extracted JDBC value [11] - [true]
2026-02-15 16:58:42.438 [http-nio-8080-exec-7] DEBUG org.hibernate.orm.results - Extracted JDBC value [12] - [false]
2026-02-15 16:58:42.438 [http-nio-8080-exec-7] DEBUG org.hibernate.orm.results - Extracted JDBC value [13] - [Tetzner]
2026-02-15 16:58:42.438 [http-nio-8080-exec-7] DEBUG org.hibernate.orm.results - Extracted JDBC value [14] - [null]
2026-02-15 16:58:42.438 [http-nio-8080-exec-7] DEBUG org.hibernate.orm.results - Extracted JDBC value [15] - [null]
2026-02-15 16:58:42.438 [http-nio-8080-exec-7] DEBUG org.hibernate.orm.results - Extracted JDBC value [16] - [null]
2026-02-15 16:58:42.438 [http-nio-8080-exec-7] DEBUG org.hibernate.orm.results - Extracted JDBC value [17] - [null]
2026-02-15 16:58:42.438 [http-nio-8080-exec-7] DEBUG org.hibernate.orm.results - Extracted JDBC value [18] - [2026-02-15T13:32:52.461672]
2026-02-15 16:58:42.438 [http-nio-8080-exec-7] DEBUG o.h.orm.results.loading.entity - (EntityResultInitializer) Done materializing entityInstance : com.example.physiokalendar.entity.Patient(269)#3538
2026-02-15 16:58:42.438 [http-nio-8080-exec-7] DEBUG org.hibernate.orm.results.loading - Calling top-level assembler (0 / 1) : org.hibernate.sql.results.graph.entity.internal.EntityAssembler@285ec95c
2026-02-15 16:58:42.439 [http-nio-8080-exec-7] DEBUG org.hibernate.orm.results - Extracted JDBC value [0] - [3539]
2026-02-15 16:58:42.439 [http-nio-8080-exec-7] DEBUG o.h.orm.results.loading.entity - (EntityResultInitializer) Hydrated EntityKey (com.example.physiokalendar.entity.Patient(269)): 3539
2026-02-15 16:58:42.439 [http-nio-8080-exec-7] DEBUG o.h.orm.results.loading.entity - (EntityResultInitializer) Created new entity instance [com.example.physiokalendar.entity.Patient(269)#3539] : 939025552
2026-02-15 16:58:42.439 [http-nio-8080-exec-7] DEBUG org.hibernate.orm.results - Extracted JDBC value [1] - [2026-02-15T13:32:56]
2026-02-15 16:58:42.439 [http-nio-8080-exec-7] DEBUG org.hibernate.orm.results - Extracted JDBC value [2] - [2026-02-15T13:32:56]
2026-02-15 16:58:42.439 [http-nio-8080-exec-7] DEBUG org.hibernate.orm.results - Extracted JDBC value [3] - [null]
2026-02-15 16:58:42.439 [http-nio-8080-exec-7] DEBUG org.hibernate.orm.results - Extracted JDBC value [4] - [2026-02-15T13:32:56]
2026-02-15 16:58:42.439 [http-nio-8080-exec-7] DEBUG org.hibernate.orm.results - Extracted JDBC value [5] - [null]
2026-02-15 16:58:42.439 [http-nio-8080-exec-7] DEBUG org.hibernate.orm.results - Extracted JDBC value [6] - [null]
2026-02-15 16:58:42.439 [http-nio-8080-exec-7] DEBUG org.hibernate.orm.results - Extracted JDBC value [7] - [Jutta]
2026-02-15 16:58:42.439 [http-nio-8080-exec-7] DEBUG org.hibernate.orm.results - Extracted JDBC value [8] - [Jutta Sattler]
2026-02-15 16:58:42.439 [http-nio-8080-exec-7] DEBUG org.hibernate.orm.results - Extracted JDBC value [9] - [null]
2026-02-15 16:58:42.439 [http-nio-8080-exec-7] DEBUG org.hibernate.orm.results - Extracted JDBC value [10] - [null]
2026-02-15 16:58:42.439 [http-nio-8080-exec-7] DEBUG org.hibernate.orm.results - Extracted JDBC value [11] - [true]
2026-02-15 16:58:42.439 [http-nio-8080-exec-7] DEBUG org.hibernate.orm.results - Extracted JDBC value [12] - [false]
2026-02-15 16:58:42.439 [http-nio-8080-exec-7] DEBUG org.hibernate.orm.results - Extracted JDBC value [13] - [Sattler]
2026-02-15 16:58:42.439 [http-nio-8080-exec-7] DEBUG org.hibernate.orm.results - Extracted JDBC value [14] - [null]
2026-02-15 16:58:42.439 [http-nio-8080-exec-7] DEBUG org.hibernate.orm.results - Extracted JDBC value [15] - [null]
2026-02-15 16:58:42.439 [http-nio-8080-exec-7] DEBUG org.hibernate.orm.results - Extracted JDBC value [16] - [null]
2026-02-15 16:58:42.439 [http-nio-8080-exec-7] DEBUG org.hibernate.orm.results - Extracted JDBC value [17] - [null]
2026-02-15 16:58:42.439 [http-nio-8080-exec-7] DEBUG org.hibernate.orm.results - Extracted JDBC value [18] - [2026-02-15T13:32:55.791712]
2026-02-15 16:58:42.439 [http-nio-8080-exec-7] DEBUG o.h.orm.results.loading.entity - (EntityResultInitializer) Done materializing entityInstance : com.example.physiokalendar.entity.Patient(269)#3539
2026-02-15 16:58:42.440 [http-nio-8080-exec-7] DEBUG org.hibernate.orm.results.loading - Calling top-level assembler (0 / 1) : org.hibernate.sql.results.graph.entity.internal.EntityAssembler@285ec95c
2026-02-15 16:58:42.440 [http-nio-8080-exec-7] DEBUG org.hibernate.orm.results - Extracted JDBC value [0] - [3540]
2026-02-15 16:58:42.440 [http-nio-8080-exec-7] DEBUG o.h.orm.results.loading.entity - (EntityResultInitializer) Hydrated EntityKey (com.example.physiokalendar.entity.Patient(269)): 3540
2026-02-15 16:58:42.440 [http-nio-8080-exec-7] DEBUG o.h.orm.results.loading.entity - (EntityResultInitializer) Created new entity instance [com.example.physiokalendar.entity.Patient(269)#3540] : 247372812
2026-02-15 16:58:42.440 [http-nio-8080-exec-7] DEBUG org.hibernate.orm.results - Extracted JDBC value [1] - [2026-02-15T13:32:57]
2026-02-15 16:58:42.440 [http-nio-8080-exec-7] DEBUG org.hibernate.orm.results - Extracted JDBC value [2] - [2026-02-15T13:32:57]
2026-02-15 16:58:42.440 [http-nio-8080-exec-7] DEBUG org.hibernate.orm.results - Extracted JDBC value [3] - [null]
2026-02-15 16:58:42.440 [http-nio-8080-exec-7] DEBUG org.hibernate.orm.results - Extracted JDBC value [4] - [2026-02-15T13:32:57]
2026-02-15 16:58:42.440 [http-nio-8080-exec-7] DEBUG org.hibernate.orm.results - Extracted JDBC value [5] - [null]
2026-02-15 16:58:42.440 [http-nio-8080-exec-7] DEBUG org.hibernate.orm.results - Extracted JDBC value [6] - [null]
2026-02-15 16:58:42.440 [http-nio-8080-exec-7] DEBUG org.hibernate.orm.results - Extracted JDBC value [7] - [Annette]
2026-02-15 16:58:42.440 [http-nio-8080-exec-7] DEBUG org.hibernate.orm.results - Extracted JDBC value [8] - [Annette Celentin]
2026-02-15 16:58:42.440 [http-nio-8080-exec-7] DEBUG org.hibernate.orm.results - Extracted JDBC value [9] - [null]
2026-02-15 16:58:42.440 [http-nio-8080-exec-7] DEBUG org.hibernate.orm.results - Extracted JDBC value [10] - [null]
2026-02-15 16:58:42.440 [http-nio-8080-exec-7] DEBUG org.hibernate.orm.results - Extracted JDBC value [11] - [true]
2026-02-15 16:58:42.440 [http-nio-8080-exec-7] DEBUG org.hibernate.orm.results - Extracted JDBC value [12] - [false]
2026-02-15 16:58:42.440 [http-nio-8080-exec-7] DEBUG org.hibernate.orm.results - Extracted JDBC value [13] - [Celentin]
2026-02-15 16:58:42.440 [http-nio-8080-exec-7] DEBUG org.hibernate.orm.results - Extracted JDBC value [14] - [null]
2026-02-15 16:58:42.440 [http-nio-8080-exec-7] DEBUG org.hibernate.orm.results - Extracted JDBC value [15] - [null]
2026-02-15 16:58:42.440 [http-nio-8080-exec-7] DEBUG org.hibernate.orm.results - Extracted JDBC value [16] - [null]
2026-02-15 16:58:42.440 [http-nio-8080-exec-7] DEBUG org.hibernate.orm.results - Extracted JDBC value [17] - [null]
2026-02-15 16:58:42.440 [http-nio-8080-exec-7] DEBUG org.hibernate.orm.results - Extracted JDBC value [18] - [2026-02-15T13:32:56.801949]
2026-02-15 16:58:42.440 [http-nio-8080-exec-7] DEBUG o.h.orm.results.loading.entity - (EntityResultInitializer) Done materializing entityInstance : com.example.physiokalendar.entity.Patient(269)#3540
2026-02-15 16:58:42.440 [http-nio-8080-exec-7] DEBUG org.hibernate.orm.results.loading - Calling top-level assembler (0 / 1) : org.hibernate.sql.results.graph.entity.internal.EntityAssembler@285ec95c
2026-02-15 16:58:42.440 [http-nio-8080-exec-7] DEBUG org.hibernate.orm.results - Extracted JDBC value [0] - [3541]
2026-02-15 16:58:42.440 [http-nio-8080-exec-7] DEBUG o.h.orm.results.loading.entity - (EntityResultInitializer) Hydrated EntityKey (com.example.physiokalendar.entity.Patient(269)): 3541
2026-02-15 16:58:42.440 [http-nio-8080-exec-7] DEBUG o.h.orm.results.loading.entity - (EntityResultInitializer) Created new entity instance [com.example.physiokalendar.entity.Patient(269)#3541] : 673808561
2026-02-15 16:58:42.440 [http-nio-8080-exec-7] DEBUG org.hibernate.orm.results - Extracted JDBC value [1] - [2026-02-15T13:45:32]
2026-02-15 16:58:42.441 [http-nio-8080-exec-7] DEBUG org.hibernate.orm.results - Extracted JDBC value [2] - [2026-02-15T13:45:32]
2026-02-15 16:58:42.441 [http-nio-8080-exec-7] DEBUG org.hibernate.orm.results - Extracted JDBC value [3] - [null]
2026-02-15 16:58:42.441 [http-nio-8080-exec-7] DEBUG org.hibernate.orm.results - Extracted JDBC value [4] - [2026-02-15T13:45:32]
2026-02-15 16:58:42.441 [http-nio-8080-exec-7] DEBUG org.hibernate.orm.results - Extracted JDBC value [5] - [null]
2026-02-15 16:58:42.441 [http-nio-8080-exec-7] DEBUG org.hibernate.orm.results - Extracted JDBC value [6] - [null]
2026-02-15 16:58:42.441 [http-nio-8080-exec-7] DEBUG org.hibernate.orm.results - Extracted JDBC value [7] - [Heide]
2026-02-15 16:58:42.441 [http-nio-8080-exec-7] DEBUG org.hibernate.orm.results - Extracted JDBC value [8] - [Heide Bauer]
2026-02-15 16:58:42.441 [http-nio-8080-exec-7] DEBUG org.hibernate.orm.results - Extracted JDBC value [9] - [null]
2026-02-15 16:58:42.441 [http-nio-8080-exec-7] DEBUG org.hibernate.orm.results - Extracted JDBC value [10] - [null]
2026-02-15 16:58:42.441 [http-nio-8080-exec-7] DEBUG org.hibernate.orm.results - Extracted JDBC value [11] - [true]
2026-02-15 16:58:42.441 [http-nio-8080-exec-7] DEBUG org.hibernate.orm.results - Extracted JDBC value [12] - [false]
2026-02-15 16:58:42.441 [http-nio-8080-exec-7] DEBUG org.hibernate.orm.results - Extracted JDBC value [13] - [Bauer]
2026-02-15 16:58:42.441 [http-nio-8080-exec-7] DEBUG org.hibernate.orm.results - Extracted JDBC value [14] - [null]
2026-02-15 16:58:42.441 [http-nio-8080-exec-7] DEBUG org.hibernate.orm.results - Extracted JDBC value [15] - [null]
2026-02-15 16:58:42.441 [http-nio-8080-exec-7] DEBUG org.hibernate.orm.results - Extracted JDBC value [16] - [null]
2026-02-15 16:58:42.441 [http-nio-8080-exec-7] DEBUG org.hibernate.orm.results - Extracted JDBC value [17] - [null]
2026-02-15 16:58:42.441 [http-nio-8080-exec-7] DEBUG org.hibernate.orm.results - Extracted JDBC value [18] - [2026-02-15T13:45:32.150879]
2026-02-15 16:58:42.441 [http-nio-8080-exec-7] DEBUG o.h.orm.results.loading.entity - (EntityResultInitializer) Done materializing entityInstance : com.example.physiokalendar.entity.Patient(269)#3541
2026-02-15 16:58:42.441 [http-nio-8080-exec-7] DEBUG org.hibernate.orm.results.loading - Calling top-level assembler (0 / 1) : org.hibernate.sql.results.graph.entity.internal.EntityAssembler@285ec95c
2026-02-15 16:58:42.441 [http-nio-8080-exec-7] DEBUG org.hibernate.orm.results - Extracted JDBC value [0] - [3542]
2026-02-15 16:58:42.441 [http-nio-8080-exec-7] DEBUG o.h.orm.results.loading.entity - (EntityResultInitializer) Hydrated EntityKey (com.example.physiokalendar.entity.Patient(269)): 3542
2026-02-15 16:58:42.441 [http-nio-8080-exec-7] DEBUG o.h.orm.results.loading.entity - (EntityResultInitializer) Created new entity instance [com.example.physiokalendar.entity.Patient(269)#3542] : 259525368
2026-02-15 16:58:42.442 [http-nio-8080-exec-7] DEBUG org.hibernate.orm.results - Extracted JDBC value [1] - [2026-02-15T13:45:35]
2026-02-15 16:58:42.442 [http-nio-8080-exec-7] DEBUG org.hibernate.orm.results - Extracted JDBC value [2] - [2026-02-15T13:45:35]
2026-02-15 16:58:42.442 [http-nio-8080-exec-7] DEBUG org.hibernate.orm.results - Extracted JDBC value [3] - [null]
2026-02-15 16:58:42.442 [http-nio-8080-exec-7] DEBUG org.hibernate.orm.results - Extracted JDBC value [4] - [2026-02-15T13:45:35]
2026-02-15 16:58:42.442 [http-nio-8080-exec-7] DEBUG org.hibernate.orm.results - Extracted JDBC value [5] - [null]
2026-02-15 16:58:42.442 [http-nio-8080-exec-7] DEBUG org.hibernate.orm.results - Extracted JDBC value [6] - [null]
2026-02-15 16:58:42.442 [http-nio-8080-exec-7] DEBUG org.hibernate.orm.results - Extracted JDBC value [7] - [Werner]
2026-02-15 16:58:42.442 [http-nio-8080-exec-7] DEBUG org.hibernate.orm.results - Extracted JDBC value [8] - [Werner Becker-Blonigen]
2026-02-15 16:58:42.442 [http-nio-8080-exec-7] DEBUG org.hibernate.orm.results - Extracted JDBC value [9] - [null]
2026-02-15 16:58:42.442 [http-nio-8080-exec-7] DEBUG org.hibernate.orm.results - Extracted JDBC value [10] - [null]
2026-02-15 16:58:42.442 [http-nio-8080-exec-7] DEBUG org.hibernate.orm.results - Extracted JDBC value [11] - [true]
2026-02-15 16:58:42.442 [http-nio-8080-exec-7] DEBUG org.hibernate.orm.results - Extracted JDBC value [12] - [false]
2026-02-15 16:58:42.442 [http-nio-8080-exec-7] DEBUG org.hibernate.orm.results - Extracted JDBC value [13] - [Becker-Blonigen]
2026-02-15 16:58:42.442 [http-nio-8080-exec-7] DEBUG org.hibernate.orm.results - Extracted JDBC value [14] - [null]
2026-02-15 16:58:42.442 [http-nio-8080-exec-7] DEBUG org.hibernate.orm.results - Extracted JDBC value [15] - [null]
2026-02-15 16:58:42.442 [http-nio-8080-exec-7] DEBUG org.hibernate.orm.results - Extracted JDBC value [16] - [null]
2026-02-15 16:58:42.442 [http-nio-8080-exec-7] DEBUG org.hibernate.orm.results - Extracted JDBC value [17] - [null]
2026-02-15 16:58:42.442 [http-nio-8080-exec-7] DEBUG org.hibernate.orm.results - Extracted JDBC value [18] - [2026-02-15T13:45:34.572549]
2026-02-15 16:58:42.442 [http-nio-8080-exec-7] DEBUG o.h.orm.results.loading.entity - (EntityResultInitializer) Done materializing entityInstance : com.example.physiokalendar.entity.Patient(269)#3542
2026-02-15 16:58:42.442 [http-nio-8080-exec-7] DEBUG org.hibernate.orm.results.loading - Calling top-level assembler (0 / 1) : org.hibernate.sql.results.graph.entity.internal.EntityAssembler@285ec95c
2026-02-15 16:58:42.442 [http-nio-8080-exec-7] DEBUG org.hibernate.orm.results - Extracted JDBC value [0] - [3543]
2026-02-15 16:58:42.442 [http-nio-8080-exec-7] DEBUG o.h.orm.results.loading.entity - (EntityResultInitializer) Hydrated EntityKey (com.example.physiokalendar.entity.Patient(269)): 3543
2026-02-15 16:58:42.442 [http-nio-8080-exec-7] DEBUG o.h.orm.results.loading.entity - (EntityResultInitializer) Created new entity instance [com.example.physiokalendar.entity.Patient(269)#3543] : 2068849507
2026-02-15 16:58:42.442 [http-nio-8080-exec-7] DEBUG org.hibernate.orm.results - Extracted JDBC value [1] - [2026-02-15T13:45:38]
2026-02-15 16:58:42.442 [http-nio-8080-exec-7] DEBUG org.hibernate.orm.results - Extracted JDBC value [2] - [2026-02-15T13:45:38]
2026-02-15 16:58:42.442 [http-nio-8080-exec-7] DEBUG org.hibernate.orm.results - Extracted JDBC value [3] - [null]
2026-02-15 16:58:42.442 [http-nio-8080-exec-7] DEBUG org.hibernate.orm.results - Extracted JDBC value [4] - [2026-02-15T13:45:38]
2026-02-15 16:58:42.443 [http-nio-8080-exec-7] DEBUG org.hibernate.orm.results - Extracted JDBC value [5] - [null]
2026-02-15 16:58:42.443 [http-nio-8080-exec-7] DEBUG org.hibernate.orm.results - Extracted JDBC value [6] - [null]
2026-02-15 16:58:42.443 [http-nio-8080-exec-7] DEBUG org.hibernate.orm.results - Extracted JDBC value [7] - [Arno]
2026-02-15 16:58:42.443 [http-nio-8080-exec-7] DEBUG org.hibernate.orm.results - Extracted JDBC value [8] - [Arno Simon]
2026-02-15 16:58:42.443 [http-nio-8080-exec-7] DEBUG org.hibernate.orm.results - Extracted JDBC value [9] - [null]
2026-02-15 16:58:42.443 [http-nio-8080-exec-7] DEBUG org.hibernate.orm.results - Extracted JDBC value [10] - [null]
2026-02-15 16:58:42.443 [http-nio-8080-exec-7] DEBUG org.hibernate.orm.results - Extracted JDBC value [11] - [true]
2026-02-15 16:58:42.443 [http-nio-8080-exec-7] DEBUG org.hibernate.orm.results - Extracted JDBC value [12] - [false]
2026-02-15 16:58:42.443 [http-nio-8080-exec-7] DEBUG org.hibernate.orm.results - Extracted JDBC value [13] - [Simon]
2026-02-15 16:58:42.443 [http-nio-8080-exec-7] DEBUG org.hibernate.orm.results - Extracted JDBC value [14] - [null]
2026-02-15 16:58:42.443 [http-nio-8080-exec-7] DEBUG org.hibernate.orm.results - Extracted JDBC value [15] - [null]
2026-02-15 16:58:42.443 [http-nio-8080-exec-7] DEBUG org.hibernate.orm.results - Extracted JDBC value [16] - [null]
2026-02-15 16:58:42.443 [http-nio-8080-exec-7] DEBUG org.hibernate.orm.results - Extracted JDBC value [17] - [null]
2026-02-15 16:58:42.443 [http-nio-8080-exec-7] DEBUG org.hibernate.orm.results - Extracted JDBC value [18] - [2026-02-15T13:45:37.862738]
2026-02-15 16:58:42.443 [http-nio-8080-exec-7] DEBUG o.h.orm.results.loading.entity - (EntityResultInitializer) Done materializing entityInstance : com.example.physiokalendar.entity.Patient(269)#3543
2026-02-15 16:58:42.443 [http-nio-8080-exec-7] DEBUG org.hibernate.orm.results.loading - Calling top-level assembler (0 / 1) : org.hibernate.sql.results.graph.entity.internal.EntityAssembler@285ec95c
2026-02-15 16:58:42.443 [http-nio-8080-exec-7] DEBUG org.hibernate.orm.results - Extracted JDBC value [0] - [3544]
2026-02-15 16:58:42.443 [http-nio-8080-exec-7] DEBUG o.h.orm.results.loading.entity - (EntityResultInitializer) Hydrated EntityKey (com.example.physiokalendar.entity.Patient(269)): 3544
2026-02-15 16:58:42.443 [http-nio-8080-exec-7] DEBUG o.h.orm.results.loading.entity - (EntityResultInitializer) Created new entity instance [com.example.physiokalendar.entity.Patient(269)#3544] : 32804601
2026-02-15 16:58:42.443 [http-nio-8080-exec-7] DEBUG org.hibernate.orm.results - Extracted JDBC value [1] - [2026-02-15T13:51:37]
2026-02-15 16:58:42.443 [http-nio-8080-exec-7] DEBUG org.hibernate.orm.results - Extracted JDBC value [2] - [2026-02-15T13:51:37]
2026-02-15 16:58:42.443 [http-nio-8080-exec-7] DEBUG org.hibernate.orm.results - Extracted JDBC value [3] - [null]
2026-02-15 16:58:42.443 [http-nio-8080-exec-7] DEBUG org.hibernate.orm.results - Extracted JDBC value [4] - [2026-02-15T13:51:37]
2026-02-15 16:58:42.443 [http-nio-8080-exec-7] DEBUG org.hibernate.orm.results - Extracted JDBC value [5] - [null]
2026-02-15 16:58:42.443 [http-nio-8080-exec-7] DEBUG org.hibernate.orm.results - Extracted JDBC value [6] - [null]
2026-02-15 16:58:42.443 [http-nio-8080-exec-7] DEBUG org.hibernate.orm.results - Extracted JDBC value [7] - [Heinz + ET]
2026-02-15 16:58:42.443 [http-nio-8080-exec-7] DEBUG org.hibernate.orm.results - Extracted JDBC value [8] - [Heinz + ET Eisenbach]
2026-02-15 16:58:42.443 [http-nio-8080-exec-7] DEBUG org.hibernate.orm.results - Extracted JDBC value [9] - [null]
2026-02-15 16:58:42.443 [http-nio-8080-exec-7] DEBUG org.hibernate.orm.results - Extracted JDBC value [10] - [null]
2026-02-15 16:58:42.443 [http-nio-8080-exec-7] DEBUG org.hibernate.orm.results - Extracted JDBC value [11] - [true]
2026-02-15 16:58:42.443 [http-nio-8080-exec-7] DEBUG org.hibernate.orm.results - Extracted JDBC value [12] - [false]
2026-02-15 16:58:42.443 [http-nio-8080-exec-7] DEBUG org.hibernate.orm.results - Extracted JDBC value [13] - [Eisenbach]
2026-02-15 16:58:42.443 [http-nio-8080-exec-7] DEBUG org.hibernate.orm.results - Extracted JDBC value [14] - [null]
2026-02-15 16:58:42.443 [http-nio-8080-exec-7] DEBUG org.hibernate.orm.results - Extracted JDBC value [15] - [null]
2026-02-15 16:58:42.443 [http-nio-8080-exec-7] DEBUG org.hibernate.orm.results - Extracted JDBC value [16] - [null]
2026-02-15 16:58:42.443 [http-nio-8080-exec-7] DEBUG org.hibernate.orm.results - Extracted JDBC value [17] - [null]
2026-02-15 16:58:42.443 [http-nio-8080-exec-7] DEBUG org.hibernate.orm.results - Extracted JDBC value [18] - [2026-02-15T13:51:36.929153]
2026-02-15 16:58:42.443 [http-nio-8080-exec-7] DEBUG o.h.orm.results.loading.entity - (EntityResultInitializer) Done materializing entityInstance : com.example.physiokalendar.entity.Patient(269)#3544
2026-02-15 16:58:42.443 [http-nio-8080-exec-7] DEBUG org.hibernate.orm.results.loading - Calling top-level assembler (0 / 1) : org.hibernate.sql.results.graph.entity.internal.EntityAssembler@285ec95c
2026-02-15 16:58:42.443 [http-nio-8080-exec-7] DEBUG org.hibernate.orm.results - Extracted JDBC value [0] - [3545]
2026-02-15 16:58:42.443 [http-nio-8080-exec-7] DEBUG o.h.orm.results.loading.entity - (EntityResultInitializer) Hydrated EntityKey (com.example.physiokalendar.entity.Patient(269)): 3545
2026-02-15 16:58:42.443 [http-nio-8080-exec-7] DEBUG o.h.orm.results.loading.entity - (EntityResultInitializer) Created new entity instance [com.example.physiokalendar.entity.Patient(269)#3545] : 1698478718
2026-02-15 16:58:42.443 [http-nio-8080-exec-7] DEBUG org.hibernate.orm.results - Extracted JDBC value [1] - [2026-02-15T13:51:37]
2026-02-15 16:58:42.443 [http-nio-8080-exec-7] DEBUG org.hibernate.orm.results - Extracted JDBC value [2] - [2026-02-15T13:51:37]
2026-02-15 16:58:42.443 [http-nio-8080-exec-7] DEBUG org.hibernate.orm.results - Extracted JDBC value [3] - [null]
2026-02-15 16:58:42.443 [http-nio-8080-exec-7] DEBUG org.hibernate.orm.results - Extracted JDBC value [4] - [2026-02-15T13:51:37]
2026-02-15 16:58:42.443 [http-nio-8080-exec-7] DEBUG org.hibernate.orm.results - Extracted JDBC value [5] - [null]
2026-02-15 16:58:42.443 [http-nio-8080-exec-7] DEBUG org.hibernate.orm.results - Extracted JDBC value [6] - [null]
2026-02-15 16:58:42.444 [http-nio-8080-exec-7] DEBUG org.hibernate.orm.results - Extracted JDBC value [7] - [Angelika]
2026-02-15 16:58:42.444 [http-nio-8080-exec-7] DEBUG org.hibernate.orm.results - Extracted JDBC value [8] - [Angelika Schmalz]
2026-02-15 16:58:42.444 [http-nio-8080-exec-7] DEBUG org.hibernate.orm.results - Extracted JDBC value [9] - [null]
2026-02-15 16:58:42.444 [http-nio-8080-exec-7] DEBUG org.hibernate.orm.results - Extracted JDBC value [10] - [null]
2026-02-15 16:58:42.444 [http-nio-8080-exec-7] DEBUG org.hibernate.orm.results - Extracted JDBC value [11] - [true]
2026-02-15 16:58:42.444 [http-nio-8080-exec-7] DEBUG org.hibernate.orm.results - Extracted JDBC value [12] - [false]
2026-02-15 16:58:42.444 [http-nio-8080-exec-7] DEBUG org.hibernate.orm.results - Extracted JDBC value [13] - [Schmalz]
2026-02-15 16:58:42.444 [http-nio-8080-exec-7] DEBUG org.hibernate.orm.results - Extracted JDBC value [14] - [null]
2026-02-15 16:58:42.444 [http-nio-8080-exec-7] DEBUG org.hibernate.orm.results - Extracted JDBC value [15] - [null]
2026-02-15 16:58:42.444 [http-nio-8080-exec-7] DEBUG org.hibernate.orm.results - Extracted JDBC value [16] - [null]
2026-02-15 16:58:42.444 [http-nio-8080-exec-7] DEBUG org.hibernate.orm.results - Extracted JDBC value [17] - [null]
2026-02-15 16:58:42.444 [http-nio-8080-exec-7] DEBUG org.hibernate.orm.results - Extracted JDBC value [18] - [2026-02-15T13:51:37.031463]
2026-02-15 16:58:42.444 [http-nio-8080-exec-7] DEBUG o.h.orm.results.loading.entity - (EntityResultInitializer) Done materializing entityInstance : com.example.physiokalendar.entity.Patient(269)#3545
2026-02-15 16:58:42.444 [http-nio-8080-exec-7] DEBUG org.hibernate.orm.results.loading - Calling top-level assembler (0 / 1) : org.hibernate.sql.results.graph.entity.internal.EntityAssembler@285ec95c
2026-02-15 16:58:42.445 [http-nio-8080-exec-7] DEBUG org.hibernate.orm.results - Extracted JDBC value [0] - [3546]
2026-02-15 16:58:42.445 [http-nio-8080-exec-7] DEBUG o.h.orm.results.loading.entity - (EntityResultInitializer) Hydrated EntityKey (com.example.physiokalendar.entity.Patient(269)): 3546
2026-02-15 16:58:42.445 [http-nio-8080-exec-7] DEBUG o.h.orm.results.loading.entity - (EntityResultInitializer) Created new entity instance [com.example.physiokalendar.entity.Patient(269)#3546] : 710693867
2026-02-15 16:58:42.445 [http-nio-8080-exec-7] DEBUG org.hibernate.orm.results - Extracted JDBC value [1] - [2026-02-15T13:51:38]
2026-02-15 16:58:42.445 [http-nio-8080-exec-7] DEBUG org.hibernate.orm.results - Extracted JDBC value [2] - [2026-02-15T13:51:38]
2026-02-15 16:58:42.445 [http-nio-8080-exec-7] DEBUG org.hibernate.orm.results - Extracted JDBC value [3] - [null]
2026-02-15 16:58:42.445 [http-nio-8080-exec-7] DEBUG org.hibernate.orm.results - Extracted JDBC value [4] - [2026-02-15T13:51:38]
2026-02-15 16:58:42.445 [http-nio-8080-exec-7] DEBUG org.hibernate.orm.results - Extracted JDBC value [5] - [null]
2026-02-15 16:58:42.445 [http-nio-8080-exec-7] DEBUG org.hibernate.orm.results - Extracted JDBC value [6] - [null]
2026-02-15 16:58:42.445 [http-nio-8080-exec-7] DEBUG org.hibernate.orm.results - Extracted JDBC value [7] - [Susanne]
2026-02-15 16:58:42.445 [http-nio-8080-exec-7] DEBUG org.hibernate.orm.results - Extracted JDBC value [8] - [Susanne Merzhäuser]
2026-02-15 16:58:42.445 [http-nio-8080-exec-7] DEBUG org.hibernate.orm.results - Extracted JDBC value [9] - [null]
2026-02-15 16:58:42.445 [http-nio-8080-exec-7] DEBUG org.hibernate.orm.results - Extracted JDBC value [10] - [null]
2026-02-15 16:58:42.445 [http-nio-8080-exec-7] DEBUG org.hibernate.orm.results - Extracted JDBC value [11] - [true]
2026-02-15 16:58:42.445 [http-nio-8080-exec-7] DEBUG org.hibernate.orm.results - Extracted JDBC value [12] - [false]
2026-02-15 16:58:42.445 [http-nio-8080-exec-7] DEBUG org.hibernate.orm.results - Extracted JDBC value [13] - [Merzhäuser]
2026-02-15 16:58:42.445 [http-nio-8080-exec-7] DEBUG org.hibernate.orm.results - Extracted JDBC value [14] - [null]
2026-02-15 16:58:42.445 [http-nio-8080-exec-7] DEBUG org.hibernate.orm.results - Extracted JDBC value [15] - [null]
2026-02-15 16:58:42.445 [http-nio-8080-exec-7] DEBUG org.hibernate.orm.results - Extracted JDBC value [16] - [null]
2026-02-15 16:58:42.445 [http-nio-8080-exec-7] DEBUG org.hibernate.orm.results - Extracted JDBC value [17] - [null]
2026-02-15 16:58:42.445 [http-nio-8080-exec-7] DEBUG org.hibernate.orm.results - Extracted JDBC value [18] - [2026-02-15T13:51:37.542103]
2026-02-15 16:58:42.445 [http-nio-8080-exec-7] DEBUG o.h.orm.results.loading.entity - (EntityResultInitializer) Done materializing entityInstance : com.example.physiokalendar.entity.Patient(269)#3546
2026-02-15 16:58:42.446 [http-nio-8080-exec-7] DEBUG org.hibernate.orm.results.loading - Calling top-level assembler (0 / 1) : org.hibernate.sql.results.graph.entity.internal.EntityAssembler@285ec95c
2026-02-15 16:58:42.446 [http-nio-8080-exec-7] DEBUG org.hibernate.orm.results - Extracted JDBC value [0] - [3547]
2026-02-15 16:58:42.446 [http-nio-8080-exec-7] DEBUG o.h.orm.results.loading.entity - (EntityResultInitializer) Hydrated EntityKey (com.example.physiokalendar.entity.Patient(269)): 3547
2026-02-15 16:58:42.446 [http-nio-8080-exec-7] DEBUG o.h.orm.results.loading.entity - (EntityResultInitializer) Created new entity instance [com.example.physiokalendar.entity.Patient(269)#3547] : 1357719288
2026-02-15 16:58:42.446 [http-nio-8080-exec-7] DEBUG org.hibernate.orm.results - Extracted JDBC value [1] - [2026-02-15T13:51:38]
2026-02-15 16:58:42.446 [http-nio-8080-exec-7] DEBUG org.hibernate.orm.results - Extracted JDBC value [2] - [2026-02-15T13:51:38]
2026-02-15 16:58:42.446 [http-nio-8080-exec-7] DEBUG org.hibernate.orm.results - Extracted JDBC value [3] - [null]
2026-02-15 16:58:42.446 [http-nio-8080-exec-7] DEBUG org.hibernate.orm.results - Extracted JDBC value [4] - [2026-02-15T13:51:38]
2026-02-15 16:58:42.446 [http-nio-8080-exec-7] DEBUG org.hibernate.orm.results - Extracted JDBC value [5] - [null]
2026-02-15 16:58:42.446 [http-nio-8080-exec-7] DEBUG org.hibernate.orm.results - Extracted JDBC value [6] - [null]
2026-02-15 16:58:42.446 [http-nio-8080-exec-7] DEBUG org.hibernate.orm.results - Extracted JDBC value [7] - [Harald]
2026-02-15 16:58:42.446 [http-nio-8080-exec-7] DEBUG org.hibernate.orm.results - Extracted JDBC value [8] - [Harald Sattler]
2026-02-15 16:58:42.446 [http-nio-8080-exec-7] DEBUG org.hibernate.orm.results - Extracted JDBC value [9] - [null]
2026-02-15 16:58:42.446 [http-nio-8080-exec-7] DEBUG org.hibernate.orm.results - Extracted JDBC value [10] - [null]
2026-02-15 16:58:42.446 [http-nio-8080-exec-7] DEBUG org.hibernate.orm.results - Extracted JDBC value [11] - [true]
2026-02-15 16:58:42.446 [http-nio-8080-exec-7] DEBUG org.hibernate.orm.results - Extracted JDBC value [12] - [false]
2026-02-15 16:58:42.446 [http-nio-8080-exec-7] DEBUG org.hibernate.orm.results - Extracted JDBC value [13] - [Sattler]
2026-02-15 16:58:42.446 [http-nio-8080-exec-7] DEBUG org.hibernate.orm.results - Extracted JDBC value [14] - [null]
2026-02-15 16:58:42.446 [http-nio-8080-exec-7] DEBUG org.hibernate.orm.results - Extracted JDBC value [15] - [null]
2026-02-15 16:58:42.446 [http-nio-8080-exec-7] DEBUG org.hibernate.orm.results - Extracted JDBC value [16] - [null]
2026-02-15 16:58:42.446 [http-nio-8080-exec-7] DEBUG org.hibernate.orm.results - Extracted JDBC value [17] - [null]
2026-02-15 16:58:42.446 [http-nio-8080-exec-7] DEBUG org.hibernate.orm.results - Extracted JDBC value [18] - [2026-02-15T13:51:37.966932]
2026-02-15 16:58:42.446 [http-nio-8080-exec-7] DEBUG o.h.orm.results.loading.entity - (EntityResultInitializer) Done materializing entityInstance : com.example.physiokalendar.entity.Patient(269)#3547
2026-02-15 16:58:42.446 [http-nio-8080-exec-7] DEBUG org.hibernate.orm.results.loading - Calling top-level assembler (0 / 1) : org.hibernate.sql.results.graph.entity.internal.EntityAssembler@285ec95c
2026-02-15 16:58:42.446 [http-nio-8080-exec-7] DEBUG org.hibernate.orm.results - Extracted JDBC value [0] - [3548]
2026-02-15 16:58:42.446 [http-nio-8080-exec-7] DEBUG o.h.orm.results.loading.entity - (EntityResultInitializer) Hydrated EntityKey (com.example.physiokalendar.entity.Patient(269)): 3548
2026-02-15 16:58:42.446 [http-nio-8080-exec-7] DEBUG o.h.orm.results.loading.entity - (EntityResultInitializer) Created new entity instance [com.example.physiokalendar.entity.Patient(269)#3548] : 1967913306
2026-02-15 16:58:42.446 [http-nio-8080-exec-7] DEBUG org.hibernate.orm.results - Extracted JDBC value [1] - [2026-02-15T13:51:39]
2026-02-15 16:58:42.446 [http-nio-8080-exec-7] DEBUG org.hibernate.orm.results - Extracted JDBC value [2] - [2026-02-15T13:51:39]
2026-02-15 16:58:42.446 [http-nio-8080-exec-7] DEBUG org.hibernate.orm.results - Extracted JDBC value [3] - [null]
2026-02-15 16:58:42.447 [http-nio-8080-exec-7] DEBUG org.hibernate.orm.results - Extracted JDBC value [4] - [2026-02-15T13:51:39]
2026-02-15 16:58:42.447 [http-nio-8080-exec-7] DEBUG org.hibernate.orm.results - Extracted JDBC value [5] - [null]
2026-02-15 16:58:42.447 [http-nio-8080-exec-7] DEBUG org.hibernate.orm.results - Extracted JDBC value [6] - [null]
2026-02-15 16:58:42.447 [http-nio-8080-exec-7] DEBUG org.hibernate.orm.results - Extracted JDBC value [7] - [Waldemar]
2026-02-15 16:58:42.447 [http-nio-8080-exec-7] DEBUG org.hibernate.orm.results - Extracted JDBC value [8] - [Waldemar Stieben]
2026-02-15 16:58:42.447 [http-nio-8080-exec-7] DEBUG org.hibernate.orm.results - Extracted JDBC value [9] - [null]
2026-02-15 16:58:42.447 [http-nio-8080-exec-7] DEBUG org.hibernate.orm.results - Extracted JDBC value [10] - [null]
2026-02-15 16:58:42.447 [http-nio-8080-exec-7] DEBUG org.hibernate.orm.results - Extracted JDBC value [11] - [true]
2026-02-15 16:58:42.447 [http-nio-8080-exec-7] DEBUG org.hibernate.orm.results - Extracted JDBC value [12] - [false]
2026-02-15 16:58:42.447 [http-nio-8080-exec-7] DEBUG org.hibernate.orm.results - Extracted JDBC value [13] - [Stieben]
2026-02-15 16:58:42.447 [http-nio-8080-exec-7] DEBUG org.hibernate.orm.results - Extracted JDBC value [14] - [null]
2026-02-15 16:58:42.447 [http-nio-8080-exec-7] DEBUG org.hibernate.orm.results - Extracted JDBC value [15] - [null]
2026-02-15 16:58:42.447 [http-nio-8080-exec-7] DEBUG org.hibernate.orm.results - Extracted JDBC value [16] - [null]
2026-02-15 16:58:42.447 [http-nio-8080-exec-7] DEBUG org.hibernate.orm.results - Extracted JDBC value [17] - [null]
2026-02-15 16:58:42.447 [http-nio-8080-exec-7] DEBUG org.hibernate.orm.results - Extracted JDBC value [18] - [2026-02-15T13:51:38.578883]
2026-02-15 16:58:42.447 [http-nio-8080-exec-7] DEBUG o.h.orm.results.loading.entity - (EntityResultInitializer) Done materializing entityInstance : com.example.physiokalendar.entity.Patient(269)#3548
2026-02-15 16:58:42.447 [http-nio-8080-exec-7] DEBUG org.hibernate.orm.results.loading - Calling top-level assembler (0 / 1) : org.hibernate.sql.results.graph.entity.internal.EntityAssembler@285ec95c
2026-02-15 16:58:42.447 [http-nio-8080-exec-7] DEBUG org.hibernate.orm.results - Extracted JDBC value [0] - [3549]
2026-02-15 16:58:42.447 [http-nio-8080-exec-7] DEBUG o.h.orm.results.loading.entity - (EntityResultInitializer) Hydrated EntityKey (com.example.physiokalendar.entity.Patient(269)): 3549
2026-02-15 16:58:42.447 [http-nio-8080-exec-7] DEBUG o.h.orm.results.loading.entity - (EntityResultInitializer) Created new entity instance [com.example.physiokalendar.entity.Patient(269)#3549] : 1965310663
2026-02-15 16:58:42.447 [http-nio-8080-exec-7] DEBUG org.hibernate.orm.results - Extracted JDBC value [1] - [2026-02-15T13:51:39]
2026-02-15 16:58:42.447 [http-nio-8080-exec-7] DEBUG org.hibernate.orm.results - Extracted JDBC value [2] - [2026-02-15T13:51:39]
2026-02-15 16:58:42.448 [http-nio-8080-exec-7] DEBUG org.hibernate.orm.results - Extracted JDBC value [3] - [null]
2026-02-15 16:58:42.448 [http-nio-8080-exec-7] DEBUG org.hibernate.orm.results - Extracted JDBC value [4] - [2026-02-15T13:51:39]
2026-02-15 16:58:42.448 [http-nio-8080-exec-7] DEBUG org.hibernate.orm.results - Extracted JDBC value [5] - [null]
2026-02-15 16:58:42.448 [http-nio-8080-exec-7] DEBUG org.hibernate.orm.results - Extracted JDBC value [6] - [null]
2026-02-15 16:58:42.448 [http-nio-8080-exec-7] DEBUG org.hibernate.orm.results - Extracted JDBC value [7] - [Brigitte]
2026-02-15 16:58:42.448 [http-nio-8080-exec-7] DEBUG org.hibernate.orm.results - Extracted JDBC value [8] - [Brigitte Katzenbach]
2026-02-15 16:58:42.448 [http-nio-8080-exec-7] DEBUG org.hibernate.orm.results - Extracted JDBC value [9] - [null]
2026-02-15 16:58:42.448 [http-nio-8080-exec-7] DEBUG org.hibernate.orm.results - Extracted JDBC value [10] - [null]
2026-02-15 16:58:42.448 [http-nio-8080-exec-7] DEBUG org.hibernate.orm.results - Extracted JDBC value [11] - [true]
2026-02-15 16:58:42.448 [http-nio-8080-exec-7] DEBUG org.hibernate.orm.results - Extracted JDBC value [12] - [false]
2026-02-15 16:58:42.448 [http-nio-8080-exec-7] DEBUG org.hibernate.orm.results - Extracted JDBC value [13] - [Katzenbach]
2026-02-15 16:58:42.448 [http-nio-8080-exec-7] DEBUG org.hibernate.orm.results - Extracted JDBC value [14] - [null]
2026-02-15 16:58:42.448 [http-nio-8080-exec-7] DEBUG org.hibernate.orm.results - Extracted JDBC value [15] - [null]
2026-02-15 16:58:42.448 [http-nio-8080-exec-7] DEBUG org.hibernate.orm.results - Extracted JDBC value [16] - [null]
2026-02-15 16:58:42.448 [http-nio-8080-exec-7] DEBUG org.hibernate.orm.results - Extracted JDBC value [17] - [null]
2026-02-15 16:58:42.448 [http-nio-8080-exec-7] DEBUG org.hibernate.orm.results - Extracted JDBC value [18] - [2026-02-15T13:51:38.726870]
2026-02-15 16:58:42.448 [http-nio-8080-exec-7] DEBUG o.h.orm.results.loading.entity - (EntityResultInitializer) Done materializing entityInstance : com.example.physiokalendar.entity.Patient(269)#3549
2026-02-15 16:58:42.448 [http-nio-8080-exec-7] DEBUG org.hibernate.orm.results.loading - Calling top-level assembler (0 / 1) : org.hibernate.sql.results.graph.entity.internal.EntityAssembler@285ec95c
2026-02-15 16:58:42.448 [http-nio-8080-exec-7] DEBUG org.hibernate.orm.results - Extracted JDBC value [0] - [3550]
2026-02-15 16:58:42.448 [http-nio-8080-exec-7] DEBUG o.h.orm.results.loading.entity - (EntityResultInitializer) Hydrated EntityKey (com.example.physiokalendar.entity.Patient(269)): 3550
2026-02-15 16:58:42.448 [http-nio-8080-exec-7] DEBUG o.h.orm.results.loading.entity - (EntityResultInitializer) Created new entity instance [com.example.physiokalendar.entity.Patient(269)#3550] : 1026524291
2026-02-15 16:58:42.448 [http-nio-8080-exec-7] DEBUG org.hibernate.orm.results - Extracted JDBC value [1] - [2026-02-15T13:51:39]
2026-02-15 16:58:42.448 [http-nio-8080-exec-7] DEBUG org.hibernate.orm.results - Extracted JDBC value [2] - [2026-02-15T13:51:39]
2026-02-15 16:58:42.449 [http-nio-8080-exec-7] DEBUG org.hibernate.orm.results - Extracted JDBC value [3] - [null]
2026-02-15 16:58:42.449 [http-nio-8080-exec-7] DEBUG org.hibernate.orm.results - Extracted JDBC value [4] - [2026-02-15T13:51:39]
2026-02-15 16:58:42.449 [http-nio-8080-exec-7] DEBUG org.hibernate.orm.results - Extracted JDBC value [5] - [null]
2026-02-15 16:58:42.449 [http-nio-8080-exec-7] DEBUG org.hibernate.orm.results - Extracted JDBC value [6] - [null]
2026-02-15 16:58:42.449 [http-nio-8080-exec-7] DEBUG org.hibernate.orm.results - Extracted JDBC value [7] - [Andreas GW/ UW Tetzner Stefan]
2026-02-15 16:58:42.449 [http-nio-8080-exec-7] DEBUG org.hibernate.orm.results - Extracted JDBC value [8] - [Andreas GW/ UW Tetzner Stefan Baum]
2026-02-15 16:58:42.449 [http-nio-8080-exec-7] DEBUG org.hibernate.orm.results - Extracted JDBC value [9] - [null]
2026-02-15 16:58:42.449 [http-nio-8080-exec-7] DEBUG org.hibernate.orm.results - Extracted JDBC value [10] - [null]
2026-02-15 16:58:42.449 [http-nio-8080-exec-7] DEBUG org.hibernate.orm.results - Extracted JDBC value [11] - [true]
2026-02-15 16:58:42.449 [http-nio-8080-exec-7] DEBUG org.hibernate.orm.results - Extracted JDBC value [12] - [false]
2026-02-15 16:58:42.449 [http-nio-8080-exec-7] DEBUG org.hibernate.orm.results - Extracted JDBC value [13] - [Baum]
2026-02-15 16:58:42.449 [http-nio-8080-exec-7] DEBUG org.hibernate.orm.results - Extracted JDBC value [14] - [null]
2026-02-15 16:58:42.449 [http-nio-8080-exec-7] DEBUG org.hibernate.orm.results - Extracted JDBC value [15] - [null]
2026-02-15 16:58:42.449 [http-nio-8080-exec-7] DEBUG org.hibernate.orm.results - Extracted JDBC value [16] - [null]
2026-02-15 16:58:42.449 [http-nio-8080-exec-7] DEBUG org.hibernate.orm.results - Extracted JDBC value [17] - [null]
2026-02-15 16:58:42.449 [http-nio-8080-exec-7] DEBUG org.hibernate.orm.results - Extracted JDBC value [18] - [2026-02-15T13:51:38.892755]
2026-02-15 16:58:42.449 [http-nio-8080-exec-7] DEBUG o.h.orm.results.loading.entity - (EntityResultInitializer) Done materializing entityInstance : com.example.physiokalendar.entity.Patient(269)#3550
2026-02-15 16:58:42.449 [http-nio-8080-exec-7] DEBUG org.hibernate.orm.results.loading - Calling top-level assembler (0 / 1) : org.hibernate.sql.results.graph.entity.internal.EntityAssembler@285ec95c
2026-02-15 16:58:42.449 [http-nio-8080-exec-7] DEBUG org.hibernate.orm.results - Extracted JDBC value [0] - [3551]
2026-02-15 16:58:42.449 [http-nio-8080-exec-7] DEBUG o.h.orm.results.loading.entity - (EntityResultInitializer) Hydrated EntityKey (com.example.physiokalendar.entity.Patient(269)): 3551
2026-02-15 16:58:42.449 [http-nio-8080-exec-7] DEBUG o.h.orm.results.loading.entity - (EntityResultInitializer) Created new entity instance [com.example.physiokalendar.entity.Patient(269)#3551] : 72134456
2026-02-15 16:58:42.449 [http-nio-8080-exec-7] DEBUG org.hibernate.orm.results - Extracted JDBC value [1] - [2026-02-15T13:51:40]
2026-02-15 16:58:42.449 [http-nio-8080-exec-7] DEBUG org.hibernate.orm.results - Extracted JDBC value [2] - [2026-02-15T13:51:40]
2026-02-15 16:58:42.449 [http-nio-8080-exec-7] DEBUG org.hibernate.orm.results - Extracted JDBC value [3] - [null]
2026-02-15 16:58:42.449 [http-nio-8080-exec-7] DEBUG org.hibernate.orm.results - Extracted JDBC value [4] - [2026-02-15T13:51:40]
2026-02-15 16:58:42.449 [http-nio-8080-exec-7] DEBUG org.hibernate.orm.results - Extracted JDBC value [5] - [null]
2026-02-15 16:58:42.449 [http-nio-8080-exec-7] DEBUG org.hibernate.orm.results - Extracted JDBC value [6] - [null]
2026-02-15 16:58:42.450 [http-nio-8080-exec-7] DEBUG org.hibernate.orm.results - Extracted JDBC value [7] - [Sonja]
2026-02-15 16:58:42.450 [http-nio-8080-exec-7] DEBUG org.hibernate.orm.results - Extracted JDBC value [8] - [Sonja Dermund]
2026-02-15 16:58:42.450 [http-nio-8080-exec-7] DEBUG org.hibernate.orm.results - Extracted JDBC value [9] - [null]
2026-02-15 16:58:42.450 [http-nio-8080-exec-7] DEBUG org.hibernate.orm.results - Extracted JDBC value [10] - [null]
2026-02-15 16:58:42.450 [http-nio-8080-exec-7] DEBUG org.hibernate.orm.results - Extracted JDBC value [11] - [true]
2026-02-15 16:58:42.450 [http-nio-8080-exec-7] DEBUG org.hibernate.orm.results - Extracted JDBC value [12] - [false]
2026-02-15 16:58:42.450 [http-nio-8080-exec-7] DEBUG org.hibernate.orm.results - Extracted JDBC value [13] - [Dermund]
2026-02-15 16:58:42.450 [http-nio-8080-exec-7] DEBUG org.hibernate.orm.results - Extracted JDBC value [14] - [null]
2026-02-15 16:58:42.450 [http-nio-8080-exec-7] DEBUG org.hibernate.orm.results - Extracted JDBC value [15] - [null]
2026-02-15 16:58:42.450 [http-nio-8080-exec-7] DEBUG org.hibernate.orm.results - Extracted JDBC value [16] - [null]
2026-02-15 16:58:42.450 [http-nio-8080-exec-7] DEBUG org.hibernate.orm.results - Extracted JDBC value [17] - [null]
2026-02-15 16:58:42.450 [http-nio-8080-exec-7] DEBUG org.hibernate.orm.results - Extracted JDBC value [18] - [2026-02-15T13:51:39.831125]
2026-02-15 16:58:42.450 [http-nio-8080-exec-7] DEBUG o.h.orm.results.loading.entity - (EntityResultInitializer) Done materializing entityInstance : com.example.physiokalendar.entity.Patient(269)#3551
2026-02-15 16:58:42.450 [http-nio-8080-exec-7] DEBUG org.hibernate.orm.results.loading - Calling top-level assembler (0 / 1) : org.hibernate.sql.results.graph.entity.internal.EntityAssembler@285ec95c
2026-02-15 16:58:42.450 [http-nio-8080-exec-7] DEBUG org.hibernate.orm.results - Extracted JDBC value [0] - [3552]
2026-02-15 16:58:42.450 [http-nio-8080-exec-7] DEBUG o.h.orm.results.loading.entity - (EntityResultInitializer) Hydrated EntityKey (com.example.physiokalendar.entity.Patient(269)): 3552
2026-02-15 16:58:42.450 [http-nio-8080-exec-7] DEBUG o.h.orm.results.loading.entity - (EntityResultInitializer) Created new entity instance [com.example.physiokalendar.entity.Patient(269)#3552] : 778504130
2026-02-15 16:58:42.450 [http-nio-8080-exec-7] DEBUG org.hibernate.orm.results - Extracted JDBC value [1] - [2026-02-15T13:51:41]
2026-02-15 16:58:42.450 [http-nio-8080-exec-7] DEBUG org.hibernate.orm.results - Extracted JDBC value [2] - [2026-02-15T13:51:41]
2026-02-15 16:58:42.450 [http-nio-8080-exec-7] DEBUG org.hibernate.orm.results - Extracted JDBC value [3] - [null]
2026-02-15 16:58:42.450 [http-nio-8080-exec-7] DEBUG org.hibernate.orm.results - Extracted JDBC value [4] - [2026-02-15T13:51:41]
2026-02-15 16:58:42.450 [http-nio-8080-exec-7] DEBUG org.hibernate.orm.results - Extracted JDBC value [5] - [null]
2026-02-15 16:58:42.450 [http-nio-8080-exec-7] DEBUG org.hibernate.orm.results - Extracted JDBC value [6] - [null]
2026-02-15 16:58:42.450 [http-nio-8080-exec-7] DEBUG org.hibernate.orm.results - Extracted JDBC value [7] - [Katja]
2026-02-15 16:58:42.450 [http-nio-8080-exec-7] DEBUG org.hibernate.orm.results - Extracted JDBC value [8] - [Katja Ullenboom]
2026-02-15 16:58:42.451 [http-nio-8080-exec-7] DEBUG org.hibernate.orm.results - Extracted JDBC value [9] - [null]
2026-02-15 16:58:42.451 [http-nio-8080-exec-7] DEBUG org.hibernate.orm.results - Extracted JDBC value [10] - [null]
2026-02-15 16:58:42.451 [http-nio-8080-exec-7] DEBUG org.hibernate.orm.results - Extracted JDBC value [11] - [true]
2026-02-15 16:58:42.451 [http-nio-8080-exec-7] DEBUG org.hibernate.orm.results - Extracted JDBC value [12] - [false]
2026-02-15 16:58:42.451 [http-nio-8080-exec-7] DEBUG org.hibernate.orm.results - Extracted JDBC value [13] - [Ullenboom]
2026-02-15 16:58:42.451 [http-nio-8080-exec-7] DEBUG org.hibernate.orm.results - Extracted JDBC value [14] - [null]
2026-02-15 16:58:42.451 [http-nio-8080-exec-7] DEBUG org.hibernate.orm.results - Extracted JDBC value [15] - [null]
2026-02-15 16:58:42.451 [http-nio-8080-exec-7] DEBUG org.hibernate.orm.results - Extracted JDBC value [16] - [null]
2026-02-15 16:58:42.451 [http-nio-8080-exec-7] DEBUG org.hibernate.orm.results - Extracted JDBC value [17] - [null]
2026-02-15 16:58:42.451 [http-nio-8080-exec-7] DEBUG org.hibernate.orm.results - Extracted JDBC value [18] - [2026-02-15T13:51:40.897087]
2026-02-15 16:58:42.451 [http-nio-8080-exec-7] DEBUG o.h.orm.results.loading.entity - (EntityResultInitializer) Done materializing entityInstance : com.example.physiokalendar.entity.Patient(269)#3552
2026-02-15 16:58:42.451 [http-nio-8080-exec-7] DEBUG org.hibernate.orm.results.loading - Calling top-level assembler (0 / 1) : org.hibernate.sql.results.graph.entity.internal.EntityAssembler@285ec95c
2026-02-15 16:58:42.451 [http-nio-8080-exec-7] DEBUG o.h.e.t.internal.TransactionImpl - committing
2026-02-15 16:58:42.454 [http-nio-8080-exec-7] DEBUG o.s.w.s.m.m.a.RequestResponseBodyMethodProcessor - Using 'application/json', given [application/json, text/plain, */*] and supported [application/json, application/*+json]
2026-02-15 16:58:42.456 [http-nio-8080-exec-7] DEBUG o.s.w.s.m.m.a.RequestResponseBodyMethodProcessor - Writing [[JSONPatientDTO(id=2687, fullName=Martin Hombitzer, firstName=Martin, lastName=Hombitzer, email=null (truncated)...]
2026-02-15 16:58:42.459 [http-nio-8080-exec-7] DEBUG o.s.web.servlet.DispatcherServlet - Completed 200 OK
2026-02-15 16:58:42.459 [http-nio-8080-exec-7] DEBUG o.s.s.w.a.AnonymousAuthenticationFilter - Set SecurityContextHolder to anonymous SecurityContext
2026-02-15 16:58:44.542 [http-nio-8080-exec-8] DEBUG o.s.security.web.FilterChainProxy - Securing PUT /api/appointments/72886?forceOnConflict=false
2026-02-15 16:58:44.543 [http-nio-8080-exec-8] DEBUG o.s.security.web.FilterChainProxy - Secured PUT /api/appointments/72886?forceOnConflict=false
2026-02-15 16:58:44.543 [http-nio-8080-exec-8] DEBUG o.s.web.servlet.DispatcherServlet - PUT "/api/appointments/72886?forceOnConflict=false", parameters={masked}
2026-02-15 16:58:44.544 [http-nio-8080-exec-8] DEBUG o.s.w.s.m.m.a.RequestMappingHandlerMapping - Mapped to com.example.physiokalendar.controller.AppointmentController#updateAppointment(Long, JSONAppointmentDTO, boolean)
2026-02-15 16:58:44.551 [http-nio-8080-exec-8] DEBUG o.s.w.s.m.m.a.RequestResponseBodyMethodProcessor - Read "application/json;charset=UTF-8" to [JSONAppointmentDTO(id=null, therapist=null, therapistId=7, date=Mon Feb 16 01:00:00 CET 2026, patien (truncated)...]
2026-02-15 16:58:44.554 [http-nio-8080-exec-8] DEBUG o.h.e.t.internal.TransactionImpl - On TransactionImpl creation, JpaCompliance#isJpaTransactionComplianceEnabled == false
2026-02-15 16:58:44.554 [http-nio-8080-exec-8] DEBUG o.h.e.t.internal.TransactionImpl - begin
2026-02-15 16:58:44.556 [http-nio-8080-exec-8] DEBUG org.hibernate.orm.sql.exec - Skipping reading Query result cache data: cache-enabled = false, cache-mode = IGNORE
2026-02-15 16:58:44.556 [http-nio-8080-exec-8] DEBUG org.hibernate.orm.results - Initializer list:
	  com.example.physiokalendar.entity.Appointment.patient -> EntityDelayedFetchInitializer(com.example.physiokalendar.entity.Appointment.patient)@816862755 (ToOneAttributeMapping(NavigableRole[com.example.physiokalendar.entity.Appointment.patient])@657628858)
	  com.example.physiokalendar.entity.Appointment.appointmentSeries -> EntityDelayedFetchInitializer(com.example.physiokalendar.entity.Appointment.appointmentSeries)@448578321 (ToOneAttributeMapping(NavigableRole[com.example.physiokalendar.entity.Appointment.appointmentSeries])@365822503)
	  com.example.physiokalendar.entity.Appointment.therapist -> EntityDelayedFetchInitializer(com.example.physiokalendar.entity.Appointment.therapist)@21635522 (ToOneAttributeMapping(NavigableRole[com.example.physiokalendar.entity.Appointment.therapist])@1766793894)
	  com.example.physiokalendar.entity.Appointment -> EntityResultInitializer(com.example.physiokalendar.entity.Appointment)@1655499348 (SingleTableEntityPersister(com.example.physiokalendar.entity.Appointment))

2026-02-15 16:58:44.557 [http-nio-8080-exec-8] DEBUG org.hibernate.SQL - 
    select
        a1_0.id,
        a1_0.appointment_series_id,
        a1_0.comment,
        a1_0.created_at,
        a1_0.created_by_series_appointment,
        a1_0.date,
        a1_0.end_time,
        a1_0.is_electric,
        a1_0.is_hotair,
        a1_0.is_ultrasonic,
        a1_0.patient_id,
        a1_0.start_time,
        a1_0.status,
        a1_0.therapist_id 
    from
        appointment a1_0 
    where
        a1_0.id=?
2026-02-15 16:58:44.558 [http-nio-8080-exec-8] DEBUG o.h.orm.results.loading.entity - (EntityResultInitializer) Hydrated EntityKey (com.example.physiokalendar.entity.Appointment): 72886
2026-02-15 16:58:44.558 [http-nio-8080-exec-8] DEBUG o.h.orm.results.loading.entity - (EntityResultInitializer) Created new entity instance [com.example.physiokalendar.entity.Appointment#72886] : 2085829726
2026-02-15 16:58:44.558 [http-nio-8080-exec-8] DEBUG org.hibernate.orm.results - Extracted JDBC value [1] - [4333]
2026-02-15 16:58:44.559 [http-nio-8080-exec-8] DEBUG org.hibernate.orm.results - Extracted JDBC value [10] - [2690]
2026-02-15 16:58:44.559 [http-nio-8080-exec-8] DEBUG org.hibernate.orm.results - Extracted JDBC value [13] - [7]
2026-02-15 16:58:44.559 [http-nio-8080-exec-8] DEBUG org.hibernate.orm.results - Extracted JDBC value [2] - [null]
2026-02-15 16:58:44.559 [http-nio-8080-exec-8] DEBUG org.hibernate.orm.results - Extracted JDBC value [3] - [2026-02-15T16:53:28]
2026-02-15 16:58:44.559 [http-nio-8080-exec-8] DEBUG org.hibernate.orm.results - Extracted JDBC value [4] - [true]
2026-02-15 16:58:44.559 [http-nio-8080-exec-8] DEBUG org.hibernate.orm.results - Extracted JDBC value [5] - [2026-02-16]
2026-02-15 16:58:44.559 [http-nio-8080-exec-8] DEBUG org.hibernate.orm.results - Extracted JDBC value [6] - [2026-02-16T08:20]
2026-02-15 16:58:44.559 [http-nio-8080-exec-8] DEBUG org.hibernate.orm.results - Extracted JDBC value [7] - [false]
2026-02-15 16:58:44.559 [http-nio-8080-exec-8] DEBUG org.hibernate.orm.results - Extracted JDBC value [8] - [false]
2026-02-15 16:58:44.559 [http-nio-8080-exec-8] DEBUG org.hibernate.orm.results - Extracted JDBC value [9] - [false]
2026-02-15 16:58:44.559 [http-nio-8080-exec-8] DEBUG org.hibernate.orm.results - Extracted JDBC value [11] - [2026-02-16T07:50]
2026-02-15 16:58:44.559 [http-nio-8080-exec-8] DEBUG org.hibernate.orm.results - Extracted JDBC value [12] - [SCHEDULED]
2026-02-15 16:58:44.559 [http-nio-8080-exec-8] DEBUG o.h.orm.results.loading.entity - (EntityResultInitializer) Done materializing entityInstance : com.example.physiokalendar.entity.Appointment#72886
2026-02-15 16:58:44.560 [http-nio-8080-exec-8] DEBUG org.hibernate.orm.results.loading - Calling top-level assembler (0 / 1) : org.hibernate.sql.results.graph.entity.internal.EntityAssembler@42e1cd81
2026-02-15 16:58:44.560 [http-nio-8080-exec-8] DEBUG o.h.e.t.internal.TransactionImpl - committing
2026-02-15 16:58:44.562 [http-nio-8080-exec-8] DEBUG o.h.e.t.internal.TransactionImpl - begin
2026-02-15 16:58:44.563 [http-nio-8080-exec-8] DEBUG org.hibernate.orm.sql.exec - Skipping reading Query result cache data: cache-enabled = false, cache-mode = IGNORE
2026-02-15 16:58:44.563 [http-nio-8080-exec-8] DEBUG org.hibernate.orm.results - Initializer list:
	  com.example.physiokalendar.entity.Therapist -> EntityResultInitializer(com.example.physiokalendar.entity.Therapist)@438234532 (SingleTableEntityPersister(com.example.physiokalendar.entity.Therapist))

2026-02-15 16:58:44.563 [http-nio-8080-exec-8] DEBUG org.hibernate.SQL - 
    select
        t1_0.id,
        t1_0.active_since,
        t1_0.active_until,
        t1_0.created_at,
        t1_0.email,
        t1_0.first_name,
        t1_0.full_name,
        t1_0.is_active,
        t1_0.last_name,
        t1_0.telefon,
        t1_0.updated_at 
    from
        therapist t1_0 
    where
        t1_0.id=?
2026-02-15 16:58:44.565 [http-nio-8080-exec-8] DEBUG o.h.orm.results.loading.entity - (EntityResultInitializer) Hydrated EntityKey (com.example.physiokalendar.entity.Therapist): 7
2026-02-15 16:58:44.565 [http-nio-8080-exec-8] DEBUG o.h.orm.results.loading.entity - (EntityResultInitializer) Created new entity instance [com.example.physiokalendar.entity.Therapist#7] : 67217067
2026-02-15 16:58:44.565 [http-nio-8080-exec-8] DEBUG org.hibernate.orm.results - Extracted JDBC value [1] - [null]
2026-02-15 16:58:44.565 [http-nio-8080-exec-8] DEBUG org.hibernate.orm.results - Extracted JDBC value [2] - [null]
2026-02-15 16:58:44.565 [http-nio-8080-exec-8] DEBUG org.hibernate.orm.results - Extracted JDBC value [3] - [2026-02-14T18:21:32]
2026-02-15 16:58:44.565 [http-nio-8080-exec-8] DEBUG org.hibernate.orm.results - Extracted JDBC value [4] - []
2026-02-15 16:58:44.566 [http-nio-8080-exec-8] DEBUG org.hibernate.orm.results - Extracted JDBC value [5] - [Torben]
2026-02-15 16:58:44.566 [http-nio-8080-exec-8] DEBUG org.hibernate.orm.results - Extracted JDBC value [6] - [Torben Meyer]
2026-02-15 16:58:44.566 [http-nio-8080-exec-8] DEBUG org.hibernate.orm.results - Extracted JDBC value [7] - [true]
2026-02-15 16:58:44.566 [http-nio-8080-exec-8] DEBUG org.hibernate.orm.results - Extracted JDBC value [8] - [Meyer]
2026-02-15 16:58:44.566 [http-nio-8080-exec-8] DEBUG org.hibernate.orm.results - Extracted JDBC value [9] - []
2026-02-15 16:58:44.566 [http-nio-8080-exec-8] DEBUG org.hibernate.orm.results - Extracted JDBC value [10] - [2026-02-15T02:57:59.579203]
2026-02-15 16:58:44.566 [http-nio-8080-exec-8] DEBUG o.h.orm.results.loading.entity - (EntityResultInitializer) Done materializing entityInstance : com.example.physiokalendar.entity.Therapist#7
2026-02-15 16:58:44.566 [http-nio-8080-exec-8] DEBUG org.hibernate.orm.results.loading - Calling top-level assembler (0 / 1) : org.hibernate.sql.results.graph.entity.internal.EntityAssembler@699f1842
2026-02-15 16:58:44.567 [http-nio-8080-exec-8] DEBUG org.hibernate.orm.sql.exec - Skipping reading Query result cache data: cache-enabled = false, cache-mode = IGNORE
2026-02-15 16:58:44.567 [http-nio-8080-exec-8] DEBUG org.hibernate.orm.results - Initializer list:
	  com.example.physiokalendar.entity.Patient -> EntityResultInitializer(com.example.physiokalendar.entity.Patient)@640015149 (SingleTableEntityPersister(com.example.physiokalendar.entity.Patient))

2026-02-15 16:58:44.567 [http-nio-8080-exec-8] DEBUG org.hibernate.SQL - 
    select
        p1_0.id,
        p1_0.active_since,
        p1_0.active_until,
        p1_0.city,
        p1_0.created_at,
        p1_0.date_of_birth,
        p1_0.email,
        p1_0.first_name,
        p1_0.full_name,
        p1_0.house_number,
        p1_0.insurance_type,
        p1_0.is_active,
        p1_0.is_bwo,
        p1_0.last_name,
        p1_0.notes,
        p1_0.postal_code,
        p1_0.street,
        p1_0.telefon,
        p1_0.updated_at 
    from
        patient p1_0 
    where
        p1_0.id=?
2026-02-15 16:58:44.568 [http-nio-8080-exec-8] DEBUG o.h.orm.results.loading.entity - (EntityResultInitializer) Hydrated EntityKey (com.example.physiokalendar.entity.Patient): 2690
2026-02-15 16:58:44.568 [http-nio-8080-exec-8] DEBUG o.h.orm.results.loading.entity - (EntityResultInitializer) Created new entity instance [com.example.physiokalendar.entity.Patient#2690] : 1355245845
2026-02-15 16:58:44.568 [http-nio-8080-exec-8] DEBUG org.hibernate.orm.results - Extracted JDBC value [1] - [2026-02-15T01:53:38]
2026-02-15 16:58:44.568 [http-nio-8080-exec-8] DEBUG org.hibernate.orm.results - Extracted JDBC value [2] - [2026-02-15T01:53:38]
2026-02-15 16:58:44.568 [http-nio-8080-exec-8] DEBUG org.hibernate.orm.results - Extracted JDBC value [3] - [null]
2026-02-15 16:58:44.568 [http-nio-8080-exec-8] DEBUG org.hibernate.orm.results - Extracted JDBC value [4] - [2026-02-15T01:53:38]
2026-02-15 16:58:44.568 [http-nio-8080-exec-8] DEBUG org.hibernate.orm.results - Extracted JDBC value [5] - [null]
2026-02-15 16:58:44.568 [http-nio-8080-exec-8] DEBUG org.hibernate.orm.results - Extracted JDBC value [6] - [null]
2026-02-15 16:58:44.568 [http-nio-8080-exec-8] DEBUG org.hibernate.orm.results - Extracted JDBC value [7] - [Peter]
2026-02-15 16:58:44.568 [http-nio-8080-exec-8] DEBUG org.hibernate.orm.results - Extracted JDBC value [8] - [Peter Albrecht]
2026-02-15 16:58:44.568 [http-nio-8080-exec-8] DEBUG org.hibernate.orm.results - Extracted JDBC value [9] - [null]
2026-02-15 16:58:44.568 [http-nio-8080-exec-8] DEBUG org.hibernate.orm.results - Extracted JDBC value [10] - [null]
2026-02-15 16:58:44.569 [http-nio-8080-exec-8] DEBUG org.hibernate.orm.results - Extracted JDBC value [11] - [null]
2026-02-15 16:58:44.569 [http-nio-8080-exec-8] DEBUG org.hibernate.orm.results - Extracted JDBC value [12] - [false]
2026-02-15 16:58:44.569 [http-nio-8080-exec-8] DEBUG org.hibernate.orm.results - Extracted JDBC value [13] - [Albrecht]
2026-02-15 16:58:44.569 [http-nio-8080-exec-8] DEBUG org.hibernate.orm.results - Extracted JDBC value [14] - [null]
2026-02-15 16:58:44.569 [http-nio-8080-exec-8] DEBUG org.hibernate.orm.results - Extracted JDBC value [15] - [null]
2026-02-15 16:58:44.569 [http-nio-8080-exec-8] DEBUG org.hibernate.orm.results - Extracted JDBC value [16] - [null]
2026-02-15 16:58:44.569 [http-nio-8080-exec-8] DEBUG org.hibernate.orm.results - Extracted JDBC value [17] - [null]
2026-02-15 16:58:44.569 [http-nio-8080-exec-8] DEBUG org.hibernate.orm.results - Extracted JDBC value [18] - [2026-02-15T01:53:37.526214]
2026-02-15 16:58:44.569 [http-nio-8080-exec-8] DEBUG o.h.orm.results.loading.entity - (EntityResultInitializer) Done materializing entityInstance : com.example.physiokalendar.entity.Patient#2690
2026-02-15 16:58:44.569 [http-nio-8080-exec-8] DEBUG org.hibernate.orm.results.loading - Calling top-level assembler (0 / 1) : org.hibernate.sql.results.graph.entity.internal.EntityAssembler@58333c93
2026-02-15 16:58:44.572 [http-nio-8080-exec-8] DEBUG o.h.e.i.AbstractFlushingEventListener - Processing flush-time cascades
2026-02-15 16:58:44.572 [http-nio-8080-exec-8] DEBUG o.h.e.i.AbstractFlushingEventListener - Dirty checking collections
2026-02-15 16:58:44.572 [http-nio-8080-exec-8] DEBUG org.hibernate.orm.sql.ast.create - Created new SQL alias : a1_0
2026-02-15 16:58:44.572 [http-nio-8080-exec-8] DEBUG org.hibernate.orm.sql.ast.create - Registration of TableGroup [StandardTableGroup(com.example.physiokalendar.entity.Appointment(a))] with identifierForTableGroup [com.example.physiokalendar.entity.Appointment] for NavigablePath [com.example.physiokalendar.entity.Appointment] 
2026-02-15 16:58:44.573 [http-nio-8080-exec-8] DEBUG org.hibernate.orm.sql.ast.create - Registration of TableGroup [org.hibernate.sql.ast.tree.from.LazyTableGroup@58a18273] with identifierForTableGroup [com.example.physiokalendar.entity.Appointment.appointmentSeries] for NavigablePath [com.example.physiokalendar.entity.Appointment.appointmentSeries] 
2026-02-15 16:58:44.573 [http-nio-8080-exec-8] DEBUG org.hibernate.orm.sql.ast.create - Registration of TableGroup [org.hibernate.sql.ast.tree.from.LazyTableGroup@c9ef816] with identifierForTableGroup [com.example.physiokalendar.entity.Appointment.patient] for NavigablePath [com.example.physiokalendar.entity.Appointment.patient] 
2026-02-15 16:58:44.573 [http-nio-8080-exec-8] DEBUG org.hibernate.orm.sql.ast.create - Registration of TableGroup [org.hibernate.sql.ast.tree.from.LazyTableGroup@2b7a32a4] with identifierForTableGroup [com.example.physiokalendar.entity.Appointment.therapist] for NavigablePath [com.example.physiokalendar.entity.Appointment.therapist] 
2026-02-15 16:58:44.573 [http-nio-8080-exec-8] DEBUG o.h.q.s.sql.BaseSqmToSqlAstConverter - Determining mapping-model type for SqmParameter : SqmNamedParameter(therapistId)
2026-02-15 16:58:44.573 [http-nio-8080-exec-8] DEBUG o.h.q.s.sql.BaseSqmToSqlAstConverter - Determining mapping-model type for SqmPath : SqmBasicValuedSimplePath(com.example.physiokalendar.entity.Appointment(a).therapist.id) 
2026-02-15 16:58:44.573 [http-nio-8080-exec-8] DEBUG o.h.q.s.sql.BaseSqmToSqlAstConverter - Determining mapping-model type for SqmParameter : SqmNamedParameter(date)
2026-02-15 16:58:44.573 [http-nio-8080-exec-8] DEBUG o.h.q.s.sql.BaseSqmToSqlAstConverter - Determining mapping-model type for SqmPath : SqmBasicValuedSimplePath(com.example.physiokalendar.entity.Appointment(a).date) 
2026-02-15 16:58:44.573 [http-nio-8080-exec-8] DEBUG o.h.q.s.sql.BaseSqmToSqlAstConverter - Determining mapping-model type for SqmParameter : SqmNamedParameter(excludeId)
2026-02-15 16:58:44.573 [http-nio-8080-exec-8] DEBUG o.h.q.s.sql.BaseSqmToSqlAstConverter - Determining mapping-model type for SqmPath : SqmBasicValuedSimplePath(com.example.physiokalendar.entity.Appointment(a).id) 
2026-02-15 16:58:44.574 [http-nio-8080-exec-8] DEBUG o.h.q.s.sql.BaseSqmToSqlAstConverter - Determining mapping-model type for SqmParameter : SqmNamedParameter(excludeStatus)
2026-02-15 16:58:44.574 [http-nio-8080-exec-8] DEBUG o.h.q.s.sql.BaseSqmToSqlAstConverter - Determining mapping-model type for SqmPath : SqmBasicValuedSimplePath(com.example.physiokalendar.entity.Appointment(a).status) 
2026-02-15 16:58:44.574 [http-nio-8080-exec-8] DEBUG o.h.q.s.sql.BaseSqmToSqlAstConverter - Determining mapping-model type for SqmParameter : SqmNamedParameter(endTime)
2026-02-15 16:58:44.574 [http-nio-8080-exec-8] DEBUG o.h.q.s.sql.BaseSqmToSqlAstConverter - Determining mapping-model type for SqmPath : SqmBasicValuedSimplePath(com.example.physiokalendar.entity.Appointment(a).startTime) 
2026-02-15 16:58:44.574 [http-nio-8080-exec-8] DEBUG o.h.q.s.sql.BaseSqmToSqlAstConverter - Determining mapping-model type for SqmParameter : SqmNamedParameter(startTime)
2026-02-15 16:58:44.574 [http-nio-8080-exec-8] DEBUG o.h.q.s.sql.BaseSqmToSqlAstConverter - Determining mapping-model type for SqmPath : SqmBasicValuedSimplePath(com.example.physiokalendar.entity.Appointment(a).endTime) 
2026-02-15 16:58:44.575 [http-nio-8080-exec-8] DEBUG org.hibernate.orm.results.graph.AST - DomainResult Graph:
 \-EntityResultImpl [com.example.physiokalendar.entity.Appointment(a)]
 |  +-EntityDelayedFetchImpl [com.example.physiokalendar.entity.Appointment(a).appointmentSeries]
 |  +-BasicFetch [com.example.physiokalendar.entity.Appointment(a).comment]
 |  +-BasicFetch [com.example.physiokalendar.entity.Appointment(a).createdAt]
 |  +-BasicFetch [com.example.physiokalendar.entity.Appointment(a).createdBySeriesAppointment]
 |  +-BasicFetch [com.example.physiokalendar.entity.Appointment(a).date]
 |  +-BasicFetch [com.example.physiokalendar.entity.Appointment(a).endTime]
 |  +-BasicFetch [com.example.physiokalendar.entity.Appointment(a).isElectric]
 |  +-BasicFetch [com.example.physiokalendar.entity.Appointment(a).isHotair]
 |  +-BasicFetch [com.example.physiokalendar.entity.Appointment(a).isUltrasonic]
 |  +-EntityDelayedFetchImpl [com.example.physiokalendar.entity.Appointment(a).patient]
 |  +-BasicFetch [com.example.physiokalendar.entity.Appointment(a).startTime]
 |  +-BasicFetch [com.example.physiokalendar.entity.Appointment(a).status]
 |  \-EntityDelayedFetchImpl [com.example.physiokalendar.entity.Appointment(a).therapist]

2026-02-15 16:58:44.575 [http-nio-8080-exec-8] DEBUG org.hibernate.orm.sql.ast.tree - SQL AST Tree:
    SelectStatement {
      FromClause {
        StandardTableGroup (a1 : com.example.physiokalendar.entity.Appointment(a)) {
          primaryTableReference : appointment as a1_0
          TableGroupJoins {
            left  join LazyTableGroup (as1 : com.example.physiokalendar.entity.Appointment(a).appointmentSeries) {
            }
            left  join LazyTableGroup (p1 : com.example.physiokalendar.entity.Appointment(a).patient) {
            }
            left  join LazyTableGroup (t1 : com.example.physiokalendar.entity.Appointment(a).therapist) {
            }
          }
        }
      }
    }

2026-02-15 16:58:44.575 [http-nio-8080-exec-8] DEBUG o.h.e.i.AbstractFlushingEventListener - Flushed: 0 insertions, 0 updates, 0 deletions to 3 objects
2026-02-15 16:58:44.575 [http-nio-8080-exec-8] DEBUG o.h.e.i.AbstractFlushingEventListener - Flushed: 0 (re)creations, 0 updates, 0 removals to 0 collections
2026-02-15 16:58:44.575 [http-nio-8080-exec-8] DEBUG o.h.internal.util.EntityPrinter - Listing entities:
2026-02-15 16:58:44.575 [http-nio-8080-exec-8] DEBUG o.h.internal.util.EntityPrinter - com.example.physiokalendar.entity.Therapist{createdAt=2026-02-14T18:21:32, firstName=Torben, lastName=Meyer, activeSince=null, telefon=, fullName=Torben Meyer, id=7, isActive=true, activeUntil=null, email=, updatedAt=2026-02-15T02:57:59.579203}
2026-02-15 16:58:44.575 [http-nio-8080-exec-8] DEBUG o.h.internal.util.EntityPrinter - com.example.physiokalendar.entity.Patient{lastName=Albrecht, notes=null, city=null, postalCode=null, houseNumber=null, fullName=Peter Albrecht, dateOfBirth=null, insuranceType=null, isActive=null, isBWO=false, createdAt=2026-02-15T01:53:38, firstName=Peter, activeSince=2026-02-15T01:53:38, street=null, telefon=null, id=2690, activeUntil=2026-02-15T01:53:38, email=null, updatedAt=2026-02-15T01:53:37.526214}
2026-02-15 16:58:44.575 [http-nio-8080-exec-8] DEBUG o.h.internal.util.EntityPrinter - com.example.physiokalendar.entity.Appointment{date=2026-02-16, createdBySeriesAppointment=true, isHotair=false, createdAt=2026-02-15T16:53:28, isElectric=false, patient=com.example.physiokalendar.entity.Patient#2690, comment=null, startTime=2026-02-16T07:50, id=72886, endTime=2026-02-16T08:20, appointmentSeries=<uninitialized>, isUltrasonic=false, status=SCHEDULED, therapist=com.example.physiokalendar.entity.Therapist#7}
2026-02-15 16:58:44.575 [http-nio-8080-exec-8] DEBUG org.hibernate.orm.sql.exec - Skipping reading Query result cache data: cache-enabled = false, cache-mode = NORMAL
2026-02-15 16:58:44.576 [http-nio-8080-exec-8] DEBUG org.hibernate.orm.results - Initializer list:
	  com.example.physiokalendar.entity.Appointment(a) -> EntityResultInitializer(com.example.physiokalendar.entity.Appointment(a))@1224105614 (SingleTableEntityPersister(com.example.physiokalendar.entity.Appointment))
	  com.example.physiokalendar.entity.Appointment(a).patient -> EntityDelayedFetchInitializer(com.example.physiokalendar.entity.Appointment(a).patient)@350818582 (ToOneAttributeMapping(NavigableRole[com.example.physiokalendar.entity.Appointment.patient])@657628858)
	  com.example.physiokalendar.entity.Appointment(a).therapist -> EntityDelayedFetchInitializer(com.example.physiokalendar.entity.Appointment(a).therapist)@397644682 (ToOneAttributeMapping(NavigableRole[com.example.physiokalendar.entity.Appointment.therapist])@1766793894)
	  com.example.physiokalendar.entity.Appointment(a).appointmentSeries -> EntityDelayedFetchInitializer(com.example.physiokalendar.entity.Appointment(a).appointmentSeries)@553325108 (ToOneAttributeMapping(NavigableRole[com.example.physiokalendar.entity.Appointment.appointmentSeries])@365822503)

2026-02-15 16:58:44.576 [http-nio-8080-exec-8] DEBUG org.hibernate.SQL - 
    /* SELECT
        a 
    FROM
        Appointment a 
    WHERE
        a.therapist.id = :therapistId 
        AND a.date = :date 
        AND a.id != :excludeId 
        AND a.status != :excludeStatus 
        AND (
            (
                a.startTime < :endTime 
                AND a.endTime > :startTime
            )
        ) */ select
            a1_0.id,
            a1_0.appointment_series_id,
            a1_0.comment,
            a1_0.created_at,
            a1_0.created_by_series_appointment,
            a1_0.date,
            a1_0.end_time,
            a1_0.is_electric,
            a1_0.is_hotair,
            a1_0.is_ultrasonic,
            a1_0.patient_id,
            a1_0.start_time,
            a1_0.status,
            a1_0.therapist_id 
        from
            appointment a1_0 
        where
            a1_0.therapist_id=? 
            and a1_0.date=? 
            and a1_0.id<>? 
            and a1_0.status<>? 
            and (
                (
                    a1_0.start_time<? 
                    and a1_0.end_time>?
                )
            )
2026-02-15 16:58:44.578 [http-nio-8080-exec-8] DEBUG org.hibernate.orm.results - Extracted JDBC value [0] - [15678]
2026-02-15 16:58:44.578 [http-nio-8080-exec-8] DEBUG o.h.orm.results.loading.entity - (EntityResultInitializer) Hydrated EntityKey (com.example.physiokalendar.entity.Appointment(a)): 15678
2026-02-15 16:58:44.578 [http-nio-8080-exec-8] DEBUG o.h.orm.results.loading.entity - (EntityResultInitializer) Created new entity instance [com.example.physiokalendar.entity.Appointment(a)#15678] : 228204002
2026-02-15 16:58:44.578 [http-nio-8080-exec-8] DEBUG org.hibernate.orm.results - Extracted JDBC value [1] - [null]
2026-02-15 16:58:44.578 [http-nio-8080-exec-8] DEBUG org.hibernate.orm.results - Extracted JDBC value [10] - [3438]
2026-02-15 16:58:44.579 [http-nio-8080-exec-8] DEBUG org.hibernate.orm.results - Extracted JDBC value [13] - [7]
2026-02-15 16:58:44.579 [http-nio-8080-exec-8] DEBUG org.hibernate.orm.results - Extracted JDBC value [2] - []
2026-02-15 16:58:44.579 [http-nio-8080-exec-8] DEBUG org.hibernate.orm.results - Extracted JDBC value [3] - [2026-02-15T02:07:35]
2026-02-15 16:58:44.579 [http-nio-8080-exec-8] DEBUG org.hibernate.orm.results - Extracted JDBC value [4] - [false]
2026-02-15 16:58:44.579 [http-nio-8080-exec-8] DEBUG org.hibernate.orm.results - Extracted JDBC value [5] - [2026-02-16]
2026-02-15 16:58:44.579 [http-nio-8080-exec-8] DEBUG org.hibernate.orm.results - Extracted JDBC value [6] - [2026-02-16T08:10]
2026-02-15 16:58:44.579 [http-nio-8080-exec-8] DEBUG org.hibernate.orm.results - Extracted JDBC value [7] - [false]
2026-02-15 16:58:44.579 [http-nio-8080-exec-8] DEBUG org.hibernate.orm.results - Extracted JDBC value [8] - [false]
2026-02-15 16:58:44.579 [http-nio-8080-exec-8] DEBUG org.hibernate.orm.results - Extracted JDBC value [9] - [false]
2026-02-15 16:58:44.579 [http-nio-8080-exec-8] DEBUG org.hibernate.orm.results - Extracted JDBC value [11] - [2026-02-16T07:50]
2026-02-15 16:58:44.579 [http-nio-8080-exec-8] DEBUG org.hibernate.orm.results - Extracted JDBC value [12] - [SCHEDULED]
2026-02-15 16:58:44.579 [http-nio-8080-exec-8] DEBUG o.h.orm.results.loading.entity - (EntityResultInitializer) Done materializing entityInstance : com.example.physiokalendar.entity.Appointment(a)#15678
2026-02-15 16:58:44.579 [http-nio-8080-exec-8] DEBUG org.hibernate.orm.results.loading - Calling top-level assembler (0 / 1) : org.hibernate.sql.results.graph.entity.internal.EntityAssembler@7588d4d7
2026-02-15 16:58:44.582 [http-nio-8080-exec-8] DEBUG org.hibernate.internal.SessionImpl - Initializing proxy: [com.example.physiokalendar.entity.Patient#3438]
2026-02-15 16:58:44.582 [http-nio-8080-exec-8] DEBUG org.hibernate.orm.sql.exec - Skipping reading Query result cache data: cache-enabled = false, cache-mode = IGNORE
2026-02-15 16:58:44.582 [http-nio-8080-exec-8] DEBUG org.hibernate.orm.results - Initializer list:
	  com.example.physiokalendar.entity.Patient -> EntityResultInitializer(com.example.physiokalendar.entity.Patient)@695041088 (SingleTableEntityPersister(com.example.physiokalendar.entity.Patient))

2026-02-15 16:58:44.582 [http-nio-8080-exec-8] DEBUG org.hibernate.SQL - 
    select
        p1_0.id,
        p1_0.active_since,
        p1_0.active_until,
        p1_0.city,
        p1_0.created_at,
        p1_0.date_of_birth,
        p1_0.email,
        p1_0.first_name,
        p1_0.full_name,
        p1_0.house_number,
        p1_0.insurance_type,
        p1_0.is_active,
        p1_0.is_bwo,
        p1_0.last_name,
        p1_0.notes,
        p1_0.postal_code,
        p1_0.street,
        p1_0.telefon,
        p1_0.updated_at 
    from
        patient p1_0 
    where
        p1_0.id=?
2026-02-15 16:58:44.584 [http-nio-8080-exec-8] DEBUG o.h.orm.results.loading.entity - (EntityResultInitializer) Hydrated EntityKey (com.example.physiokalendar.entity.Patient): 3438
2026-02-15 16:58:44.584 [http-nio-8080-exec-8] DEBUG o.h.orm.results.loading.entity - (EntityResultInitializer) Created new entity instance [com.example.physiokalendar.entity.Patient#3438] : 1651435015
2026-02-15 16:58:44.584 [http-nio-8080-exec-8] DEBUG org.hibernate.orm.results - Extracted JDBC value [1] - [2026-02-15T01:53:49]
2026-02-15 16:58:44.584 [http-nio-8080-exec-8] DEBUG org.hibernate.orm.results - Extracted JDBC value [2] - [2026-02-15T01:53:49]
2026-02-15 16:58:44.584 [http-nio-8080-exec-8] DEBUG org.hibernate.orm.results - Extracted JDBC value [3] - [null]
2026-02-15 16:58:44.584 [http-nio-8080-exec-8] DEBUG org.hibernate.orm.results - Extracted JDBC value [4] - [2026-02-15T01:53:49]
2026-02-15 16:58:44.584 [http-nio-8080-exec-8] DEBUG org.hibernate.orm.results - Extracted JDBC value [5] - [null]
2026-02-15 16:58:44.584 [http-nio-8080-exec-8] DEBUG org.hibernate.orm.results - Extracted JDBC value [6] - [null]
2026-02-15 16:58:44.584 [http-nio-8080-exec-8] DEBUG org.hibernate.orm.results - Extracted JDBC value [7] - [Stefanie]
2026-02-15 16:58:44.584 [http-nio-8080-exec-8] DEBUG org.hibernate.orm.results - Extracted JDBC value [8] - [Stefanie Schreiber]
2026-02-15 16:58:44.584 [http-nio-8080-exec-8] DEBUG org.hibernate.orm.results - Extracted JDBC value [9] - [null]
2026-02-15 16:58:44.584 [http-nio-8080-exec-8] DEBUG org.hibernate.orm.results - Extracted JDBC value [10] - [null]
2026-02-15 16:58:44.584 [http-nio-8080-exec-8] DEBUG org.hibernate.orm.results - Extracted JDBC value [11] - [null]
2026-02-15 16:58:44.584 [http-nio-8080-exec-8] DEBUG org.hibernate.orm.results - Extracted JDBC value [12] - [false]
2026-02-15 16:58:44.584 [http-nio-8080-exec-8] DEBUG org.hibernate.orm.results - Extracted JDBC value [13] - [Schreiber]
2026-02-15 16:58:44.584 [http-nio-8080-exec-8] DEBUG org.hibernate.orm.results - Extracted JDBC value [14] - [null]
2026-02-15 16:58:44.584 [http-nio-8080-exec-8] DEBUG org.hibernate.orm.results - Extracted JDBC value [15] - [null]
2026-02-15 16:58:44.585 [http-nio-8080-exec-8] DEBUG org.hibernate.orm.results - Extracted JDBC value [16] - [null]
2026-02-15 16:58:44.585 [http-nio-8080-exec-8] DEBUG org.hibernate.orm.results - Extracted JDBC value [17] - [null]
2026-02-15 16:58:44.585 [http-nio-8080-exec-8] DEBUG org.hibernate.orm.results - Extracted JDBC value [18] - [2026-02-15T01:53:48.665172]
2026-02-15 16:58:44.585 [http-nio-8080-exec-8] DEBUG o.h.orm.results.loading.entity - (EntityResultInitializer) Done materializing entityInstance : com.example.physiokalendar.entity.Patient#3438
2026-02-15 16:58:44.585 [http-nio-8080-exec-8] DEBUG org.hibernate.orm.results.loading - Calling top-level assembler (0 / 1) : org.hibernate.sql.results.graph.entity.internal.EntityAssembler@20a30976
2026-02-15 16:58:44.586 [http-nio-8080-exec-8] DEBUG o.h.e.i.AbstractFlushingEventListener - Processing flush-time cascades
2026-02-15 16:58:44.586 [http-nio-8080-exec-8] DEBUG o.h.e.i.AbstractFlushingEventListener - Dirty checking collections
2026-02-15 16:58:44.586 [http-nio-8080-exec-8] DEBUG org.hibernate.orm.sql.ast.create - Created new SQL alias : as1_0
2026-02-15 16:58:44.586 [http-nio-8080-exec-8] DEBUG org.hibernate.orm.sql.ast.create - Registration of TableGroup [StandardTableGroup(com.example.physiokalendar.entity.AppointmentSeries(s))] with identifierForTableGroup [com.example.physiokalendar.entity.AppointmentSeries] for NavigablePath [com.example.physiokalendar.entity.AppointmentSeries] 
2026-02-15 16:58:44.586 [http-nio-8080-exec-8] DEBUG org.hibernate.orm.sql.ast.create - Registration of TableGroup [org.hibernate.sql.ast.tree.from.LazyTableGroup@3321d298] with identifierForTableGroup [com.example.physiokalendar.entity.AppointmentSeries.patient] for NavigablePath [com.example.physiokalendar.entity.AppointmentSeries.patient] 
2026-02-15 16:58:44.586 [http-nio-8080-exec-8] DEBUG org.hibernate.orm.sql.ast.create - Registration of TableGroup [org.hibernate.sql.ast.tree.from.LazyTableGroup@b719533] with identifierForTableGroup [com.example.physiokalendar.entity.AppointmentSeries.therapist] for NavigablePath [com.example.physiokalendar.entity.AppointmentSeries.therapist] 
2026-02-15 16:58:44.586 [http-nio-8080-exec-8] DEBUG o.h.q.s.sql.BaseSqmToSqlAstConverter - Determining mapping-model type for SqmParameter : SqmNamedParameter(therapistId)
2026-02-15 16:58:44.586 [http-nio-8080-exec-8] DEBUG o.h.q.s.sql.BaseSqmToSqlAstConverter - Determining mapping-model type for SqmPath : SqmBasicValuedSimplePath(com.example.physiokalendar.entity.AppointmentSeries(s).therapist.id) 
2026-02-15 16:58:44.586 [http-nio-8080-exec-8] DEBUG o.h.q.s.sql.BaseSqmToSqlAstConverter - Determining mapping-model type for SqmParameter : SqmNamedParameter(status)
2026-02-15 16:58:44.586 [http-nio-8080-exec-8] DEBUG o.h.q.s.sql.BaseSqmToSqlAstConverter - Determining mapping-model type for SqmPath : SqmBasicValuedSimplePath(com.example.physiokalendar.entity.AppointmentSeries(s).status) 
2026-02-15 16:58:44.587 [http-nio-8080-exec-8] DEBUG o.h.q.s.sql.BaseSqmToSqlAstConverter - Determining mapping-model type for SqmParameter : SqmNamedParameter(rangeTo)
2026-02-15 16:58:44.587 [http-nio-8080-exec-8] DEBUG o.h.q.s.sql.BaseSqmToSqlAstConverter - Determining mapping-model type for SqmPath : SqmBasicValuedSimplePath(com.example.physiokalendar.entity.AppointmentSeries(s).startDate) 
2026-02-15 16:58:44.587 [http-nio-8080-exec-8] DEBUG o.h.q.s.sql.BaseSqmToSqlAstConverter - Determining mapping-model type for SqmParameter : SqmNamedParameter(rangeFrom)
2026-02-15 16:58:44.587 [http-nio-8080-exec-8] DEBUG o.h.q.s.sql.BaseSqmToSqlAstConverter - Determining mapping-model type for SqmPath : SqmBasicValuedSimplePath(com.example.physiokalendar.entity.AppointmentSeries(s).endDate) 
2026-02-15 16:58:44.587 [http-nio-8080-exec-8] DEBUG org.hibernate.orm.results.graph.AST - DomainResult Graph:
 \-EntityResultImpl [com.example.physiokalendar.entity.AppointmentSeries(s)]
 |  +-DelayedCollectionFetch [com.example.physiokalendar.entity.AppointmentSeries(s).cancellations]
 |  +-BasicFetch [com.example.physiokalendar.entity.AppointmentSeries(s).comment]
 |  +-BasicFetch [com.example.physiokalendar.entity.AppointmentSeries(s).createdAt]
 |  +-BasicFetch [com.example.physiokalendar.entity.AppointmentSeries(s).endDate]
 |  +-BasicFetch [com.example.physiokalendar.entity.AppointmentSeries(s).endTime]
 |  +-EntityDelayedFetchImpl [com.example.physiokalendar.entity.AppointmentSeries(s).patient]
 |  +-BasicFetch [com.example.physiokalendar.entity.AppointmentSeries(s).startDate]
 |  +-BasicFetch [com.example.physiokalendar.entity.AppointmentSeries(s).startTime]
 |  +-BasicFetch [com.example.physiokalendar.entity.AppointmentSeries(s).status]
 |  +-EntityDelayedFetchImpl [com.example.physiokalendar.entity.AppointmentSeries(s).therapist]
 |  +-BasicFetch [com.example.physiokalendar.entity.AppointmentSeries(s).weekday]
 |  \-BasicFetch [com.example.physiokalendar.entity.AppointmentSeries(s).weeklyfrequency]

2026-02-15 16:58:44.587 [http-nio-8080-exec-8] DEBUG org.hibernate.orm.sql.ast.tree - SQL AST Tree:
    SelectStatement {
      FromClause {
        StandardTableGroup (as1 : com.example.physiokalendar.entity.AppointmentSeries(s)) {
          primaryTableReference : appointment_series as as1_0
          TableGroupJoins {
            left  join LazyTableGroup (p1 : com.example.physiokalendar.entity.AppointmentSeries(s).patient) {
            }
            left  join LazyTableGroup (t1 : com.example.physiokalendar.entity.AppointmentSeries(s).therapist) {
            }
          }
        }
      }
    }

2026-02-15 16:58:44.587 [http-nio-8080-exec-8] DEBUG o.h.e.i.AbstractFlushingEventListener - Flushed: 0 insertions, 0 updates, 0 deletions to 5 objects
2026-02-15 16:58:44.587 [http-nio-8080-exec-8] DEBUG o.h.e.i.AbstractFlushingEventListener - Flushed: 0 (re)creations, 0 updates, 0 removals to 0 collections
2026-02-15 16:58:44.587 [http-nio-8080-exec-8] DEBUG o.h.internal.util.EntityPrinter - Listing entities:
2026-02-15 16:58:44.587 [http-nio-8080-exec-8] DEBUG o.h.internal.util.EntityPrinter - com.example.physiokalendar.entity.Therapist{createdAt=2026-02-14T18:21:32, firstName=Torben, lastName=Meyer, activeSince=null, telefon=, fullName=Torben Meyer, id=7, isActive=true, activeUntil=null, email=, updatedAt=2026-02-15T02:57:59.579203}
2026-02-15 16:58:44.588 [http-nio-8080-exec-8] DEBUG o.h.internal.util.EntityPrinter - com.example.physiokalendar.entity.Appointment{date=2026-02-16, createdBySeriesAppointment=false, isHotair=false, createdAt=2026-02-15T02:07:35, isElectric=false, patient=com.example.physiokalendar.entity.Patient#3438, comment=, startTime=2026-02-16T07:50, id=15678, endTime=2026-02-16T08:10, appointmentSeries=null, isUltrasonic=false, status=SCHEDULED, therapist=com.example.physiokalendar.entity.Therapist#7}
2026-02-15 16:58:44.588 [http-nio-8080-exec-8] DEBUG o.h.internal.util.EntityPrinter - com.example.physiokalendar.entity.Patient{lastName=Schreiber, notes=null, city=null, postalCode=null, houseNumber=null, fullName=Stefanie Schreiber, dateOfBirth=null, insuranceType=null, isActive=null, isBWO=false, createdAt=2026-02-15T01:53:49, firstName=Stefanie, activeSince=2026-02-15T01:53:49, street=null, telefon=null, id=3438, activeUntil=2026-02-15T01:53:49, email=null, updatedAt=2026-02-15T01:53:48.665172}
2026-02-15 16:58:44.588 [http-nio-8080-exec-8] DEBUG o.h.internal.util.EntityPrinter - com.example.physiokalendar.entity.Patient{lastName=Albrecht, notes=null, city=null, postalCode=null, houseNumber=null, fullName=Peter Albrecht, dateOfBirth=null, insuranceType=null, isActive=null, isBWO=false, createdAt=2026-02-15T01:53:38, firstName=Peter, activeSince=2026-02-15T01:53:38, street=null, telefon=null, id=2690, activeUntil=2026-02-15T01:53:38, email=null, updatedAt=2026-02-15T01:53:37.526214}
2026-02-15 16:58:44.588 [http-nio-8080-exec-8] DEBUG o.h.internal.util.EntityPrinter - com.example.physiokalendar.entity.Appointment{date=2026-02-16, createdBySeriesAppointment=true, isHotair=false, createdAt=2026-02-15T16:53:28, isElectric=false, patient=com.example.physiokalendar.entity.Patient#2690, comment=null, startTime=2026-02-16T07:50, id=72886, endTime=2026-02-16T08:20, appointmentSeries=<uninitialized>, isUltrasonic=false, status=SCHEDULED, therapist=com.example.physiokalendar.entity.Therapist#7}
2026-02-15 16:58:44.588 [http-nio-8080-exec-8] DEBUG org.hibernate.orm.sql.exec - Skipping reading Query result cache data: cache-enabled = false, cache-mode = NORMAL
2026-02-15 16:58:44.588 [http-nio-8080-exec-8] DEBUG org.hibernate.orm.results - Initializer list:
	  com.example.physiokalendar.entity.AppointmentSeries(s).cancellations -> DelayedCollectionInitializer(com.example.physiokalendar.entity.AppointmentSeries(s).cancellations)@189011817 (PluralAttribute(com.example.physiokalendar.entity.AppointmentSeries.cancellations))
	  com.example.physiokalendar.entity.AppointmentSeries(s) -> EntityResultInitializer(com.example.physiokalendar.entity.AppointmentSeries(s))@1517991679 (SingleTableEntityPersister(com.example.physiokalendar.entity.AppointmentSeries))
	  com.example.physiokalendar.entity.AppointmentSeries(s).patient -> EntityDelayedFetchInitializer(com.example.physiokalendar.entity.AppointmentSeries(s).patient)@1942738177 (ToOneAttributeMapping(NavigableRole[com.example.physiokalendar.entity.AppointmentSeries.patient])@139139980)
	  com.example.physiokalendar.entity.AppointmentSeries(s).therapist -> EntityDelayedFetchInitializer(com.example.physiokalendar.entity.AppointmentSeries(s).therapist)@587979102 (ToOneAttributeMapping(NavigableRole[com.example.physiokalendar.entity.AppointmentSeries.therapist])@1635013674)

2026-02-15 16:58:44.588 [http-nio-8080-exec-8] DEBUG org.hibernate.SQL - 
    /* SELECT
        s 
    FROM
        AppointmentSeries s 
    WHERE
        s.therapist.id = :therapistId 
        AND s.status = :status 
        AND s.startDate <= :rangeTo 
        AND s.endDate >= :rangeFrom */ select
            as1_0.id,
            as1_0.comment,
            as1_0.created_at,
            as1_0.end_date,
            as1_0.end_time,
            as1_0.patient_id,
            as1_0.start_date,
            as1_0.start_time,
            as1_0.status,
            as1_0.therapist_id,
            as1_0.week_day,
            as1_0.weekly_frequency 
        from
            appointment_series as1_0 
        where
            as1_0.therapist_id=? 
            and as1_0.status=? 
            and as1_0.start_date<=? 
            and as1_0.end_date>=?
2026-02-15 16:58:44.589 [http-nio-8080-exec-8] DEBUG org.hibernate.orm.results - Extracted JDBC value [0] - [4333]
2026-02-15 16:58:44.589 [http-nio-8080-exec-8] DEBUG o.h.orm.results.loading.entity - (EntityResultInitializer) Hydrated EntityKey (com.example.physiokalendar.entity.AppointmentSeries(s)): 4333
2026-02-15 16:58:44.590 [http-nio-8080-exec-8] DEBUG o.h.o.r.l.o.h.o.r.loading.collection - (DelayedCollectionInitializer) Current row collection key : com.example.physiokalendar.entity.AppointmentSeries(s).cancellations#4333
2026-02-15 16:58:44.590 [http-nio-8080-exec-8] DEBUG o.h.orm.results.loading.entity - (EntityResultInitializer) Created new entity instance [com.example.physiokalendar.entity.AppointmentSeries(s)#4333] : 710103436
2026-02-15 16:58:44.590 [http-nio-8080-exec-8] DEBUG org.hibernate.orm.results - Extracted JDBC value [5] - [2690]
2026-02-15 16:58:44.590 [http-nio-8080-exec-8] DEBUG org.hibernate.orm.results - Extracted JDBC value [9] - [7]
2026-02-15 16:58:44.590 [http-nio-8080-exec-8] DEBUG org.hibernate.orm.results - Extracted JDBC value [1] - []
2026-02-15 16:58:44.590 [http-nio-8080-exec-8] DEBUG org.hibernate.orm.results - Extracted JDBC value [2] - [2026-02-15T16:48:12]
2026-02-15 16:58:44.590 [http-nio-8080-exec-8] DEBUG org.hibernate.orm.results - Extracted JDBC value [3] - [2050-02-28]
2026-02-15 16:58:44.590 [http-nio-8080-exec-8] DEBUG org.hibernate.orm.results - Extracted JDBC value [4] - [08:20]
2026-02-15 16:58:44.590 [http-nio-8080-exec-8] DEBUG org.hibernate.orm.results - Extracted JDBC value [6] - [2026-02-02]
2026-02-15 16:58:44.590 [http-nio-8080-exec-8] DEBUG org.hibernate.orm.results - Extracted JDBC value [7] - [07:50]
2026-02-15 16:58:44.590 [http-nio-8080-exec-8] DEBUG org.hibernate.orm.results - Extracted JDBC value [8] - [ACTIVE]
2026-02-15 16:58:44.590 [http-nio-8080-exec-8] DEBUG org.hibernate.orm.results - Extracted JDBC value [10] - [Montag]
2026-02-15 16:58:44.590 [http-nio-8080-exec-8] DEBUG org.hibernate.orm.results - Extracted JDBC value [11] - [1]
2026-02-15 16:58:44.590 [http-nio-8080-exec-8] DEBUG o.h.orm.results.loading.entity - (EntityResultInitializer) Done materializing entityInstance : com.example.physiokalendar.entity.AppointmentSeries(s)#4333
2026-02-15 16:58:44.590 [http-nio-8080-exec-8] DEBUG org.hibernate.orm.results.loading - Calling top-level assembler (0 / 1) : org.hibernate.sql.results.graph.entity.internal.EntityAssembler@242b3470
2026-02-15 16:58:44.590 [http-nio-8080-exec-8] DEBUG org.hibernate.orm.results - Extracted JDBC value [0] - [4360]
2026-02-15 16:58:44.590 [http-nio-8080-exec-8] DEBUG o.h.orm.results.loading.entity - (EntityResultInitializer) Hydrated EntityKey (com.example.physiokalendar.entity.AppointmentSeries(s)): 4360
2026-02-15 16:58:44.590 [http-nio-8080-exec-8] DEBUG o.h.o.r.l.o.h.o.r.loading.collection - (DelayedCollectionInitializer) Current row collection key : com.example.physiokalendar.entity.AppointmentSeries(s).cancellations#4360
2026-02-15 16:58:44.590 [http-nio-8080-exec-8] DEBUG o.h.orm.results.loading.entity - (EntityResultInitializer) Created new entity instance [com.example.physiokalendar.entity.AppointmentSeries(s)#4360] : 1285760817
2026-02-15 16:58:44.590 [http-nio-8080-exec-8] DEBUG org.hibernate.orm.results - Extracted JDBC value [5] - [3518]
2026-02-15 16:58:44.591 [http-nio-8080-exec-8] DEBUG org.hibernate.orm.results - Extracted JDBC value [9] - [7]
2026-02-15 16:58:44.591 [http-nio-8080-exec-8] DEBUG org.hibernate.orm.results - Extracted JDBC value [1] - []
2026-02-15 16:58:44.591 [http-nio-8080-exec-8] DEBUG org.hibernate.orm.results - Extracted JDBC value [2] - [2026-02-15T16:48:16]
2026-02-15 16:58:44.591 [http-nio-8080-exec-8] DEBUG org.hibernate.orm.results - Extracted JDBC value [3] - [2050-01-31]
2026-02-15 16:58:44.591 [http-nio-8080-exec-8] DEBUG org.hibernate.orm.results - Extracted JDBC value [4] - [13:40]
2026-02-15 16:58:44.591 [http-nio-8080-exec-8] DEBUG org.hibernate.orm.results - Extracted JDBC value [6] - [2026-01-05]
2026-02-15 16:58:44.591 [http-nio-8080-exec-8] DEBUG org.hibernate.orm.results - Extracted JDBC value [7] - [13:20]
2026-02-15 16:58:44.591 [http-nio-8080-exec-8] DEBUG org.hibernate.orm.results - Extracted JDBC value [8] - [ACTIVE]
2026-02-15 16:58:44.591 [http-nio-8080-exec-8] DEBUG org.hibernate.orm.results - Extracted JDBC value [10] - [Montag]
2026-02-15 16:58:44.591 [http-nio-8080-exec-8] DEBUG org.hibernate.orm.results - Extracted JDBC value [11] - [1]
2026-02-15 16:58:44.591 [http-nio-8080-exec-8] DEBUG o.h.orm.results.loading.entity - (EntityResultInitializer) Done materializing entityInstance : com.example.physiokalendar.entity.AppointmentSeries(s)#4360
2026-02-15 16:58:44.591 [http-nio-8080-exec-8] DEBUG org.hibernate.orm.results.loading - Calling top-level assembler (0 / 1) : org.hibernate.sql.results.graph.entity.internal.EntityAssembler@242b3470
2026-02-15 16:58:44.591 [http-nio-8080-exec-8] DEBUG org.hibernate.orm.results - Extracted JDBC value [0] - [4369]
2026-02-15 16:58:44.591 [http-nio-8080-exec-8] DEBUG o.h.orm.results.loading.entity - (EntityResultInitializer) Hydrated EntityKey (com.example.physiokalendar.entity.AppointmentSeries(s)): 4369
2026-02-15 16:58:44.591 [http-nio-8080-exec-8] DEBUG o.h.o.r.l.o.h.o.r.loading.collection - (DelayedCollectionInitializer) Current row collection key : com.example.physiokalendar.entity.AppointmentSeries(s).cancellations#4369
2026-02-15 16:58:44.591 [http-nio-8080-exec-8] DEBUG o.h.orm.results.loading.entity - (EntityResultInitializer) Created new entity instance [com.example.physiokalendar.entity.AppointmentSeries(s)#4369] : 1458364676
2026-02-15 16:58:44.592 [http-nio-8080-exec-8] DEBUG org.hibernate.orm.results - Extracted JDBC value [5] - [3217]
2026-02-15 16:58:44.592 [http-nio-8080-exec-8] DEBUG org.hibernate.orm.results - Extracted JDBC value [9] - [7]
2026-02-15 16:58:44.592 [http-nio-8080-exec-8] DEBUG org.hibernate.orm.results - Extracted JDBC value [1] - []
2026-02-15 16:58:44.592 [http-nio-8080-exec-8] DEBUG org.hibernate.orm.results - Extracted JDBC value [2] - [2026-02-15T16:48:17]
2026-02-15 16:58:44.592 [http-nio-8080-exec-8] DEBUG org.hibernate.orm.results - Extracted JDBC value [3] - [2044-02-02]
2026-02-15 16:58:44.592 [http-nio-8080-exec-8] DEBUG org.hibernate.orm.results - Extracted JDBC value [4] - [11:00]
2026-02-15 16:58:44.592 [http-nio-8080-exec-8] DEBUG org.hibernate.orm.results - Extracted JDBC value [6] - [2026-01-13]
2026-02-15 16:58:44.592 [http-nio-8080-exec-8] DEBUG org.hibernate.orm.results - Extracted JDBC value [7] - [10:10]
2026-02-15 16:58:44.592 [http-nio-8080-exec-8] DEBUG org.hibernate.orm.results - Extracted JDBC value [8] - [ACTIVE]
2026-02-15 16:58:44.592 [http-nio-8080-exec-8] DEBUG org.hibernate.orm.results - Extracted JDBC value [10] - [Dienstag]
2026-02-15 16:58:44.592 [http-nio-8080-exec-8] DEBUG org.hibernate.orm.results - Extracted JDBC value [11] - [1]
2026-02-15 16:58:44.592 [http-nio-8080-exec-8] DEBUG o.h.orm.results.loading.entity - (EntityResultInitializer) Done materializing entityInstance : com.example.physiokalendar.entity.AppointmentSeries(s)#4369
2026-02-15 16:58:44.592 [http-nio-8080-exec-8] DEBUG org.hibernate.orm.results.loading - Calling top-level assembler (0 / 1) : org.hibernate.sql.results.graph.entity.internal.EntityAssembler@242b3470
2026-02-15 16:58:44.592 [http-nio-8080-exec-8] DEBUG org.hibernate.orm.results - Extracted JDBC value [0] - [4371]
2026-02-15 16:58:44.592 [http-nio-8080-exec-8] DEBUG o.h.orm.results.loading.entity - (EntityResultInitializer) Hydrated EntityKey (com.example.physiokalendar.entity.AppointmentSeries(s)): 4371
2026-02-15 16:58:44.592 [http-nio-8080-exec-8] DEBUG o.h.o.r.l.o.h.o.r.loading.collection - (DelayedCollectionInitializer) Current row collection key : com.example.physiokalendar.entity.AppointmentSeries(s).cancellations#4371
2026-02-15 16:58:44.592 [http-nio-8080-exec-8] DEBUG o.h.orm.results.loading.entity - (EntityResultInitializer) Created new entity instance [com.example.physiokalendar.entity.AppointmentSeries(s)#4371] : 2119624672
2026-02-15 16:58:44.592 [http-nio-8080-exec-8] DEBUG org.hibernate.orm.results - Extracted JDBC value [5] - [2970]
2026-02-15 16:58:44.592 [http-nio-8080-exec-8] DEBUG org.hibernate.orm.results - Extracted JDBC value [9] - [7]
2026-02-15 16:58:44.592 [http-nio-8080-exec-8] DEBUG org.hibernate.orm.results - Extracted JDBC value [1] - []
2026-02-15 16:58:44.593 [http-nio-8080-exec-8] DEBUG org.hibernate.orm.results - Extracted JDBC value [2] - [2026-02-15T16:48:17]
2026-02-15 16:58:44.593 [http-nio-8080-exec-8] DEBUG org.hibernate.orm.results - Extracted JDBC value [3] - [2058-12-02]
2026-02-15 16:58:44.593 [http-nio-8080-exec-8] DEBUG org.hibernate.orm.results - Extracted JDBC value [4] - [15:30]
2026-02-15 16:58:44.593 [http-nio-8080-exec-8] DEBUG org.hibernate.orm.results - Extracted JDBC value [6] - [2025-12-02]
2026-02-15 16:58:44.593 [http-nio-8080-exec-8] DEBUG org.hibernate.orm.results - Extracted JDBC value [7] - [15:00]
2026-02-15 16:58:44.593 [http-nio-8080-exec-8] DEBUG org.hibernate.orm.results - Extracted JDBC value [8] - [ACTIVE]
2026-02-15 16:58:44.593 [http-nio-8080-exec-8] DEBUG org.hibernate.orm.results - Extracted JDBC value [10] - [Dienstag]
2026-02-15 16:58:44.593 [http-nio-8080-exec-8] DEBUG org.hibernate.orm.results - Extracted JDBC value [11] - [1]
2026-02-15 16:58:44.593 [http-nio-8080-exec-8] DEBUG o.h.orm.results.loading.entity - (EntityResultInitializer) Done materializing entityInstance : com.example.physiokalendar.entity.AppointmentSeries(s)#4371
2026-02-15 16:58:44.593 [http-nio-8080-exec-8] DEBUG org.hibernate.orm.results.loading - Calling top-level assembler (0 / 1) : org.hibernate.sql.results.graph.entity.internal.EntityAssembler@242b3470
2026-02-15 16:58:44.593 [http-nio-8080-exec-8] DEBUG org.hibernate.orm.results - Extracted JDBC value [0] - [4378]
2026-02-15 16:58:44.593 [http-nio-8080-exec-8] DEBUG o.h.orm.results.loading.entity - (EntityResultInitializer) Hydrated EntityKey (com.example.physiokalendar.entity.AppointmentSeries(s)): 4378
2026-02-15 16:58:44.593 [http-nio-8080-exec-8] DEBUG o.h.o.r.l.o.h.o.r.loading.collection - (DelayedCollectionInitializer) Current row collection key : com.example.physiokalendar.entity.AppointmentSeries(s).cancellations#4378
2026-02-15 16:58:44.593 [http-nio-8080-exec-8] DEBUG o.h.orm.results.loading.entity - (EntityResultInitializer) Created new entity instance [com.example.physiokalendar.entity.AppointmentSeries(s)#4378] : 1440062823
2026-02-15 16:58:44.593 [http-nio-8080-exec-8] DEBUG org.hibernate.orm.results - Extracted JDBC value [5] - [2709]
2026-02-15 16:58:44.593 [http-nio-8080-exec-8] DEBUG org.hibernate.orm.results - Extracted JDBC value [9] - [7]
2026-02-15 16:58:44.593 [http-nio-8080-exec-8] DEBUG org.hibernate.orm.results - Extracted JDBC value [1] - []
2026-02-15 16:58:44.594 [http-nio-8080-exec-8] DEBUG org.hibernate.orm.results - Extracted JDBC value [2] - [2026-02-15T16:48:18]
2026-02-15 16:58:44.594 [http-nio-8080-exec-8] DEBUG org.hibernate.orm.results - Extracted JDBC value [3] - [2050-09-27]
2026-02-15 16:58:44.594 [http-nio-8080-exec-8] DEBUG org.hibernate.orm.results - Extracted JDBC value [4] - [11:30]
2026-02-15 16:58:44.594 [http-nio-8080-exec-8] DEBUG org.hibernate.orm.results - Extracted JDBC value [6] - [2025-09-02]
2026-02-15 16:58:44.594 [http-nio-8080-exec-8] DEBUG org.hibernate.orm.results - Extracted JDBC value [7] - [11:00]
2026-02-15 16:58:44.594 [http-nio-8080-exec-8] DEBUG org.hibernate.orm.results - Extracted JDBC value [8] - [ACTIVE]
2026-02-15 16:58:44.594 [http-nio-8080-exec-8] DEBUG org.hibernate.orm.results - Extracted JDBC value [10] - [Dienstag]
2026-02-15 16:58:44.594 [http-nio-8080-exec-8] DEBUG org.hibernate.orm.results - Extracted JDBC value [11] - [1]
2026-02-15 16:58:44.594 [http-nio-8080-exec-8] DEBUG o.h.orm.results.loading.entity - (EntityResultInitializer) Done materializing entityInstance : com.example.physiokalendar.entity.AppointmentSeries(s)#4378
2026-02-15 16:58:44.594 [http-nio-8080-exec-8] DEBUG org.hibernate.orm.results.loading - Calling top-level assembler (0 / 1) : org.hibernate.sql.results.graph.entity.internal.EntityAssembler@242b3470
2026-02-15 16:58:44.594 [http-nio-8080-exec-8] DEBUG org.hibernate.orm.results - Extracted JDBC value [0] - [4386]
2026-02-15 16:58:44.594 [http-nio-8080-exec-8] DEBUG o.h.orm.results.loading.entity - (EntityResultInitializer) Hydrated EntityKey (com.example.physiokalendar.entity.AppointmentSeries(s)): 4386
2026-02-15 16:58:44.594 [http-nio-8080-exec-8] DEBUG o.h.o.r.l.o.h.o.r.loading.collection - (DelayedCollectionInitializer) Current row collection key : com.example.physiokalendar.entity.AppointmentSeries(s).cancellations#4386
2026-02-15 16:58:44.594 [http-nio-8080-exec-8] DEBUG o.h.orm.results.loading.entity - (EntityResultInitializer) Created new entity instance [com.example.physiokalendar.entity.AppointmentSeries(s)#4386] : 2041680362
2026-02-15 16:58:44.594 [http-nio-8080-exec-8] DEBUG org.hibernate.orm.results - Extracted JDBC value [5] - [2894]
2026-02-15 16:58:44.594 [http-nio-8080-exec-8] DEBUG org.hibernate.orm.results - Extracted JDBC value [9] - [7]
2026-02-15 16:58:44.595 [http-nio-8080-exec-8] DEBUG org.hibernate.orm.results - Extracted JDBC value [1] - []
2026-02-15 16:58:44.595 [http-nio-8080-exec-8] DEBUG org.hibernate.orm.results - Extracted JDBC value [2] - [2026-02-15T16:48:19]
2026-02-15 16:58:44.595 [http-nio-8080-exec-8] DEBUG org.hibernate.orm.results - Extracted JDBC value [3] - [2050-09-28]
2026-02-15 16:58:44.595 [http-nio-8080-exec-8] DEBUG org.hibernate.orm.results - Extracted JDBC value [4] - [13:00]
2026-02-15 16:58:44.595 [http-nio-8080-exec-8] DEBUG org.hibernate.orm.results - Extracted JDBC value [6] - [2025-09-03]
2026-02-15 16:58:44.595 [http-nio-8080-exec-8] DEBUG org.hibernate.orm.results - Extracted JDBC value [7] - [12:30]
2026-02-15 16:58:44.595 [http-nio-8080-exec-8] DEBUG org.hibernate.orm.results - Extracted JDBC value [8] - [ACTIVE]
2026-02-15 16:58:44.595 [http-nio-8080-exec-8] DEBUG org.hibernate.orm.results - Extracted JDBC value [10] - [Mittwoch]
2026-02-15 16:58:44.595 [http-nio-8080-exec-8] DEBUG org.hibernate.orm.results - Extracted JDBC value [11] - [1]
2026-02-15 16:58:44.595 [http-nio-8080-exec-8] DEBUG o.h.orm.results.loading.entity - (EntityResultInitializer) Done materializing entityInstance : com.example.physiokalendar.entity.AppointmentSeries(s)#4386
2026-02-15 16:58:44.595 [http-nio-8080-exec-8] DEBUG org.hibernate.orm.results.loading - Calling top-level assembler (0 / 1) : org.hibernate.sql.results.graph.entity.internal.EntityAssembler@242b3470
2026-02-15 16:58:44.595 [http-nio-8080-exec-8] DEBUG org.hibernate.orm.results - Extracted JDBC value [0] - [4387]
2026-02-15 16:58:44.595 [http-nio-8080-exec-8] DEBUG o.h.orm.results.loading.entity - (EntityResultInitializer) Hydrated EntityKey (com.example.physiokalendar.entity.AppointmentSeries(s)): 4387
2026-02-15 16:58:44.595 [http-nio-8080-exec-8] DEBUG o.h.o.r.l.o.h.o.r.loading.collection - (DelayedCollectionInitializer) Current row collection key : com.example.physiokalendar.entity.AppointmentSeries(s).cancellations#4387
2026-02-15 16:58:44.595 [http-nio-8080-exec-8] DEBUG o.h.orm.results.loading.entity - (EntityResultInitializer) Created new entity instance [com.example.physiokalendar.entity.AppointmentSeries(s)#4387] : 1630962566
2026-02-15 16:58:44.596 [http-nio-8080-exec-8] DEBUG org.hibernate.orm.results - Extracted JDBC value [5] - [3530]
2026-02-15 16:58:44.596 [http-nio-8080-exec-8] DEBUG org.hibernate.orm.results - Extracted JDBC value [9] - [7]
2026-02-15 16:58:44.596 [http-nio-8080-exec-8] DEBUG org.hibernate.orm.results - Extracted JDBC value [1] - []
2026-02-15 16:58:44.596 [http-nio-8080-exec-8] DEBUG org.hibernate.orm.results - Extracted JDBC value [2] - [2026-02-15T16:48:19]
2026-02-15 16:58:44.596 [http-nio-8080-exec-8] DEBUG org.hibernate.orm.results - Extracted JDBC value [3] - [2031-02-05]
2026-02-15 16:58:44.596 [http-nio-8080-exec-8] DEBUG org.hibernate.orm.results - Extracted JDBC value [4] - [06:30]
2026-02-15 16:58:44.596 [http-nio-8080-exec-8] DEBUG org.hibernate.orm.results - Extracted JDBC value [6] - [2025-11-05]
2026-02-15 16:58:44.596 [http-nio-8080-exec-8] DEBUG org.hibernate.orm.results - Extracted JDBC value [7] - [06:00]
2026-02-15 16:58:44.596 [http-nio-8080-exec-8] DEBUG org.hibernate.orm.results - Extracted JDBC value [8] - [ACTIVE]
2026-02-15 16:58:44.596 [http-nio-8080-exec-8] DEBUG org.hibernate.orm.results - Extracted JDBC value [10] - [Mittwoch]
2026-02-15 16:58:44.596 [http-nio-8080-exec-8] DEBUG org.hibernate.orm.results - Extracted JDBC value [11] - [1]
2026-02-15 16:58:44.596 [http-nio-8080-exec-8] DEBUG o.h.orm.results.loading.entity - (EntityResultInitializer) Done materializing entityInstance : com.example.physiokalendar.entity.AppointmentSeries(s)#4387
2026-02-15 16:58:44.596 [http-nio-8080-exec-8] DEBUG org.hibernate.orm.results.loading - Calling top-level assembler (0 / 1) : org.hibernate.sql.results.graph.entity.internal.EntityAssembler@242b3470
2026-02-15 16:58:44.596 [http-nio-8080-exec-8] DEBUG org.hibernate.orm.results - Extracted JDBC value [0] - [4396]
2026-02-15 16:58:44.596 [http-nio-8080-exec-8] DEBUG o.h.orm.results.loading.entity - (EntityResultInitializer) Hydrated EntityKey (com.example.physiokalendar.entity.AppointmentSeries(s)): 4396
2026-02-15 16:58:44.596 [http-nio-8080-exec-8] DEBUG o.h.o.r.l.o.h.o.r.loading.collection - (DelayedCollectionInitializer) Current row collection key : com.example.physiokalendar.entity.AppointmentSeries(s).cancellations#4396
2026-02-15 16:58:44.596 [http-nio-8080-exec-8] DEBUG o.h.orm.results.loading.entity - (EntityResultInitializer) Created new entity instance [com.example.physiokalendar.entity.AppointmentSeries(s)#4396] : 740021423
2026-02-15 16:58:44.596 [http-nio-8080-exec-8] DEBUG org.hibernate.orm.results - Extracted JDBC value [5] - [2891]
2026-02-15 16:58:44.596 [http-nio-8080-exec-8] DEBUG org.hibernate.orm.results - Extracted JDBC value [9] - [7]
2026-02-15 16:58:44.596 [http-nio-8080-exec-8] DEBUG org.hibernate.orm.results - Extracted JDBC value [1] - []
2026-02-15 16:58:44.596 [http-nio-8080-exec-8] DEBUG org.hibernate.orm.results - Extracted JDBC value [2] - [2026-02-15T16:48:20]
2026-02-15 16:58:44.596 [http-nio-8080-exec-8] DEBUG org.hibernate.orm.results - Extracted JDBC value [3] - [2050-08-25]
2026-02-15 16:58:44.596 [http-nio-8080-exec-8] DEBUG org.hibernate.orm.results - Extracted JDBC value [4] - [16:10]
2026-02-15 16:58:44.597 [http-nio-8080-exec-8] DEBUG org.hibernate.orm.results - Extracted JDBC value [6] - [2025-08-14]
2026-02-15 16:58:44.597 [http-nio-8080-exec-8] DEBUG org.hibernate.orm.results - Extracted JDBC value [7] - [15:10]
2026-02-15 16:58:44.597 [http-nio-8080-exec-8] DEBUG org.hibernate.orm.results - Extracted JDBC value [8] - [ACTIVE]
2026-02-15 16:58:44.597 [http-nio-8080-exec-8] DEBUG org.hibernate.orm.results - Extracted JDBC value [10] - [Donnerstag]
2026-02-15 16:58:44.597 [http-nio-8080-exec-8] DEBUG org.hibernate.orm.results - Extracted JDBC value [11] - [1]
2026-02-15 16:58:44.597 [http-nio-8080-exec-8] DEBUG o.h.orm.results.loading.entity - (EntityResultInitializer) Done materializing entityInstance : com.example.physiokalendar.entity.AppointmentSeries(s)#4396
2026-02-15 16:58:44.597 [http-nio-8080-exec-8] DEBUG org.hibernate.orm.results.loading - Calling top-level assembler (0 / 1) : org.hibernate.sql.results.graph.entity.internal.EntityAssembler@242b3470
2026-02-15 16:58:44.597 [http-nio-8080-exec-8] DEBUG org.hibernate.orm.results - Extracted JDBC value [0] - [4403]
2026-02-15 16:58:44.597 [http-nio-8080-exec-8] DEBUG o.h.orm.results.loading.entity - (EntityResultInitializer) Hydrated EntityKey (com.example.physiokalendar.entity.AppointmentSeries(s)): 4403
2026-02-15 16:58:44.597 [http-nio-8080-exec-8] DEBUG o.h.o.r.l.o.h.o.r.loading.collection - (DelayedCollectionInitializer) Current row collection key : com.example.physiokalendar.entity.AppointmentSeries(s).cancellations#4403
2026-02-15 16:58:44.597 [http-nio-8080-exec-8] DEBUG o.h.orm.results.loading.entity - (EntityResultInitializer) Created new entity instance [com.example.physiokalendar.entity.AppointmentSeries(s)#4403] : 1767849868
2026-02-15 16:58:44.597 [http-nio-8080-exec-8] DEBUG org.hibernate.orm.results - Extracted JDBC value [5] - [2749]
2026-02-15 16:58:44.597 [http-nio-8080-exec-8] DEBUG org.hibernate.orm.results - Extracted JDBC value [9] - [7]
2026-02-15 16:58:44.597 [http-nio-8080-exec-8] DEBUG org.hibernate.orm.results - Extracted JDBC value [1] - []
2026-02-15 16:58:44.597 [http-nio-8080-exec-8] DEBUG org.hibernate.orm.results - Extracted JDBC value [2] - [2026-02-15T16:48:21]
2026-02-15 16:58:44.597 [http-nio-8080-exec-8] DEBUG org.hibernate.orm.results - Extracted JDBC value [3] - [2050-09-29]
2026-02-15 16:58:44.597 [http-nio-8080-exec-8] DEBUG org.hibernate.orm.results - Extracted JDBC value [4] - [18:00]
2026-02-15 16:58:44.597 [http-nio-8080-exec-8] DEBUG org.hibernate.orm.results - Extracted JDBC value [6] - [2025-09-25]
2026-02-15 16:58:44.597 [http-nio-8080-exec-8] DEBUG org.hibernate.orm.results - Extracted JDBC value [7] - [17:30]
2026-02-15 16:58:44.597 [http-nio-8080-exec-8] DEBUG org.hibernate.orm.results - Extracted JDBC value [8] - [ACTIVE]
2026-02-15 16:58:44.597 [http-nio-8080-exec-8] DEBUG org.hibernate.orm.results - Extracted JDBC value [10] - [Donnerstag]
2026-02-15 16:58:44.597 [http-nio-8080-exec-8] DEBUG org.hibernate.orm.results - Extracted JDBC value [11] - [1]
2026-02-15 16:58:44.597 [http-nio-8080-exec-8] DEBUG o.h.orm.results.loading.entity - (EntityResultInitializer) Done materializing entityInstance : com.example.physiokalendar.entity.AppointmentSeries(s)#4403
2026-02-15 16:58:44.597 [http-nio-8080-exec-8] DEBUG org.hibernate.orm.results.loading - Calling top-level assembler (0 / 1) : org.hibernate.sql.results.graph.entity.internal.EntityAssembler@242b3470
2026-02-15 16:58:44.599 [http-nio-8080-exec-8] DEBUG org.hibernate.orm.sql.exec - Skipping reading Query result cache data: cache-enabled = false, cache-mode = IGNORE
2026-02-15 16:58:44.599 [http-nio-8080-exec-8] DEBUG org.hibernate.orm.results - Initializer list:
	  com.example.physiokalendar.entity.AppointmentSeries.cancellations.{element} -> EntityJoinedFetchInitializer(com.example.physiokalendar.entity.AppointmentSeries.cancellations.{element})@1782392949 (EntityCollectionPart(com.example.physiokalendar.entity.AppointmentSeries.cancellations#{element})@1257322132)
	  com.example.physiokalendar.entity.AppointmentSeries.cancellations -> BagInitializer(com.example.physiokalendar.entity.AppointmentSeries.cancellations)@2017594649 (PluralAttribute(com.example.physiokalendar.entity.AppointmentSeries.cancellations))
	  com.example.physiokalendar.entity.AppointmentSeries.cancellations.{element}.appointmentSeries -> EntityDelayedFetchInitializer(com.example.physiokalendar.entity.AppointmentSeries.cancellations.{element}.appointmentSeries)@1948233877 (ToOneAttributeMapping(NavigableRole[com.example.physiokalendar.entity.Cancellation.appointmentSeries])@2002927843)

2026-02-15 16:58:44.599 [http-nio-8080-exec-8] DEBUG org.hibernate.SQL - 
    select
        c1_0.appointment_series_id,
        c1_0.id,
        c1_0.created_at,
        c1_0.date 
    from
        cancellation c1_0 
    where
        c1_0.appointment_series_id=?
2026-02-15 16:58:44.601 [http-nio-8080-exec-8] DEBUG o.h.s.results.internal.ResultsHelper - Collection fully initialized: [com.example.physiokalendar.entity.AppointmentSeries.cancellations#4333]
2026-02-15 16:58:44.601 [http-nio-8080-exec-8] DEBUG org.hibernate.orm.sql.exec - Skipping reading Query result cache data: cache-enabled = false, cache-mode = IGNORE
2026-02-15 16:58:44.601 [http-nio-8080-exec-8] DEBUG org.hibernate.orm.results - Initializer list:
	  com.example.physiokalendar.entity.AppointmentSeries.cancellations.{element} -> EntityJoinedFetchInitializer(com.example.physiokalendar.entity.AppointmentSeries.cancellations.{element})@808766297 (EntityCollectionPart(com.example.physiokalendar.entity.AppointmentSeries.cancellations#{element})@1257322132)
	  com.example.physiokalendar.entity.AppointmentSeries.cancellations -> BagInitializer(com.example.physiokalendar.entity.AppointmentSeries.cancellations)@547890343 (PluralAttribute(com.example.physiokalendar.entity.AppointmentSeries.cancellations))
	  com.example.physiokalendar.entity.AppointmentSeries.cancellations.{element}.appointmentSeries -> EntityDelayedFetchInitializer(com.example.physiokalendar.entity.AppointmentSeries.cancellations.{element}.appointmentSeries)@1338190067 (ToOneAttributeMapping(NavigableRole[com.example.physiokalendar.entity.Cancellation.appointmentSeries])@2002927843)

2026-02-15 16:58:44.601 [http-nio-8080-exec-8] DEBUG org.hibernate.SQL - 
    select
        c1_0.appointment_series_id,
        c1_0.id,
        c1_0.created_at,
        c1_0.date 
    from
        cancellation c1_0 
    where
        c1_0.appointment_series_id=?
2026-02-15 16:58:44.603 [http-nio-8080-exec-8] DEBUG org.hibernate.orm.results - Extracted JDBC value [0] - [4360]
2026-02-15 16:58:44.603 [http-nio-8080-exec-8] DEBUG o.h.o.r.l.o.h.o.r.loading.collection - (BagInitializer) Current row collection key : com.example.physiokalendar.entity.AppointmentSeries.cancellations#4360
2026-02-15 16:58:44.603 [http-nio-8080-exec-8] DEBUG org.hibernate.orm.results - Extracted JDBC value [1] - [78192]
2026-02-15 16:58:44.603 [http-nio-8080-exec-8] DEBUG o.h.orm.results.loading.entity - (EntityJoinedFetchInitializer) Hydrated EntityKey (com.example.physiokalendar.entity.AppointmentSeries.cancellations.{element}): 78192
2026-02-15 16:58:44.603 [http-nio-8080-exec-8] DEBUG o.h.orm.results.loading.entity - (EntityJoinedFetchInitializer) Created new entity instance [com.example.physiokalendar.entity.AppointmentSeries.cancellations.{element}#78192] : 1249068461
2026-02-15 16:58:44.603 [http-nio-8080-exec-8] DEBUG org.hibernate.orm.results - Extracted JDBC value [0] - [4360]
2026-02-15 16:58:44.603 [http-nio-8080-exec-8] DEBUG o.h.o.r.l.o.h.o.r.loading.collection - (BagInitializer) Responsible for loading collection [com.example.physiokalendar.entity.AppointmentSeries.cancellations#4360] : org.hibernate.collection.spi.PersistentBag@2093797400
2026-02-15 16:58:44.603 [http-nio-8080-exec-8] DEBUG org.hibernate.orm.results - Extracted JDBC value [2] - [2026-02-15T16:48:16]
2026-02-15 16:58:44.603 [http-nio-8080-exec-8] DEBUG org.hibernate.orm.results - Extracted JDBC value [3] - [2026-02-08]
2026-02-15 16:58:44.603 [http-nio-8080-exec-8] DEBUG o.h.orm.results.loading.entity - (EntityJoinedFetchInitializer) Done materializing entityInstance : com.example.physiokalendar.entity.AppointmentSeries.cancellations.{element}#78192
2026-02-15 16:58:44.603 [http-nio-8080-exec-8] DEBUG o.h.o.r.l.o.h.o.r.loading.collection - (BagInitializer) Reading element from row for collection [com.example.physiokalendar.entity.AppointmentSeries.cancellations#4360] -> org.hibernate.collection.spi.PersistentBag@2093797400
2026-02-15 16:58:44.603 [http-nio-8080-exec-8] DEBUG org.hibernate.orm.results.loading - Calling top-level assembler (0 / 1) : org.hibernate.sql.results.graph.collection.internal.CollectionAssembler@1ca178a0
2026-02-15 16:58:44.603 [http-nio-8080-exec-8] DEBUG o.h.s.results.internal.ResultsHelper - Collection fully initialized: [com.example.physiokalendar.entity.AppointmentSeries.cancellations#4360]
2026-02-15 16:58:44.604 [http-nio-8080-exec-8] DEBUG o.h.e.i.AbstractFlushingEventListener - Processing flush-time cascades
2026-02-15 16:58:44.604 [http-nio-8080-exec-8] DEBUG o.h.e.i.AbstractFlushingEventListener - Dirty checking collections
2026-02-15 16:58:44.604 [http-nio-8080-exec-8] DEBUG org.hibernate.orm.sql.ast.create - Created new SQL alias : a1_0
2026-02-15 16:58:44.604 [http-nio-8080-exec-8] DEBUG org.hibernate.orm.sql.ast.create - Registration of TableGroup [StandardTableGroup(com.example.physiokalendar.entity.Absence(a))] with identifierForTableGroup [com.example.physiokalendar.entity.Absence] for NavigablePath [com.example.physiokalendar.entity.Absence] 
2026-02-15 16:58:44.605 [http-nio-8080-exec-8] DEBUG org.hibernate.orm.sql.ast.create - Registration of TableGroup [org.hibernate.sql.ast.tree.from.LazyTableGroup@5d197303] with identifierForTableGroup [com.example.physiokalendar.entity.Absence.therapist] for NavigablePath [com.example.physiokalendar.entity.Absence.therapist] 
2026-02-15 16:58:44.605 [http-nio-8080-exec-8] DEBUG o.h.q.s.sql.BaseSqmToSqlAstConverter - Determining mapping-model type for SqmParameter : SqmNamedParameter(therapistId)
2026-02-15 16:58:44.605 [http-nio-8080-exec-8] DEBUG o.h.q.s.sql.BaseSqmToSqlAstConverter - Determining mapping-model type for SqmPath : SqmBasicValuedSimplePath(com.example.physiokalendar.entity.Absence(a).therapist.id) 
2026-02-15 16:58:44.605 [http-nio-8080-exec-8] DEBUG o.h.q.s.sql.BaseSqmToSqlAstConverter - Determining mapping-model type for SqmParameter : SqmNamedParameter(absenceType)
2026-02-15 16:58:44.605 [http-nio-8080-exec-8] DEBUG o.h.q.s.sql.BaseSqmToSqlAstConverter - Determining mapping-model type for SqmPath : SqmBasicValuedSimplePath(com.example.physiokalendar.entity.Absence(a).absenceType) 
2026-02-15 16:58:44.605 [http-nio-8080-exec-8] DEBUG o.h.q.s.sql.BaseSqmToSqlAstConverter - Determining mapping-model type for SqmParameter : SqmNamedParameter(from)
2026-02-15 16:58:44.605 [http-nio-8080-exec-8] DEBUG o.h.q.s.sql.BaseSqmToSqlAstConverter - Determining mapping-model type for SqmPath : SqmBasicValuedSimplePath(com.example.physiokalendar.entity.Absence(a).date) 
2026-02-15 16:58:44.605 [http-nio-8080-exec-8] DEBUG o.h.q.s.sql.BaseSqmToSqlAstConverter - Determining mapping-model type for SqmParameter : SqmNamedParameter(to)
2026-02-15 16:58:44.605 [http-nio-8080-exec-8] DEBUG o.h.q.s.sql.BaseSqmToSqlAstConverter - Determining mapping-model type for SqmPath : SqmBasicValuedSimplePath(com.example.physiokalendar.entity.Absence(a).date) 
2026-02-15 16:58:44.605 [http-nio-8080-exec-8] DEBUG org.hibernate.orm.results.graph.AST - DomainResult Graph:
 \-EntityResultImpl [com.example.physiokalendar.entity.Absence(a)]
 |  +-BasicFetch [com.example.physiokalendar.entity.Absence(a).absenceType]
 |  +-BasicFetch [com.example.physiokalendar.entity.Absence(a).createdAt]
 |  +-BasicFetch [com.example.physiokalendar.entity.Absence(a).date]
 |  +-BasicFetch [com.example.physiokalendar.entity.Absence(a).endDate]
 |  +-BasicFetch [com.example.physiokalendar.entity.Absence(a).endTime]
 |  +-BasicFetch [com.example.physiokalendar.entity.Absence(a).reason]
 |  +-BasicFetch [com.example.physiokalendar.entity.Absence(a).startTime]
 |  +-EntityDelayedFetchImpl [com.example.physiokalendar.entity.Absence(a).therapist]
 |  \-BasicFetch [com.example.physiokalendar.entity.Absence(a).weekday]

2026-02-15 16:58:44.606 [http-nio-8080-exec-8] DEBUG org.hibernate.orm.sql.ast.tree - SQL AST Tree:
    SelectStatement {
      FromClause {
        StandardTableGroup (a1 : com.example.physiokalendar.entity.Absence(a)) {
          primaryTableReference : absence as a1_0
          TableGroupJoins {
            left  join LazyTableGroup (t1 : com.example.physiokalendar.entity.Absence(a).therapist) {
            }
          }
        }
      }
    }

2026-02-15 16:58:44.606 [http-nio-8080-exec-8] DEBUG o.h.engine.internal.Collections - Collection found: [com.example.physiokalendar.entity.AppointmentSeries.cancellations#4333], was: [com.example.physiokalendar.entity.AppointmentSeries.cancellations#4333] (initialized)
2026-02-15 16:58:44.606 [http-nio-8080-exec-8] DEBUG o.h.engine.internal.Collections - Collection found: [com.example.physiokalendar.entity.AppointmentSeries.cancellations#4360], was: [com.example.physiokalendar.entity.AppointmentSeries.cancellations#4360] (initialized)
2026-02-15 16:58:44.606 [http-nio-8080-exec-8] DEBUG o.h.engine.internal.Collections - Collection found: [com.example.physiokalendar.entity.AppointmentSeries.cancellations#4369], was: [com.example.physiokalendar.entity.AppointmentSeries.cancellations#4369] (uninitialized)
2026-02-15 16:58:44.606 [http-nio-8080-exec-8] DEBUG o.h.engine.internal.Collections - Collection found: [com.example.physiokalendar.entity.AppointmentSeries.cancellations#4371], was: [com.example.physiokalendar.entity.AppointmentSeries.cancellations#4371] (uninitialized)
2026-02-15 16:58:44.606 [http-nio-8080-exec-8] DEBUG o.h.engine.internal.Collections - Collection found: [com.example.physiokalendar.entity.AppointmentSeries.cancellations#4378], was: [com.example.physiokalendar.entity.AppointmentSeries.cancellations#4378] (uninitialized)
2026-02-15 16:58:44.606 [http-nio-8080-exec-8] DEBUG o.h.engine.internal.Collections - Collection found: [com.example.physiokalendar.entity.AppointmentSeries.cancellations#4386], was: [com.example.physiokalendar.entity.AppointmentSeries.cancellations#4386] (uninitialized)
2026-02-15 16:58:44.606 [http-nio-8080-exec-8] DEBUG o.h.engine.internal.Collections - Collection found: [com.example.physiokalendar.entity.AppointmentSeries.cancellations#4387], was: [com.example.physiokalendar.entity.AppointmentSeries.cancellations#4387] (uninitialized)
2026-02-15 16:58:44.606 [http-nio-8080-exec-8] DEBUG o.h.engine.internal.Collections - Collection found: [com.example.physiokalendar.entity.AppointmentSeries.cancellations#4396], was: [com.example.physiokalendar.entity.AppointmentSeries.cancellations#4396] (uninitialized)
2026-02-15 16:58:44.606 [http-nio-8080-exec-8] DEBUG o.h.engine.internal.Collections - Collection found: [com.example.physiokalendar.entity.AppointmentSeries.cancellations#4403], was: [com.example.physiokalendar.entity.AppointmentSeries.cancellations#4403] (uninitialized)
2026-02-15 16:58:44.606 [http-nio-8080-exec-8] DEBUG o.h.e.i.AbstractFlushingEventListener - Flushed: 0 insertions, 0 updates, 0 deletions to 15 objects
2026-02-15 16:58:44.606 [http-nio-8080-exec-8] DEBUG o.h.e.i.AbstractFlushingEventListener - Flushed: 0 (re)creations, 0 updates, 0 removals to 9 collections
2026-02-15 16:58:44.606 [http-nio-8080-exec-8] DEBUG o.h.internal.util.EntityPrinter - Listing entities:
2026-02-15 16:58:44.607 [http-nio-8080-exec-8] DEBUG o.h.internal.util.EntityPrinter - com.example.physiokalendar.entity.AppointmentSeries{endDate=2050-08-25, weekday=Donnerstag, weeklyfrequency=1, cancellations=<uninitialized>, createdAt=2026-02-15T16:48:20, patient=<uninitialized>, comment=, startTime=15:10, id=4396, endTime=16:10, startDate=2025-08-14, status=ACTIVE, therapist=com.example.physiokalendar.entity.Therapist#7}
2026-02-15 16:58:44.607 [http-nio-8080-exec-8] DEBUG o.h.internal.util.EntityPrinter - com.example.physiokalendar.entity.AppointmentSeries{endDate=2050-01-31, weekday=Montag, weeklyfrequency=1, cancellations=[com.example.physiokalendar.entity.Cancellation#78192], createdAt=2026-02-15T16:48:16, patient=<uninitialized>, comment=, startTime=13:20, id=4360, endTime=13:40, startDate=2026-01-05, status=ACTIVE, therapist=com.example.physiokalendar.entity.Therapist#7}
2026-02-15 16:58:44.607 [http-nio-8080-exec-8] DEBUG o.h.internal.util.EntityPrinter - com.example.physiokalendar.entity.Patient{lastName=Schreiber, notes=null, city=null, postalCode=null, houseNumber=null, fullName=Stefanie Schreiber, dateOfBirth=null, insuranceType=null, isActive=null, isBWO=false, createdAt=2026-02-15T01:53:49, firstName=Stefanie, activeSince=2026-02-15T01:53:49, street=null, telefon=null, id=3438, activeUntil=2026-02-15T01:53:49, email=null, updatedAt=2026-02-15T01:53:48.665172}
2026-02-15 16:58:44.607 [http-nio-8080-exec-8] DEBUG o.h.internal.util.EntityPrinter - com.example.physiokalendar.entity.AppointmentSeries{endDate=2044-02-02, weekday=Dienstag, weeklyfrequency=1, cancellations=<uninitialized>, createdAt=2026-02-15T16:48:17, patient=<uninitialized>, comment=, startTime=10:10, id=4369, endTime=11:00, startDate=2026-01-13, status=ACTIVE, therapist=com.example.physiokalendar.entity.Therapist#7}
2026-02-15 16:58:44.607 [http-nio-8080-exec-8] DEBUG o.h.internal.util.EntityPrinter - com.example.physiokalendar.entity.AppointmentSeries{endDate=2058-12-02, weekday=Dienstag, weeklyfrequency=1, cancellations=<uninitialized>, createdAt=2026-02-15T16:48:17, patient=<uninitialized>, comment=, startTime=15:00, id=4371, endTime=15:30, startDate=2025-12-02, status=ACTIVE, therapist=com.example.physiokalendar.entity.Therapist#7}
2026-02-15 16:58:44.607 [http-nio-8080-exec-8] DEBUG o.h.internal.util.EntityPrinter - com.example.physiokalendar.entity.AppointmentSeries{endDate=2050-09-29, weekday=Donnerstag, weeklyfrequency=1, cancellations=<uninitialized>, createdAt=2026-02-15T16:48:21, patient=<uninitialized>, comment=, startTime=17:30, id=4403, endTime=18:00, startDate=2025-09-25, status=ACTIVE, therapist=com.example.physiokalendar.entity.Therapist#7}
2026-02-15 16:58:44.607 [http-nio-8080-exec-8] DEBUG o.h.internal.util.EntityPrinter - com.example.physiokalendar.entity.AppointmentSeries{endDate=2050-02-28, weekday=Montag, weeklyfrequency=1, cancellations=[], createdAt=2026-02-15T16:48:12, patient=com.example.physiokalendar.entity.Patient#2690, comment=, startTime=07:50, id=4333, endTime=08:20, startDate=2026-02-02, status=ACTIVE, therapist=com.example.physiokalendar.entity.Therapist#7}
2026-02-15 16:58:44.607 [http-nio-8080-exec-8] DEBUG o.h.internal.util.EntityPrinter - com.example.physiokalendar.entity.Appointment{date=2026-02-16, createdBySeriesAppointment=true, isHotair=false, createdAt=2026-02-15T16:53:28, isElectric=false, patient=com.example.physiokalendar.entity.Patient#2690, comment=null, startTime=2026-02-16T07:50, id=72886, endTime=2026-02-16T08:20, appointmentSeries=com.example.physiokalendar.entity.AppointmentSeries#4333, isUltrasonic=false, status=SCHEDULED, therapist=com.example.physiokalendar.entity.Therapist#7}
2026-02-15 16:58:44.607 [http-nio-8080-exec-8] DEBUG o.h.internal.util.EntityPrinter - com.example.physiokalendar.entity.AppointmentSeries{endDate=2050-09-27, weekday=Dienstag, weeklyfrequency=1, cancellations=<uninitialized>, createdAt=2026-02-15T16:48:18, patient=<uninitialized>, comment=, startTime=11:00, id=4378, endTime=11:30, startDate=2025-09-02, status=ACTIVE, therapist=com.example.physiokalendar.entity.Therapist#7}
2026-02-15 16:58:44.607 [http-nio-8080-exec-8] DEBUG o.h.internal.util.EntityPrinter - com.example.physiokalendar.entity.Cancellation{date=2026-02-08, createdAt=2026-02-15T16:48:16, id=78192, appointmentSeries=com.example.physiokalendar.entity.AppointmentSeries#4360}
2026-02-15 16:58:44.607 [http-nio-8080-exec-8] DEBUG o.h.internal.util.EntityPrinter - com.example.physiokalendar.entity.Therapist{createdAt=2026-02-14T18:21:32, firstName=Torben, lastName=Meyer, activeSince=null, telefon=, fullName=Torben Meyer, id=7, isActive=true, activeUntil=null, email=, updatedAt=2026-02-15T02:57:59.579203}
2026-02-15 16:58:44.607 [http-nio-8080-exec-8] DEBUG o.h.internal.util.EntityPrinter - com.example.physiokalendar.entity.Appointment{date=2026-02-16, createdBySeriesAppointment=false, isHotair=false, createdAt=2026-02-15T02:07:35, isElectric=false, patient=com.example.physiokalendar.entity.Patient#3438, comment=, startTime=2026-02-16T07:50, id=15678, endTime=2026-02-16T08:10, appointmentSeries=null, isUltrasonic=false, status=SCHEDULED, therapist=com.example.physiokalendar.entity.Therapist#7}
2026-02-15 16:58:44.607 [http-nio-8080-exec-8] DEBUG o.h.internal.util.EntityPrinter - com.example.physiokalendar.entity.AppointmentSeries{endDate=2050-09-28, weekday=Mittwoch, weeklyfrequency=1, cancellations=<uninitialized>, createdAt=2026-02-15T16:48:19, patient=<uninitialized>, comment=, startTime=12:30, id=4386, endTime=13:00, startDate=2025-09-03, status=ACTIVE, therapist=com.example.physiokalendar.entity.Therapist#7}
2026-02-15 16:58:44.608 [http-nio-8080-exec-8] DEBUG o.h.internal.util.EntityPrinter - com.example.physiokalendar.entity.Patient{lastName=Albrecht, notes=null, city=null, postalCode=null, houseNumber=null, fullName=Peter Albrecht, dateOfBirth=null, insuranceType=null, isActive=null, isBWO=false, createdAt=2026-02-15T01:53:38, firstName=Peter, activeSince=2026-02-15T01:53:38, street=null, telefon=null, id=2690, activeUntil=2026-02-15T01:53:38, email=null, updatedAt=2026-02-15T01:53:37.526214}
2026-02-15 16:58:44.608 [http-nio-8080-exec-8] DEBUG o.h.internal.util.EntityPrinter - com.example.physiokalendar.entity.AppointmentSeries{endDate=2031-02-05, weekday=Mittwoch, weeklyfrequency=1, cancellations=<uninitialized>, createdAt=2026-02-15T16:48:19, patient=<uninitialized>, comment=, startTime=06:00, id=4387, endTime=06:30, startDate=2025-11-05, status=ACTIVE, therapist=com.example.physiokalendar.entity.Therapist#7}
2026-02-15 16:58:44.608 [http-nio-8080-exec-8] DEBUG org.hibernate.orm.sql.exec - Skipping reading Query result cache data: cache-enabled = false, cache-mode = NORMAL
2026-02-15 16:58:44.608 [http-nio-8080-exec-8] DEBUG org.hibernate.orm.results - Initializer list:
	  com.example.physiokalendar.entity.Absence(a) -> EntityResultInitializer(com.example.physiokalendar.entity.Absence(a))@1825973488 (SingleTableEntityPersister(com.example.physiokalendar.entity.Absence))
	  com.example.physiokalendar.entity.Absence(a).therapist -> EntityDelayedFetchInitializer(com.example.physiokalendar.entity.Absence(a).therapist)@1473142817 (ToOneAttributeMapping(NavigableRole[com.example.physiokalendar.entity.Absence.therapist])@1409109994)

2026-02-15 16:58:44.608 [http-nio-8080-exec-8] DEBUG org.hibernate.SQL - 
    /* SELECT
        a 
    FROM
        Absence a 
    WHERE
        a.therapist.id = :therapistId 
        AND a.absenceType = :absenceType 
        AND a.date BETWEEN :from AND :to */ select
            a1_0.id,
            a1_0.absence_type,
            a1_0.created_at,
            a1_0.date,
            a1_0.end_date,
            a1_0.end_time,
            a1_0.reason,
            a1_0.start_time,
            a1_0.therapist_id,
            a1_0.weekday 
        from
            absence a1_0 
        where
            a1_0.therapist_id=? 
            and a1_0.absence_type=? 
            and a1_0.date between ? and ?
2026-02-15 16:58:44.610 [http-nio-8080-exec-8] DEBUG o.h.e.i.AbstractFlushingEventListener - Processing flush-time cascades
2026-02-15 16:58:44.610 [http-nio-8080-exec-8] DEBUG o.h.e.i.AbstractFlushingEventListener - Dirty checking collections
2026-02-15 16:58:44.610 [http-nio-8080-exec-8] DEBUG org.hibernate.orm.sql.ast.create - Created new SQL alias : a1_0
2026-02-15 16:58:44.611 [http-nio-8080-exec-8] DEBUG org.hibernate.orm.sql.ast.create - Registration of TableGroup [StandardTableGroup(com.example.physiokalendar.entity.Absence(a))] with identifierForTableGroup [com.example.physiokalendar.entity.Absence] for NavigablePath [com.example.physiokalendar.entity.Absence] 
2026-02-15 16:58:44.611 [http-nio-8080-exec-8] DEBUG org.hibernate.orm.sql.ast.create - Registration of TableGroup [org.hibernate.sql.ast.tree.from.LazyTableGroup@7d5223a] with identifierForTableGroup [com.example.physiokalendar.entity.Absence.therapist] for NavigablePath [com.example.physiokalendar.entity.Absence.therapist] 
2026-02-15 16:58:44.611 [http-nio-8080-exec-8] DEBUG o.h.q.s.sql.BaseSqmToSqlAstConverter - Determining mapping-model type for SqmParameter : SqmNamedParameter(therapistId)
2026-02-15 16:58:44.611 [http-nio-8080-exec-8] DEBUG o.h.q.s.sql.BaseSqmToSqlAstConverter - Determining mapping-model type for SqmPath : SqmBasicValuedSimplePath(com.example.physiokalendar.entity.Absence(a).therapist.id) 
2026-02-15 16:58:44.611 [http-nio-8080-exec-8] DEBUG o.h.q.s.sql.BaseSqmToSqlAstConverter - Determining mapping-model type for SqmParameter : SqmNamedParameter(absenceType)
2026-02-15 16:58:44.611 [http-nio-8080-exec-8] DEBUG o.h.q.s.sql.BaseSqmToSqlAstConverter - Determining mapping-model type for SqmPath : SqmBasicValuedSimplePath(com.example.physiokalendar.entity.Absence(a).absenceType) 
2026-02-15 16:58:44.611 [http-nio-8080-exec-8] DEBUG org.hibernate.orm.results.graph.AST - DomainResult Graph:
 \-EntityResultImpl [com.example.physiokalendar.entity.Absence(a)]
 |  +-BasicFetch [com.example.physiokalendar.entity.Absence(a).absenceType]
 |  +-BasicFetch [com.example.physiokalendar.entity.Absence(a).createdAt]
 |  +-BasicFetch [com.example.physiokalendar.entity.Absence(a).date]
 |  +-BasicFetch [com.example.physiokalendar.entity.Absence(a).endDate]
 |  +-BasicFetch [com.example.physiokalendar.entity.Absence(a).endTime]
 |  +-BasicFetch [com.example.physiokalendar.entity.Absence(a).reason]
 |  +-BasicFetch [com.example.physiokalendar.entity.Absence(a).startTime]
 |  +-EntityDelayedFetchImpl [com.example.physiokalendar.entity.Absence(a).therapist]
 |  \-BasicFetch [com.example.physiokalendar.entity.Absence(a).weekday]

2026-02-15 16:58:44.612 [http-nio-8080-exec-8] DEBUG org.hibernate.orm.sql.ast.tree - SQL AST Tree:
    SelectStatement {
      FromClause {
        StandardTableGroup (a1 : com.example.physiokalendar.entity.Absence(a)) {
          primaryTableReference : absence as a1_0
          TableGroupJoins {
            left  join LazyTableGroup (t1 : com.example.physiokalendar.entity.Absence(a).therapist) {
            }
          }
        }
      }
    }

2026-02-15 16:58:44.612 [http-nio-8080-exec-8] DEBUG o.h.engine.internal.Collections - Collection found: [com.example.physiokalendar.entity.AppointmentSeries.cancellations#4333], was: [com.example.physiokalendar.entity.AppointmentSeries.cancellations#4333] (initialized)
2026-02-15 16:58:44.612 [http-nio-8080-exec-8] DEBUG o.h.engine.internal.Collections - Collection found: [com.example.physiokalendar.entity.AppointmentSeries.cancellations#4360], was: [com.example.physiokalendar.entity.AppointmentSeries.cancellations#4360] (initialized)
2026-02-15 16:58:44.612 [http-nio-8080-exec-8] DEBUG o.h.engine.internal.Collections - Collection found: [com.example.physiokalendar.entity.AppointmentSeries.cancellations#4369], was: [com.example.physiokalendar.entity.AppointmentSeries.cancellations#4369] (uninitialized)
2026-02-15 16:58:44.612 [http-nio-8080-exec-8] DEBUG o.h.engine.internal.Collections - Collection found: [com.example.physiokalendar.entity.AppointmentSeries.cancellations#4371], was: [com.example.physiokalendar.entity.AppointmentSeries.cancellations#4371] (uninitialized)
2026-02-15 16:58:44.612 [http-nio-8080-exec-8] DEBUG o.h.engine.internal.Collections - Collection found: [com.example.physiokalendar.entity.AppointmentSeries.cancellations#4378], was: [com.example.physiokalendar.entity.AppointmentSeries.cancellations#4378] (uninitialized)
2026-02-15 16:58:44.612 [http-nio-8080-exec-8] DEBUG o.h.engine.internal.Collections - Collection found: [com.example.physiokalendar.entity.AppointmentSeries.cancellations#4386], was: [com.example.physiokalendar.entity.AppointmentSeries.cancellations#4386] (uninitialized)
2026-02-15 16:58:44.612 [http-nio-8080-exec-8] DEBUG o.h.engine.internal.Collections - Collection found: [com.example.physiokalendar.entity.AppointmentSeries.cancellations#4387], was: [com.example.physiokalendar.entity.AppointmentSeries.cancellations#4387] (uninitialized)
2026-02-15 16:58:44.612 [http-nio-8080-exec-8] DEBUG o.h.engine.internal.Collections - Collection found: [com.example.physiokalendar.entity.AppointmentSeries.cancellations#4396], was: [com.example.physiokalendar.entity.AppointmentSeries.cancellations#4396] (uninitialized)
2026-02-15 16:58:44.612 [http-nio-8080-exec-8] DEBUG o.h.engine.internal.Collections - Collection found: [com.example.physiokalendar.entity.AppointmentSeries.cancellations#4403], was: [com.example.physiokalendar.entity.AppointmentSeries.cancellations#4403] (uninitialized)
2026-02-15 16:58:44.612 [http-nio-8080-exec-8] DEBUG o.h.e.i.AbstractFlushingEventListener - Flushed: 0 insertions, 0 updates, 0 deletions to 15 objects
2026-02-15 16:58:44.613 [http-nio-8080-exec-8] DEBUG o.h.e.i.AbstractFlushingEventListener - Flushed: 0 (re)creations, 0 updates, 0 removals to 9 collections
2026-02-15 16:58:44.613 [http-nio-8080-exec-8] DEBUG o.h.internal.util.EntityPrinter - Listing entities:
2026-02-15 16:58:44.613 [http-nio-8080-exec-8] DEBUG o.h.internal.util.EntityPrinter - com.example.physiokalendar.entity.AppointmentSeries{endDate=2050-08-25, weekday=Donnerstag, weeklyfrequency=1, cancellations=<uninitialized>, createdAt=2026-02-15T16:48:20, patient=<uninitialized>, comment=, startTime=15:10, id=4396, endTime=16:10, startDate=2025-08-14, status=ACTIVE, therapist=com.example.physiokalendar.entity.Therapist#7}
2026-02-15 16:58:44.613 [http-nio-8080-exec-8] DEBUG o.h.internal.util.EntityPrinter - com.example.physiokalendar.entity.AppointmentSeries{endDate=2050-01-31, weekday=Montag, weeklyfrequency=1, cancellations=[com.example.physiokalendar.entity.Cancellation#78192], createdAt=2026-02-15T16:48:16, patient=<uninitialized>, comment=, startTime=13:20, id=4360, endTime=13:40, startDate=2026-01-05, status=ACTIVE, therapist=com.example.physiokalendar.entity.Therapist#7}
2026-02-15 16:58:44.613 [http-nio-8080-exec-8] DEBUG o.h.internal.util.EntityPrinter - com.example.physiokalendar.entity.Patient{lastName=Schreiber, notes=null, city=null, postalCode=null, houseNumber=null, fullName=Stefanie Schreiber, dateOfBirth=null, insuranceType=null, isActive=null, isBWO=false, createdAt=2026-02-15T01:53:49, firstName=Stefanie, activeSince=2026-02-15T01:53:49, street=null, telefon=null, id=3438, activeUntil=2026-02-15T01:53:49, email=null, updatedAt=2026-02-15T01:53:48.665172}
2026-02-15 16:58:44.613 [http-nio-8080-exec-8] DEBUG o.h.internal.util.EntityPrinter - com.example.physiokalendar.entity.AppointmentSeries{endDate=2044-02-02, weekday=Dienstag, weeklyfrequency=1, cancellations=<uninitialized>, createdAt=2026-02-15T16:48:17, patient=<uninitialized>, comment=, startTime=10:10, id=4369, endTime=11:00, startDate=2026-01-13, status=ACTIVE, therapist=com.example.physiokalendar.entity.Therapist#7}
2026-02-15 16:58:44.613 [http-nio-8080-exec-8] DEBUG o.h.internal.util.EntityPrinter - com.example.physiokalendar.entity.AppointmentSeries{endDate=2058-12-02, weekday=Dienstag, weeklyfrequency=1, cancellations=<uninitialized>, createdAt=2026-02-15T16:48:17, patient=<uninitialized>, comment=, startTime=15:00, id=4371, endTime=15:30, startDate=2025-12-02, status=ACTIVE, therapist=com.example.physiokalendar.entity.Therapist#7}
2026-02-15 16:58:44.613 [http-nio-8080-exec-8] DEBUG o.h.internal.util.EntityPrinter - com.example.physiokalendar.entity.AppointmentSeries{endDate=2050-09-29, weekday=Donnerstag, weeklyfrequency=1, cancellations=<uninitialized>, createdAt=2026-02-15T16:48:21, patient=<uninitialized>, comment=, startTime=17:30, id=4403, endTime=18:00, startDate=2025-09-25, status=ACTIVE, therapist=com.example.physiokalendar.entity.Therapist#7}
2026-02-15 16:58:44.613 [http-nio-8080-exec-8] DEBUG o.h.internal.util.EntityPrinter - com.example.physiokalendar.entity.AppointmentSeries{endDate=2050-02-28, weekday=Montag, weeklyfrequency=1, cancellations=[], createdAt=2026-02-15T16:48:12, patient=com.example.physiokalendar.entity.Patient#2690, comment=, startTime=07:50, id=4333, endTime=08:20, startDate=2026-02-02, status=ACTIVE, therapist=com.example.physiokalendar.entity.Therapist#7}
2026-02-15 16:58:44.613 [http-nio-8080-exec-8] DEBUG o.h.internal.util.EntityPrinter - com.example.physiokalendar.entity.Appointment{date=2026-02-16, createdBySeriesAppointment=true, isHotair=false, createdAt=2026-02-15T16:53:28, isElectric=false, patient=com.example.physiokalendar.entity.Patient#2690, comment=null, startTime=2026-02-16T07:50, id=72886, endTime=2026-02-16T08:20, appointmentSeries=com.example.physiokalendar.entity.AppointmentSeries#4333, isUltrasonic=false, status=SCHEDULED, therapist=com.example.physiokalendar.entity.Therapist#7}
2026-02-15 16:58:44.613 [http-nio-8080-exec-8] DEBUG o.h.internal.util.EntityPrinter - com.example.physiokalendar.entity.AppointmentSeries{endDate=2050-09-27, weekday=Dienstag, weeklyfrequency=1, cancellations=<uninitialized>, createdAt=2026-02-15T16:48:18, patient=<uninitialized>, comment=, startTime=11:00, id=4378, endTime=11:30, startDate=2025-09-02, status=ACTIVE, therapist=com.example.physiokalendar.entity.Therapist#7}
2026-02-15 16:58:44.613 [http-nio-8080-exec-8] DEBUG o.h.internal.util.EntityPrinter - com.example.physiokalendar.entity.Cancellation{date=2026-02-08, createdAt=2026-02-15T16:48:16, id=78192, appointmentSeries=com.example.physiokalendar.entity.AppointmentSeries#4360}
2026-02-15 16:58:44.613 [http-nio-8080-exec-8] DEBUG o.h.internal.util.EntityPrinter - com.example.physiokalendar.entity.Therapist{createdAt=2026-02-14T18:21:32, firstName=Torben, lastName=Meyer, activeSince=null, telefon=, fullName=Torben Meyer, id=7, isActive=true, activeUntil=null, email=, updatedAt=2026-02-15T02:57:59.579203}
2026-02-15 16:58:44.613 [http-nio-8080-exec-8] DEBUG o.h.internal.util.EntityPrinter - com.example.physiokalendar.entity.Appointment{date=2026-02-16, createdBySeriesAppointment=false, isHotair=false, createdAt=2026-02-15T02:07:35, isElectric=false, patient=com.example.physiokalendar.entity.Patient#3438, comment=, startTime=2026-02-16T07:50, id=15678, endTime=2026-02-16T08:10, appointmentSeries=null, isUltrasonic=false, status=SCHEDULED, therapist=com.example.physiokalendar.entity.Therapist#7}
2026-02-15 16:58:44.614 [http-nio-8080-exec-8] DEBUG o.h.internal.util.EntityPrinter - com.example.physiokalendar.entity.AppointmentSeries{endDate=2050-09-28, weekday=Mittwoch, weeklyfrequency=1, cancellations=<uninitialized>, createdAt=2026-02-15T16:48:19, patient=<uninitialized>, comment=, startTime=12:30, id=4386, endTime=13:00, startDate=2025-09-03, status=ACTIVE, therapist=com.example.physiokalendar.entity.Therapist#7}
2026-02-15 16:58:44.614 [http-nio-8080-exec-8] DEBUG o.h.internal.util.EntityPrinter - com.example.physiokalendar.entity.Patient{lastName=Albrecht, notes=null, city=null, postalCode=null, houseNumber=null, fullName=Peter Albrecht, dateOfBirth=null, insuranceType=null, isActive=null, isBWO=false, createdAt=2026-02-15T01:53:38, firstName=Peter, activeSince=2026-02-15T01:53:38, street=null, telefon=null, id=2690, activeUntil=2026-02-15T01:53:38, email=null, updatedAt=2026-02-15T01:53:37.526214}
2026-02-15 16:58:44.614 [http-nio-8080-exec-8] DEBUG o.h.internal.util.EntityPrinter - com.example.physiokalendar.entity.AppointmentSeries{endDate=2031-02-05, weekday=Mittwoch, weeklyfrequency=1, cancellations=<uninitialized>, createdAt=2026-02-15T16:48:19, patient=<uninitialized>, comment=, startTime=06:00, id=4387, endTime=06:30, startDate=2025-11-05, status=ACTIVE, therapist=com.example.physiokalendar.entity.Therapist#7}
2026-02-15 16:58:44.614 [http-nio-8080-exec-8] DEBUG org.hibernate.orm.sql.exec - Skipping reading Query result cache data: cache-enabled = false, cache-mode = NORMAL
2026-02-15 16:58:44.614 [http-nio-8080-exec-8] DEBUG org.hibernate.orm.results - Initializer list:
	  com.example.physiokalendar.entity.Absence(a) -> EntityResultInitializer(com.example.physiokalendar.entity.Absence(a))@1098444140 (SingleTableEntityPersister(com.example.physiokalendar.entity.Absence))
	  com.example.physiokalendar.entity.Absence(a).therapist -> EntityDelayedFetchInitializer(com.example.physiokalendar.entity.Absence(a).therapist)@1863500683 (ToOneAttributeMapping(NavigableRole[com.example.physiokalendar.entity.Absence.therapist])@1409109994)

2026-02-15 16:58:44.614 [http-nio-8080-exec-8] DEBUG org.hibernate.SQL - 
    /* SELECT
        a 
    FROM
        Absence a 
    WHERE
        a.therapist.id = :therapistId 
        AND a.absenceType = :absenceType */ select
            a1_0.id,
            a1_0.absence_type,
            a1_0.created_at,
            a1_0.date,
            a1_0.end_date,
            a1_0.end_time,
            a1_0.reason,
            a1_0.start_time,
            a1_0.therapist_id,
            a1_0.weekday 
        from
            absence a1_0 
        where
            a1_0.therapist_id=? 
            and a1_0.absence_type=?
2026-02-15 16:58:44.615 [http-nio-8080-exec-8] DEBUG org.hibernate.orm.results - Extracted JDBC value [0] - [66]
2026-02-15 16:58:44.615 [http-nio-8080-exec-8] DEBUG o.h.orm.results.loading.entity - (EntityResultInitializer) Hydrated EntityKey (com.example.physiokalendar.entity.Absence(a)): 66
2026-02-15 16:58:44.615 [http-nio-8080-exec-8] DEBUG o.h.orm.results.loading.entity - (EntityResultInitializer) Created new entity instance [com.example.physiokalendar.entity.Absence(a)#66] : 892192732
2026-02-15 16:58:44.615 [http-nio-8080-exec-8] DEBUG org.hibernate.orm.results - Extracted JDBC value [8] - [7]
2026-02-15 16:58:44.616 [http-nio-8080-exec-8] DEBUG org.hibernate.orm.results - Extracted JDBC value [1] - [RECURRING]
2026-02-15 16:58:44.616 [http-nio-8080-exec-8] DEBUG org.hibernate.orm.results - Extracted JDBC value [2] - [2026-02-15T15:07:27]
2026-02-15 16:58:44.616 [http-nio-8080-exec-8] DEBUG org.hibernate.orm.results - Extracted JDBC value [3] - [null]
2026-02-15 16:58:44.616 [http-nio-8080-exec-8] DEBUG org.hibernate.orm.results - Extracted JDBC value [4] - [null]
2026-02-15 16:58:44.616 [http-nio-8080-exec-8] DEBUG org.hibernate.orm.results - Extracted JDBC value [5] - [2026-02-15T07:00]
2026-02-15 16:58:44.616 [http-nio-8080-exec-8] DEBUG org.hibernate.orm.results - Extracted JDBC value [6] - [Regelmäßige Abwesenheit]
2026-02-15 16:58:44.616 [http-nio-8080-exec-8] DEBUG org.hibernate.orm.results - Extracted JDBC value [7] - [2026-02-15T06:00]
2026-02-15 16:58:44.616 [http-nio-8080-exec-8] DEBUG org.hibernate.orm.results - Extracted JDBC value [9] - [FRIDAY]
2026-02-15 16:58:44.616 [http-nio-8080-exec-8] DEBUG o.h.orm.results.loading.entity - (EntityResultInitializer) Done materializing entityInstance : com.example.physiokalendar.entity.Absence(a)#66
2026-02-15 16:58:44.616 [http-nio-8080-exec-8] DEBUG org.hibernate.orm.results.loading - Calling top-level assembler (0 / 1) : org.hibernate.sql.results.graph.entity.internal.EntityAssembler@4cda5469
2026-02-15 16:58:44.616 [http-nio-8080-exec-8] DEBUG org.hibernate.orm.results - Extracted JDBC value [0] - [67]
2026-02-15 16:58:44.616 [http-nio-8080-exec-8] DEBUG o.h.orm.results.loading.entity - (EntityResultInitializer) Hydrated EntityKey (com.example.physiokalendar.entity.Absence(a)): 67
2026-02-15 16:58:44.616 [http-nio-8080-exec-8] DEBUG o.h.orm.results.loading.entity - (EntityResultInitializer) Created new entity instance [com.example.physiokalendar.entity.Absence(a)#67] : 1139815190
2026-02-15 16:58:44.616 [http-nio-8080-exec-8] DEBUG org.hibernate.orm.results - Extracted JDBC value [8] - [7]
2026-02-15 16:58:44.617 [http-nio-8080-exec-8] DEBUG org.hibernate.orm.results - Extracted JDBC value [1] - [RECURRING]
2026-02-15 16:58:44.617 [http-nio-8080-exec-8] DEBUG org.hibernate.orm.results - Extracted JDBC value [2] - [2026-02-15T15:07:27]
2026-02-15 16:58:44.617 [http-nio-8080-exec-8] DEBUG org.hibernate.orm.results - Extracted JDBC value [3] - [null]
2026-02-15 16:58:44.617 [http-nio-8080-exec-8] DEBUG org.hibernate.orm.results - Extracted JDBC value [4] - [null]
2026-02-15 16:58:44.617 [http-nio-8080-exec-8] DEBUG org.hibernate.orm.results - Extracted JDBC value [5] - [2026-02-15T19:50]
2026-02-15 16:58:44.617 [http-nio-8080-exec-8] DEBUG org.hibernate.orm.results - Extracted JDBC value [6] - [Regelmäßige Abwesenheit]
2026-02-15 16:58:44.617 [http-nio-8080-exec-8] DEBUG org.hibernate.orm.results - Extracted JDBC value [7] - [2026-02-15T13:00]
2026-02-15 16:58:44.617 [http-nio-8080-exec-8] DEBUG org.hibernate.orm.results - Extracted JDBC value [9] - [FRIDAY]
2026-02-15 16:58:44.617 [http-nio-8080-exec-8] DEBUG o.h.orm.results.loading.entity - (EntityResultInitializer) Done materializing entityInstance : com.example.physiokalendar.entity.Absence(a)#67
2026-02-15 16:58:44.617 [http-nio-8080-exec-8] DEBUG org.hibernate.orm.results.loading - Calling top-level assembler (0 / 1) : org.hibernate.sql.results.graph.entity.internal.EntityAssembler@4cda5469
2026-02-15 16:58:44.617 [http-nio-8080-exec-8] DEBUG org.hibernate.orm.results - Extracted JDBC value [0] - [68]
2026-02-15 16:58:44.617 [http-nio-8080-exec-8] DEBUG o.h.orm.results.loading.entity - (EntityResultInitializer) Hydrated EntityKey (com.example.physiokalendar.entity.Absence(a)): 68
2026-02-15 16:58:44.618 [http-nio-8080-exec-8] DEBUG o.h.orm.results.loading.entity - (EntityResultInitializer) Created new entity instance [com.example.physiokalendar.entity.Absence(a)#68] : 851670717
2026-02-15 16:58:44.618 [http-nio-8080-exec-8] DEBUG org.hibernate.orm.results - Extracted JDBC value [8] - [7]
2026-02-15 16:58:44.618 [http-nio-8080-exec-8] DEBUG org.hibernate.orm.results - Extracted JDBC value [1] - [RECURRING]
2026-02-15 16:58:44.618 [http-nio-8080-exec-8] DEBUG org.hibernate.orm.results - Extracted JDBC value [2] - [2026-02-15T15:07:27]
2026-02-15 16:58:44.618 [http-nio-8080-exec-8] DEBUG org.hibernate.orm.results - Extracted JDBC value [3] - [null]
2026-02-15 16:58:44.618 [http-nio-8080-exec-8] DEBUG org.hibernate.orm.results - Extracted JDBC value [4] - [null]
2026-02-15 16:58:44.618 [http-nio-8080-exec-8] DEBUG org.hibernate.orm.results - Extracted JDBC value [5] - [2026-02-15T07:00]
2026-02-15 16:58:44.618 [http-nio-8080-exec-8] DEBUG org.hibernate.orm.results - Extracted JDBC value [6] - [Regelmäßige Abwesenheit]
2026-02-15 16:58:44.618 [http-nio-8080-exec-8] DEBUG org.hibernate.orm.results - Extracted JDBC value [7] - [2026-02-15T06:00]
2026-02-15 16:58:44.618 [http-nio-8080-exec-8] DEBUG org.hibernate.orm.results - Extracted JDBC value [9] - [TUESDAY]
2026-02-15 16:58:44.618 [http-nio-8080-exec-8] DEBUG o.h.orm.results.loading.entity - (EntityResultInitializer) Done materializing entityInstance : com.example.physiokalendar.entity.Absence(a)#68
2026-02-15 16:58:44.618 [http-nio-8080-exec-8] DEBUG org.hibernate.orm.results.loading - Calling top-level assembler (0 / 1) : org.hibernate.sql.results.graph.entity.internal.EntityAssembler@4cda5469
2026-02-15 16:58:44.618 [http-nio-8080-exec-8] DEBUG org.hibernate.orm.results - Extracted JDBC value [0] - [69]
2026-02-15 16:58:44.618 [http-nio-8080-exec-8] DEBUG o.h.orm.results.loading.entity - (EntityResultInitializer) Hydrated EntityKey (com.example.physiokalendar.entity.Absence(a)): 69
2026-02-15 16:58:44.618 [http-nio-8080-exec-8] DEBUG o.h.orm.results.loading.entity - (EntityResultInitializer) Created new entity instance [com.example.physiokalendar.entity.Absence(a)#69] : 1770738718
2026-02-15 16:58:44.618 [http-nio-8080-exec-8] DEBUG org.hibernate.orm.results - Extracted JDBC value [8] - [7]
2026-02-15 16:58:44.618 [http-nio-8080-exec-8] DEBUG org.hibernate.orm.results - Extracted JDBC value [1] - [RECURRING]
2026-02-15 16:58:44.618 [http-nio-8080-exec-8] DEBUG org.hibernate.orm.results - Extracted JDBC value [2] - [2026-02-15T15:07:27]
2026-02-15 16:58:44.618 [http-nio-8080-exec-8] DEBUG org.hibernate.orm.results - Extracted JDBC value [3] - [null]
2026-02-15 16:58:44.618 [http-nio-8080-exec-8] DEBUG org.hibernate.orm.results - Extracted JDBC value [4] - [null]
2026-02-15 16:58:44.618 [http-nio-8080-exec-8] DEBUG org.hibernate.orm.results - Extracted JDBC value [5] - [2026-02-15T12:30]
2026-02-15 16:58:44.618 [http-nio-8080-exec-8] DEBUG org.hibernate.orm.results - Extracted JDBC value [6] - [Regelmäßige Abwesenheit]
2026-02-15 16:58:44.618 [http-nio-8080-exec-8] DEBUG org.hibernate.orm.results - Extracted JDBC value [7] - [2026-02-15T12:00]
2026-02-15 16:58:44.618 [http-nio-8080-exec-8] DEBUG org.hibernate.orm.results - Extracted JDBC value [9] - [TUESDAY]
2026-02-15 16:58:44.618 [http-nio-8080-exec-8] DEBUG o.h.orm.results.loading.entity - (EntityResultInitializer) Done materializing entityInstance : com.example.physiokalendar.entity.Absence(a)#69
2026-02-15 16:58:44.618 [http-nio-8080-exec-8] DEBUG org.hibernate.orm.results.loading - Calling top-level assembler (0 / 1) : org.hibernate.sql.results.graph.entity.internal.EntityAssembler@4cda5469
2026-02-15 16:58:44.618 [http-nio-8080-exec-8] DEBUG org.hibernate.orm.results - Extracted JDBC value [0] - [70]
2026-02-15 16:58:44.619 [http-nio-8080-exec-8] DEBUG o.h.orm.results.loading.entity - (EntityResultInitializer) Hydrated EntityKey (com.example.physiokalendar.entity.Absence(a)): 70
2026-02-15 16:58:44.619 [http-nio-8080-exec-8] DEBUG o.h.orm.results.loading.entity - (EntityResultInitializer) Created new entity instance [com.example.physiokalendar.entity.Absence(a)#70] : 2011966554
2026-02-15 16:58:44.619 [http-nio-8080-exec-8] DEBUG org.hibernate.orm.results - Extracted JDBC value [8] - [7]
2026-02-15 16:58:44.619 [http-nio-8080-exec-8] DEBUG org.hibernate.orm.results - Extracted JDBC value [1] - [RECURRING]
2026-02-15 16:58:44.619 [http-nio-8080-exec-8] DEBUG org.hibernate.orm.results - Extracted JDBC value [2] - [2026-02-15T15:07:27]
2026-02-15 16:58:44.619 [http-nio-8080-exec-8] DEBUG org.hibernate.orm.results - Extracted JDBC value [3] - [null]
2026-02-15 16:58:44.619 [http-nio-8080-exec-8] DEBUG org.hibernate.orm.results - Extracted JDBC value [4] - [null]
2026-02-15 16:58:44.619 [http-nio-8080-exec-8] DEBUG org.hibernate.orm.results - Extracted JDBC value [5] - [2026-02-15T19:50]
2026-02-15 16:58:44.619 [http-nio-8080-exec-8] DEBUG org.hibernate.orm.results - Extracted JDBC value [6] - [Regelmäßige Abwesenheit]
2026-02-15 16:58:44.619 [http-nio-8080-exec-8] DEBUG org.hibernate.orm.results - Extracted JDBC value [7] - [2026-02-15T15:30]
2026-02-15 16:58:44.619 [http-nio-8080-exec-8] DEBUG org.hibernate.orm.results - Extracted JDBC value [9] - [TUESDAY]
2026-02-15 16:58:44.619 [http-nio-8080-exec-8] DEBUG o.h.orm.results.loading.entity - (EntityResultInitializer) Done materializing entityInstance : com.example.physiokalendar.entity.Absence(a)#70
2026-02-15 16:58:44.619 [http-nio-8080-exec-8] DEBUG org.hibernate.orm.results.loading - Calling top-level assembler (0 / 1) : org.hibernate.sql.results.graph.entity.internal.EntityAssembler@4cda5469
2026-02-15 16:58:44.619 [http-nio-8080-exec-8] DEBUG org.hibernate.orm.results - Extracted JDBC value [0] - [71]
2026-02-15 16:58:44.619 [http-nio-8080-exec-8] DEBUG o.h.orm.results.loading.entity - (EntityResultInitializer) Hydrated EntityKey (com.example.physiokalendar.entity.Absence(a)): 71
2026-02-15 16:58:44.619 [http-nio-8080-exec-8] DEBUG o.h.orm.results.loading.entity - (EntityResultInitializer) Created new entity instance [com.example.physiokalendar.entity.Absence(a)#71] : 893835570
2026-02-15 16:58:44.619 [http-nio-8080-exec-8] DEBUG org.hibernate.orm.results - Extracted JDBC value [8] - [7]
2026-02-15 16:58:44.619 [http-nio-8080-exec-8] DEBUG org.hibernate.orm.results - Extracted JDBC value [1] - [RECURRING]
2026-02-15 16:58:44.619 [http-nio-8080-exec-8] DEBUG org.hibernate.orm.results - Extracted JDBC value [2] - [2026-02-15T15:07:27]
2026-02-15 16:58:44.619 [http-nio-8080-exec-8] DEBUG org.hibernate.orm.results - Extracted JDBC value [3] - [null]
2026-02-15 16:58:44.619 [http-nio-8080-exec-8] DEBUG org.hibernate.orm.results - Extracted JDBC value [4] - [null]
2026-02-15 16:58:44.619 [http-nio-8080-exec-8] DEBUG org.hibernate.orm.results - Extracted JDBC value [5] - [2026-02-15T09:10]
2026-02-15 16:58:44.619 [http-nio-8080-exec-8] DEBUG org.hibernate.orm.results - Extracted JDBC value [6] - [Regelmäßige Abwesenheit]
2026-02-15 16:58:44.619 [http-nio-8080-exec-8] DEBUG org.hibernate.orm.results - Extracted JDBC value [7] - [2026-02-15T06:00]
2026-02-15 16:58:44.619 [http-nio-8080-exec-8] DEBUG org.hibernate.orm.results - Extracted JDBC value [9] - [THURSDAY]
2026-02-15 16:58:44.619 [http-nio-8080-exec-8] DEBUG o.h.orm.results.loading.entity - (EntityResultInitializer) Done materializing entityInstance : com.example.physiokalendar.entity.Absence(a)#71
2026-02-15 16:58:44.620 [http-nio-8080-exec-8] DEBUG org.hibernate.orm.results.loading - Calling top-level assembler (0 / 1) : org.hibernate.sql.results.graph.entity.internal.EntityAssembler@4cda5469
2026-02-15 16:58:44.620 [http-nio-8080-exec-8] DEBUG org.hibernate.orm.results - Extracted JDBC value [0] - [72]
2026-02-15 16:58:44.620 [http-nio-8080-exec-8] DEBUG o.h.orm.results.loading.entity - (EntityResultInitializer) Hydrated EntityKey (com.example.physiokalendar.entity.Absence(a)): 72
2026-02-15 16:58:44.620 [http-nio-8080-exec-8] DEBUG o.h.orm.results.loading.entity - (EntityResultInitializer) Created new entity instance [com.example.physiokalendar.entity.Absence(a)#72] : 479803321
2026-02-15 16:58:44.620 [http-nio-8080-exec-8] DEBUG org.hibernate.orm.results - Extracted JDBC value [8] - [7]
2026-02-15 16:58:44.620 [http-nio-8080-exec-8] DEBUG org.hibernate.orm.results - Extracted JDBC value [1] - [RECURRING]
2026-02-15 16:58:44.620 [http-nio-8080-exec-8] DEBUG org.hibernate.orm.results - Extracted JDBC value [2] - [2026-02-15T15:07:27]
2026-02-15 16:58:44.620 [http-nio-8080-exec-8] DEBUG org.hibernate.orm.results - Extracted JDBC value [3] - [null]
2026-02-15 16:58:44.620 [http-nio-8080-exec-8] DEBUG org.hibernate.orm.results - Extracted JDBC value [4] - [null]
2026-02-15 16:58:44.620 [http-nio-8080-exec-8] DEBUG org.hibernate.orm.results - Extracted JDBC value [5] - [2026-02-15T14:50]
2026-02-15 16:58:44.620 [http-nio-8080-exec-8] DEBUG org.hibernate.orm.results - Extracted JDBC value [6] - [Regelmäßige Abwesenheit]
2026-02-15 16:58:44.620 [http-nio-8080-exec-8] DEBUG org.hibernate.orm.results - Extracted JDBC value [7] - [2026-02-15T14:20]
2026-02-15 16:58:44.620 [http-nio-8080-exec-8] DEBUG org.hibernate.orm.results - Extracted JDBC value [9] - [THURSDAY]
2026-02-15 16:58:44.620 [http-nio-8080-exec-8] DEBUG o.h.orm.results.loading.entity - (EntityResultInitializer) Done materializing entityInstance : com.example.physiokalendar.entity.Absence(a)#72
2026-02-15 16:58:44.620 [http-nio-8080-exec-8] DEBUG org.hibernate.orm.results.loading - Calling top-level assembler (0 / 1) : org.hibernate.sql.results.graph.entity.internal.EntityAssembler@4cda5469
2026-02-15 16:58:44.620 [http-nio-8080-exec-8] DEBUG org.hibernate.orm.results - Extracted JDBC value [0] - [73]
2026-02-15 16:58:44.620 [http-nio-8080-exec-8] DEBUG o.h.orm.results.loading.entity - (EntityResultInitializer) Hydrated EntityKey (com.example.physiokalendar.entity.Absence(a)): 73
2026-02-15 16:58:44.620 [http-nio-8080-exec-8] DEBUG o.h.orm.results.loading.entity - (EntityResultInitializer) Created new entity instance [com.example.physiokalendar.entity.Absence(a)#73] : 788638608
2026-02-15 16:58:44.620 [http-nio-8080-exec-8] DEBUG org.hibernate.orm.results - Extracted JDBC value [8] - [7]
2026-02-15 16:58:44.620 [http-nio-8080-exec-8] DEBUG org.hibernate.orm.results - Extracted JDBC value [1] - [RECURRING]
2026-02-15 16:58:44.620 [http-nio-8080-exec-8] DEBUG org.hibernate.orm.results - Extracted JDBC value [2] - [2026-02-15T15:07:28]
2026-02-15 16:58:44.620 [http-nio-8080-exec-8] DEBUG org.hibernate.orm.results - Extracted JDBC value [3] - [null]
2026-02-15 16:58:44.620 [http-nio-8080-exec-8] DEBUG org.hibernate.orm.results - Extracted JDBC value [4] - [null]
2026-02-15 16:58:44.621 [http-nio-8080-exec-8] DEBUG org.hibernate.orm.results - Extracted JDBC value [5] - [2026-02-15T19:50]
2026-02-15 16:58:44.621 [http-nio-8080-exec-8] DEBUG org.hibernate.orm.results - Extracted JDBC value [6] - [Regelmäßige Abwesenheit]
2026-02-15 16:58:44.621 [http-nio-8080-exec-8] DEBUG org.hibernate.orm.results - Extracted JDBC value [7] - [2026-02-15T18:00]
2026-02-15 16:58:44.621 [http-nio-8080-exec-8] DEBUG org.hibernate.orm.results - Extracted JDBC value [9] - [THURSDAY]
2026-02-15 16:58:44.621 [http-nio-8080-exec-8] DEBUG o.h.orm.results.loading.entity - (EntityResultInitializer) Done materializing entityInstance : com.example.physiokalendar.entity.Absence(a)#73
2026-02-15 16:58:44.621 [http-nio-8080-exec-8] DEBUG org.hibernate.orm.results.loading - Calling top-level assembler (0 / 1) : org.hibernate.sql.results.graph.entity.internal.EntityAssembler@4cda5469
2026-02-15 16:58:44.621 [http-nio-8080-exec-8] DEBUG org.hibernate.orm.results - Extracted JDBC value [0] - [74]
2026-02-15 16:58:44.621 [http-nio-8080-exec-8] DEBUG o.h.orm.results.loading.entity - (EntityResultInitializer) Hydrated EntityKey (com.example.physiokalendar.entity.Absence(a)): 74
2026-02-15 16:58:44.621 [http-nio-8080-exec-8] DEBUG o.h.orm.results.loading.entity - (EntityResultInitializer) Created new entity instance [com.example.physiokalendar.entity.Absence(a)#74] : 957996246
2026-02-15 16:58:44.621 [http-nio-8080-exec-8] DEBUG org.hibernate.orm.results - Extracted JDBC value [8] - [7]
2026-02-15 16:58:44.621 [http-nio-8080-exec-8] DEBUG org.hibernate.orm.results - Extracted JDBC value [1] - [RECURRING]
2026-02-15 16:58:44.622 [http-nio-8080-exec-8] DEBUG org.hibernate.orm.results - Extracted JDBC value [2] - [2026-02-15T15:07:28]
2026-02-15 16:58:44.622 [http-nio-8080-exec-8] DEBUG org.hibernate.orm.results - Extracted JDBC value [3] - [null]
2026-02-15 16:58:44.622 [http-nio-8080-exec-8] DEBUG org.hibernate.orm.results - Extracted JDBC value [4] - [null]
2026-02-15 16:58:44.622 [http-nio-8080-exec-8] DEBUG org.hibernate.orm.results - Extracted JDBC value [5] - [2026-02-15T06:50]
2026-02-15 16:58:44.622 [http-nio-8080-exec-8] DEBUG org.hibernate.orm.results - Extracted JDBC value [6] - [Regelmäßige Abwesenheit]
2026-02-15 16:58:44.622 [http-nio-8080-exec-8] DEBUG org.hibernate.orm.results - Extracted JDBC value [7] - [2026-02-15T06:00]
2026-02-15 16:58:44.622 [http-nio-8080-exec-8] DEBUG org.hibernate.orm.results - Extracted JDBC value [9] - [MONDAY]
2026-02-15 16:58:44.622 [http-nio-8080-exec-8] DEBUG o.h.orm.results.loading.entity - (EntityResultInitializer) Done materializing entityInstance : com.example.physiokalendar.entity.Absence(a)#74
2026-02-15 16:58:44.622 [http-nio-8080-exec-8] DEBUG org.hibernate.orm.results.loading - Calling top-level assembler (0 / 1) : org.hibernate.sql.results.graph.entity.internal.EntityAssembler@4cda5469
2026-02-15 16:58:44.623 [http-nio-8080-exec-8] DEBUG org.hibernate.orm.results - Extracted JDBC value [0] - [75]
2026-02-15 16:58:44.623 [http-nio-8080-exec-8] DEBUG o.h.orm.results.loading.entity - (EntityResultInitializer) Hydrated EntityKey (com.example.physiokalendar.entity.Absence(a)): 75
2026-02-15 16:58:44.623 [http-nio-8080-exec-8] DEBUG o.h.orm.results.loading.entity - (EntityResultInitializer) Created new entity instance [com.example.physiokalendar.entity.Absence(a)#75] : 982846862
2026-02-15 16:58:44.623 [http-nio-8080-exec-8] DEBUG org.hibernate.orm.results - Extracted JDBC value [8] - [7]
2026-02-15 16:58:44.623 [http-nio-8080-exec-8] DEBUG org.hibernate.orm.results - Extracted JDBC value [1] - [RECURRING]
2026-02-15 16:58:44.623 [http-nio-8080-exec-8] DEBUG org.hibernate.orm.results - Extracted JDBC value [2] - [2026-02-15T15:07:28]
2026-02-15 16:58:44.623 [http-nio-8080-exec-8] DEBUG org.hibernate.orm.results - Extracted JDBC value [3] - [null]
2026-02-15 16:58:44.623 [http-nio-8080-exec-8] DEBUG org.hibernate.orm.results - Extracted JDBC value [4] - [null]
2026-02-15 16:58:44.623 [http-nio-8080-exec-8] DEBUG org.hibernate.orm.results - Extracted JDBC value [5] - [2026-02-15T12:30]
2026-02-15 16:58:44.623 [http-nio-8080-exec-8] DEBUG org.hibernate.orm.results - Extracted JDBC value [6] - [Regelmäßige Abwesenheit]
2026-02-15 16:58:44.623 [http-nio-8080-exec-8] DEBUG org.hibernate.orm.results - Extracted JDBC value [7] - [2026-02-15T12:00]
2026-02-15 16:58:44.623 [http-nio-8080-exec-8] DEBUG org.hibernate.orm.results - Extracted JDBC value [9] - [MONDAY]
2026-02-15 16:58:44.624 [http-nio-8080-exec-8] DEBUG o.h.orm.results.loading.entity - (EntityResultInitializer) Done materializing entityInstance : com.example.physiokalendar.entity.Absence(a)#75
2026-02-15 16:58:44.624 [http-nio-8080-exec-8] DEBUG org.hibernate.orm.results.loading - Calling top-level assembler (0 / 1) : org.hibernate.sql.results.graph.entity.internal.EntityAssembler@4cda5469
2026-02-15 16:58:44.624 [http-nio-8080-exec-8] DEBUG org.hibernate.orm.results - Extracted JDBC value [0] - [76]
2026-02-15 16:58:44.624 [http-nio-8080-exec-8] DEBUG o.h.orm.results.loading.entity - (EntityResultInitializer) Hydrated EntityKey (com.example.physiokalendar.entity.Absence(a)): 76
2026-02-15 16:58:44.624 [http-nio-8080-exec-8] DEBUG o.h.orm.results.loading.entity - (EntityResultInitializer) Created new entity instance [com.example.physiokalendar.entity.Absence(a)#76] : 1877262746
2026-02-15 16:58:44.624 [http-nio-8080-exec-8] DEBUG org.hibernate.orm.results - Extracted JDBC value [8] - [7]
2026-02-15 16:58:44.624 [http-nio-8080-exec-8] DEBUG org.hibernate.orm.results - Extracted JDBC value [1] - [RECURRING]
2026-02-15 16:58:44.624 [http-nio-8080-exec-8] DEBUG org.hibernate.orm.results - Extracted JDBC value [2] - [2026-02-15T15:07:28]
2026-02-15 16:58:44.624 [http-nio-8080-exec-8] DEBUG org.hibernate.orm.results - Extracted JDBC value [3] - [null]
2026-02-15 16:58:44.624 [http-nio-8080-exec-8] DEBUG org.hibernate.orm.results - Extracted JDBC value [4] - [null]
2026-02-15 16:58:44.624 [http-nio-8080-exec-8] DEBUG org.hibernate.orm.results - Extracted JDBC value [5] - [2026-02-15T19:50]
2026-02-15 16:58:44.624 [http-nio-8080-exec-8] DEBUG org.hibernate.orm.results - Extracted JDBC value [6] - [Regelmäßige Abwesenheit]
2026-02-15 16:58:44.624 [http-nio-8080-exec-8] DEBUG org.hibernate.orm.results - Extracted JDBC value [7] - [2026-02-15T17:00]
2026-02-15 16:58:44.624 [http-nio-8080-exec-8] DEBUG org.hibernate.orm.results - Extracted JDBC value [9] - [MONDAY]
2026-02-15 16:58:44.624 [http-nio-8080-exec-8] DEBUG o.h.orm.results.loading.entity - (EntityResultInitializer) Done materializing entityInstance : com.example.physiokalendar.entity.Absence(a)#76
2026-02-15 16:58:44.624 [http-nio-8080-exec-8] DEBUG org.hibernate.orm.results.loading - Calling top-level assembler (0 / 1) : org.hibernate.sql.results.graph.entity.internal.EntityAssembler@4cda5469
2026-02-15 16:58:44.625 [http-nio-8080-exec-8] DEBUG org.hibernate.orm.results - Extracted JDBC value [0] - [82]
2026-02-15 16:58:44.625 [http-nio-8080-exec-8] DEBUG o.h.orm.results.loading.entity - (EntityResultInitializer) Hydrated EntityKey (com.example.physiokalendar.entity.Absence(a)): 82
2026-02-15 16:58:44.625 [http-nio-8080-exec-8] DEBUG o.h.orm.results.loading.entity - (EntityResultInitializer) Created new entity instance [com.example.physiokalendar.entity.Absence(a)#82] : 1302047453
2026-02-15 16:58:44.625 [http-nio-8080-exec-8] DEBUG org.hibernate.orm.results - Extracted JDBC value [8] - [7]
2026-02-15 16:58:44.625 [http-nio-8080-exec-8] DEBUG org.hibernate.orm.results - Extracted JDBC value [1] - [RECURRING]
2026-02-15 16:58:44.625 [http-nio-8080-exec-8] DEBUG org.hibernate.orm.results - Extracted JDBC value [2] - [2026-02-15T15:07:28]
2026-02-15 16:58:44.625 [http-nio-8080-exec-8] DEBUG org.hibernate.orm.results - Extracted JDBC value [3] - [null]
2026-02-15 16:58:44.625 [http-nio-8080-exec-8] DEBUG org.hibernate.orm.results - Extracted JDBC value [4] - [null]
2026-02-15 16:58:44.625 [http-nio-8080-exec-8] DEBUG org.hibernate.orm.results - Extracted JDBC value [5] - [2026-02-15T07:00]
2026-02-15 16:58:44.625 [http-nio-8080-exec-8] DEBUG org.hibernate.orm.results - Extracted JDBC value [6] - [Regelmäßige Abwesenheit]
2026-02-15 16:58:44.625 [http-nio-8080-exec-8] DEBUG org.hibernate.orm.results - Extracted JDBC value [7] - [2026-02-15T06:00]
2026-02-15 16:58:44.625 [http-nio-8080-exec-8] DEBUG org.hibernate.orm.results - Extracted JDBC value [9] - [WEDNESDAY]
2026-02-15 16:58:44.625 [http-nio-8080-exec-8] DEBUG o.h.orm.results.loading.entity - (EntityResultInitializer) Done materializing entityInstance : com.example.physiokalendar.entity.Absence(a)#82
2026-02-15 16:58:44.626 [http-nio-8080-exec-8] DEBUG org.hibernate.orm.results.loading - Calling top-level assembler (0 / 1) : org.hibernate.sql.results.graph.entity.internal.EntityAssembler@4cda5469
2026-02-15 16:58:44.626 [http-nio-8080-exec-8] DEBUG org.hibernate.orm.results - Extracted JDBC value [0] - [83]
2026-02-15 16:58:44.626 [http-nio-8080-exec-8] DEBUG o.h.orm.results.loading.entity - (EntityResultInitializer) Hydrated EntityKey (com.example.physiokalendar.entity.Absence(a)): 83
2026-02-15 16:58:44.626 [http-nio-8080-exec-8] DEBUG o.h.orm.results.loading.entity - (EntityResultInitializer) Created new entity instance [com.example.physiokalendar.entity.Absence(a)#83] : 974332116
2026-02-15 16:58:44.626 [http-nio-8080-exec-8] DEBUG org.hibernate.orm.results - Extracted JDBC value [8] - [7]
2026-02-15 16:58:44.626 [http-nio-8080-exec-8] DEBUG org.hibernate.orm.results - Extracted JDBC value [1] - [RECURRING]
2026-02-15 16:58:44.626 [http-nio-8080-exec-8] DEBUG org.hibernate.orm.results - Extracted JDBC value [2] - [2026-02-15T15:07:28]
2026-02-15 16:58:44.626 [http-nio-8080-exec-8] DEBUG org.hibernate.orm.results - Extracted JDBC value [3] - [null]
2026-02-15 16:58:44.626 [http-nio-8080-exec-8] DEBUG org.hibernate.orm.results - Extracted JDBC value [4] - [null]
2026-02-15 16:58:44.626 [http-nio-8080-exec-8] DEBUG org.hibernate.orm.results - Extracted JDBC value [5] - [2026-02-15T12:30]
2026-02-15 16:58:44.626 [http-nio-8080-exec-8] DEBUG org.hibernate.orm.results - Extracted JDBC value [6] - [Regelmäßige Abwesenheit]
2026-02-15 16:58:44.626 [http-nio-8080-exec-8] DEBUG org.hibernate.orm.results - Extracted JDBC value [7] - [2026-02-15T12:00]
2026-02-15 16:58:44.626 [http-nio-8080-exec-8] DEBUG org.hibernate.orm.results - Extracted JDBC value [9] - [WEDNESDAY]
2026-02-15 16:58:44.626 [http-nio-8080-exec-8] DEBUG o.h.orm.results.loading.entity - (EntityResultInitializer) Done materializing entityInstance : com.example.physiokalendar.entity.Absence(a)#83
2026-02-15 16:58:44.626 [http-nio-8080-exec-8] DEBUG org.hibernate.orm.results.loading - Calling top-level assembler (0 / 1) : org.hibernate.sql.results.graph.entity.internal.EntityAssembler@4cda5469
2026-02-15 16:58:44.626 [http-nio-8080-exec-8] DEBUG org.hibernate.orm.results - Extracted JDBC value [0] - [84]
2026-02-15 16:58:44.627 [http-nio-8080-exec-8] DEBUG o.h.orm.results.loading.entity - (EntityResultInitializer) Hydrated EntityKey (com.example.physiokalendar.entity.Absence(a)): 84
2026-02-15 16:58:44.627 [http-nio-8080-exec-8] DEBUG o.h.orm.results.loading.entity - (EntityResultInitializer) Created new entity instance [com.example.physiokalendar.entity.Absence(a)#84] : 687387493
2026-02-15 16:58:44.627 [http-nio-8080-exec-8] DEBUG org.hibernate.orm.results - Extracted JDBC value [8] - [7]
2026-02-15 16:58:44.627 [http-nio-8080-exec-8] DEBUG org.hibernate.orm.results - Extracted JDBC value [1] - [RECURRING]
2026-02-15 16:58:44.627 [http-nio-8080-exec-8] DEBUG org.hibernate.orm.results - Extracted JDBC value [2] - [2026-02-15T15:07:28]
2026-02-15 16:58:44.627 [http-nio-8080-exec-8] DEBUG org.hibernate.orm.results - Extracted JDBC value [3] - [null]
2026-02-15 16:58:44.627 [http-nio-8080-exec-8] DEBUG org.hibernate.orm.results - Extracted JDBC value [4] - [null]
2026-02-15 16:58:44.627 [http-nio-8080-exec-8] DEBUG org.hibernate.orm.results - Extracted JDBC value [5] - [2026-02-15T19:50]
2026-02-15 16:58:44.627 [http-nio-8080-exec-8] DEBUG org.hibernate.orm.results - Extracted JDBC value [6] - [Regelmäßige Abwesenheit]
2026-02-15 16:58:44.627 [http-nio-8080-exec-8] DEBUG org.hibernate.orm.results - Extracted JDBC value [7] - [2026-02-15T15:30]
2026-02-15 16:58:44.627 [http-nio-8080-exec-8] DEBUG org.hibernate.orm.results - Extracted JDBC value [9] - [WEDNESDAY]
2026-02-15 16:58:44.627 [http-nio-8080-exec-8] DEBUG o.h.orm.results.loading.entity - (EntityResultInitializer) Done materializing entityInstance : com.example.physiokalendar.entity.Absence(a)#84
2026-02-15 16:58:44.627 [http-nio-8080-exec-8] DEBUG org.hibernate.orm.results.loading - Calling top-level assembler (0 / 1) : org.hibernate.sql.results.graph.entity.internal.EntityAssembler@4cda5469
2026-02-15 16:58:44.627 [http-nio-8080-exec-8] DEBUG org.hibernate.orm.results - Extracted JDBC value [0] - [434]
2026-02-15 16:58:44.627 [http-nio-8080-exec-8] DEBUG o.h.orm.results.loading.entity - (EntityResultInitializer) Hydrated EntityKey (com.example.physiokalendar.entity.Absence(a)): 434
2026-02-15 16:58:44.627 [http-nio-8080-exec-8] DEBUG o.h.orm.results.loading.entity - (EntityResultInitializer) Created new entity instance [com.example.physiokalendar.entity.Absence(a)#434] : 1641635825
2026-02-15 16:58:44.627 [http-nio-8080-exec-8] DEBUG org.hibernate.orm.results - Extracted JDBC value [8] - [7]
2026-02-15 16:58:44.627 [http-nio-8080-exec-8] DEBUG org.hibernate.orm.results - Extracted JDBC value [1] - [RECURRING]
2026-02-15 16:58:44.627 [http-nio-8080-exec-8] DEBUG org.hibernate.orm.results - Extracted JDBC value [2] - [2026-02-15T15:07:55]
2026-02-15 16:58:44.627 [http-nio-8080-exec-8] DEBUG org.hibernate.orm.results - Extracted JDBC value [3] - [null]
2026-02-15 16:58:44.627 [http-nio-8080-exec-8] DEBUG org.hibernate.orm.results - Extracted JDBC value [4] - [null]
2026-02-15 16:58:44.627 [http-nio-8080-exec-8] DEBUG org.hibernate.orm.results - Extracted JDBC value [5] - [2026-02-15T07:00]
2026-02-15 16:58:44.627 [http-nio-8080-exec-8] DEBUG org.hibernate.orm.results - Extracted JDBC value [6] - [Regelmäßige Abwesenheit]
2026-02-15 16:58:44.627 [http-nio-8080-exec-8] DEBUG org.hibernate.orm.results - Extracted JDBC value [7] - [2026-02-15T06:00]
2026-02-15 16:58:44.627 [http-nio-8080-exec-8] DEBUG org.hibernate.orm.results - Extracted JDBC value [9] - [FRIDAY]
2026-02-15 16:58:44.627 [http-nio-8080-exec-8] DEBUG o.h.orm.results.loading.entity - (EntityResultInitializer) Done materializing entityInstance : com.example.physiokalendar.entity.Absence(a)#434
2026-02-15 16:58:44.628 [http-nio-8080-exec-8] DEBUG org.hibernate.orm.results.loading - Calling top-level assembler (0 / 1) : org.hibernate.sql.results.graph.entity.internal.EntityAssembler@4cda5469
2026-02-15 16:58:44.628 [http-nio-8080-exec-8] DEBUG org.hibernate.orm.results - Extracted JDBC value [0] - [435]
2026-02-15 16:58:44.628 [http-nio-8080-exec-8] DEBUG o.h.orm.results.loading.entity - (EntityResultInitializer) Hydrated EntityKey (com.example.physiokalendar.entity.Absence(a)): 435
2026-02-15 16:58:44.628 [http-nio-8080-exec-8] DEBUG o.h.orm.results.loading.entity - (EntityResultInitializer) Created new entity instance [com.example.physiokalendar.entity.Absence(a)#435] : 1896143957
2026-02-15 16:58:44.628 [http-nio-8080-exec-8] DEBUG org.hibernate.orm.results - Extracted JDBC value [8] - [7]
2026-02-15 16:58:44.628 [http-nio-8080-exec-8] DEBUG org.hibernate.orm.results - Extracted JDBC value [1] - [RECURRING]
2026-02-15 16:58:44.628 [http-nio-8080-exec-8] DEBUG org.hibernate.orm.results - Extracted JDBC value [2] - [2026-02-15T15:07:55]
2026-02-15 16:58:44.628 [http-nio-8080-exec-8] DEBUG org.hibernate.orm.results - Extracted JDBC value [3] - [null]
2026-02-15 16:58:44.628 [http-nio-8080-exec-8] DEBUG org.hibernate.orm.results - Extracted JDBC value [4] - [null]
2026-02-15 16:58:44.628 [http-nio-8080-exec-8] DEBUG org.hibernate.orm.results - Extracted JDBC value [5] - [2026-02-15T19:50]
2026-02-15 16:58:44.628 [http-nio-8080-exec-8] DEBUG org.hibernate.orm.results - Extracted JDBC value [6] - [Regelmäßige Abwesenheit]
2026-02-15 16:58:44.628 [http-nio-8080-exec-8] DEBUG org.hibernate.orm.results - Extracted JDBC value [7] - [2026-02-15T13:00]
2026-02-15 16:58:44.628 [http-nio-8080-exec-8] DEBUG org.hibernate.orm.results - Extracted JDBC value [9] - [FRIDAY]
2026-02-15 16:58:44.628 [http-nio-8080-exec-8] DEBUG o.h.orm.results.loading.entity - (EntityResultInitializer) Done materializing entityInstance : com.example.physiokalendar.entity.Absence(a)#435
2026-02-15 16:58:44.628 [http-nio-8080-exec-8] DEBUG org.hibernate.orm.results.loading - Calling top-level assembler (0 / 1) : org.hibernate.sql.results.graph.entity.internal.EntityAssembler@4cda5469
2026-02-15 16:58:44.628 [http-nio-8080-exec-8] DEBUG org.hibernate.orm.results - Extracted JDBC value [0] - [436]
2026-02-15 16:58:44.628 [http-nio-8080-exec-8] DEBUG o.h.orm.results.loading.entity - (EntityResultInitializer) Hydrated EntityKey (com.example.physiokalendar.entity.Absence(a)): 436
2026-02-15 16:58:44.628 [http-nio-8080-exec-8] DEBUG o.h.orm.results.loading.entity - (EntityResultInitializer) Created new entity instance [com.example.physiokalendar.entity.Absence(a)#436] : 1379026721
2026-02-15 16:58:44.628 [http-nio-8080-exec-8] DEBUG org.hibernate.orm.results - Extracted JDBC value [8] - [7]
2026-02-15 16:58:44.628 [http-nio-8080-exec-8] DEBUG org.hibernate.orm.results - Extracted JDBC value [1] - [RECURRING]
2026-02-15 16:58:44.628 [http-nio-8080-exec-8] DEBUG org.hibernate.orm.results - Extracted JDBC value [2] - [2026-02-15T15:07:55]
2026-02-15 16:58:44.628 [http-nio-8080-exec-8] DEBUG org.hibernate.orm.results - Extracted JDBC value [3] - [null]
2026-02-15 16:58:44.628 [http-nio-8080-exec-8] DEBUG org.hibernate.orm.results - Extracted JDBC value [4] - [null]
2026-02-15 16:58:44.628 [http-nio-8080-exec-8] DEBUG org.hibernate.orm.results - Extracted JDBC value [5] - [2026-02-15T07:00]
2026-02-15 16:58:44.628 [http-nio-8080-exec-8] DEBUG org.hibernate.orm.results - Extracted JDBC value [6] - [Regelmäßige Abwesenheit]
2026-02-15 16:58:44.628 [http-nio-8080-exec-8] DEBUG org.hibernate.orm.results - Extracted JDBC value [7] - [2026-02-15T06:00]
2026-02-15 16:58:44.628 [http-nio-8080-exec-8] DEBUG org.hibernate.orm.results - Extracted JDBC value [9] - [TUESDAY]
2026-02-15 16:58:44.628 [http-nio-8080-exec-8] DEBUG o.h.orm.results.loading.entity - (EntityResultInitializer) Done materializing entityInstance : com.example.physiokalendar.entity.Absence(a)#436
2026-02-15 16:58:44.629 [http-nio-8080-exec-8] DEBUG org.hibernate.orm.results.loading - Calling top-level assembler (0 / 1) : org.hibernate.sql.results.graph.entity.internal.EntityAssembler@4cda5469
2026-02-15 16:58:44.629 [http-nio-8080-exec-8] DEBUG org.hibernate.orm.results - Extracted JDBC value [0] - [437]
2026-02-15 16:58:44.629 [http-nio-8080-exec-8] DEBUG o.h.orm.results.loading.entity - (EntityResultInitializer) Hydrated EntityKey (com.example.physiokalendar.entity.Absence(a)): 437
2026-02-15 16:58:44.629 [http-nio-8080-exec-8] DEBUG o.h.orm.results.loading.entity - (EntityResultInitializer) Created new entity instance [com.example.physiokalendar.entity.Absence(a)#437] : 1060943257
2026-02-15 16:58:44.629 [http-nio-8080-exec-8] DEBUG org.hibernate.orm.results - Extracted JDBC value [8] - [7]
2026-02-15 16:58:44.629 [http-nio-8080-exec-8] DEBUG org.hibernate.orm.results - Extracted JDBC value [1] - [RECURRING]
2026-02-15 16:58:44.629 [http-nio-8080-exec-8] DEBUG org.hibernate.orm.results - Extracted JDBC value [2] - [2026-02-15T15:07:55]
2026-02-15 16:58:44.629 [http-nio-8080-exec-8] DEBUG org.hibernate.orm.results - Extracted JDBC value [3] - [null]
2026-02-15 16:58:44.629 [http-nio-8080-exec-8] DEBUG org.hibernate.orm.results - Extracted JDBC value [4] - [null]
2026-02-15 16:58:44.629 [http-nio-8080-exec-8] DEBUG org.hibernate.orm.results - Extracted JDBC value [5] - [2026-02-15T12:30]
2026-02-15 16:58:44.629 [http-nio-8080-exec-8] DEBUG org.hibernate.orm.results - Extracted JDBC value [6] - [Regelmäßige Abwesenheit]
2026-02-15 16:58:44.629 [http-nio-8080-exec-8] DEBUG org.hibernate.orm.results - Extracted JDBC value [7] - [2026-02-15T12:00]
2026-02-15 16:58:44.629 [http-nio-8080-exec-8] DEBUG org.hibernate.orm.results - Extracted JDBC value [9] - [TUESDAY]
2026-02-15 16:58:44.629 [http-nio-8080-exec-8] DEBUG o.h.orm.results.loading.entity - (EntityResultInitializer) Done materializing entityInstance : com.example.physiokalendar.entity.Absence(a)#437
2026-02-15 16:58:44.629 [http-nio-8080-exec-8] DEBUG org.hibernate.orm.results.loading - Calling top-level assembler (0 / 1) : org.hibernate.sql.results.graph.entity.internal.EntityAssembler@4cda5469
2026-02-15 16:58:44.629 [http-nio-8080-exec-8] DEBUG org.hibernate.orm.results - Extracted JDBC value [0] - [438]
2026-02-15 16:58:44.629 [http-nio-8080-exec-8] DEBUG o.h.orm.results.loading.entity - (EntityResultInitializer) Hydrated EntityKey (com.example.physiokalendar.entity.Absence(a)): 438
2026-02-15 16:58:44.629 [http-nio-8080-exec-8] DEBUG o.h.orm.results.loading.entity - (EntityResultInitializer) Created new entity instance [com.example.physiokalendar.entity.Absence(a)#438] : 347161432
2026-02-15 16:58:44.629 [http-nio-8080-exec-8] DEBUG org.hibernate.orm.results - Extracted JDBC value [8] - [7]
2026-02-15 16:58:44.629 [http-nio-8080-exec-8] DEBUG org.hibernate.orm.results - Extracted JDBC value [1] - [RECURRING]
2026-02-15 16:58:44.629 [http-nio-8080-exec-8] DEBUG org.hibernate.orm.results - Extracted JDBC value [2] - [2026-02-15T15:07:55]
2026-02-15 16:58:44.629 [http-nio-8080-exec-8] DEBUG org.hibernate.orm.results - Extracted JDBC value [3] - [null]
2026-02-15 16:58:44.629 [http-nio-8080-exec-8] DEBUG org.hibernate.orm.results - Extracted JDBC value [4] - [null]
2026-02-15 16:58:44.629 [http-nio-8080-exec-8] DEBUG org.hibernate.orm.results - Extracted JDBC value [5] - [2026-02-15T19:50]
2026-02-15 16:58:44.629 [http-nio-8080-exec-8] DEBUG org.hibernate.orm.results - Extracted JDBC value [6] - [Regelmäßige Abwesenheit]
2026-02-15 16:58:44.629 [http-nio-8080-exec-8] DEBUG org.hibernate.orm.results - Extracted JDBC value [7] - [2026-02-15T15:30]
2026-02-15 16:58:44.629 [http-nio-8080-exec-8] DEBUG org.hibernate.orm.results - Extracted JDBC value [9] - [TUESDAY]
2026-02-15 16:58:44.629 [http-nio-8080-exec-8] DEBUG o.h.orm.results.loading.entity - (EntityResultInitializer) Done materializing entityInstance : com.example.physiokalendar.entity.Absence(a)#438
2026-02-15 16:58:44.629 [http-nio-8080-exec-8] DEBUG org.hibernate.orm.results.loading - Calling top-level assembler (0 / 1) : org.hibernate.sql.results.graph.entity.internal.EntityAssembler@4cda5469
2026-02-15 16:58:44.629 [http-nio-8080-exec-8] DEBUG org.hibernate.orm.results - Extracted JDBC value [0] - [439]
2026-02-15 16:58:44.629 [http-nio-8080-exec-8] DEBUG o.h.orm.results.loading.entity - (EntityResultInitializer) Hydrated EntityKey (com.example.physiokalendar.entity.Absence(a)): 439
2026-02-15 16:58:44.629 [http-nio-8080-exec-8] DEBUG o.h.orm.results.loading.entity - (EntityResultInitializer) Created new entity instance [com.example.physiokalendar.entity.Absence(a)#439] : 1124123631
2026-02-15 16:58:44.629 [http-nio-8080-exec-8] DEBUG org.hibernate.orm.results - Extracted JDBC value [8] - [7]
2026-02-15 16:58:44.629 [http-nio-8080-exec-8] DEBUG org.hibernate.orm.results - Extracted JDBC value [1] - [RECURRING]
2026-02-15 16:58:44.629 [http-nio-8080-exec-8] DEBUG org.hibernate.orm.results - Extracted JDBC value [2] - [2026-02-15T15:07:55]
2026-02-15 16:58:44.629 [http-nio-8080-exec-8] DEBUG org.hibernate.orm.results - Extracted JDBC value [3] - [null]
2026-02-15 16:58:44.630 [http-nio-8080-exec-8] DEBUG org.hibernate.orm.results - Extracted JDBC value [4] - [null]
2026-02-15 16:58:44.630 [http-nio-8080-exec-8] DEBUG org.hibernate.orm.results - Extracted JDBC value [5] - [2026-02-15T09:10]
2026-02-15 16:58:44.630 [http-nio-8080-exec-8] DEBUG org.hibernate.orm.results - Extracted JDBC value [6] - [Regelmäßige Abwesenheit]
2026-02-15 16:58:44.630 [http-nio-8080-exec-8] DEBUG org.hibernate.orm.results - Extracted JDBC value [7] - [2026-02-15T06:00]
2026-02-15 16:58:44.630 [http-nio-8080-exec-8] DEBUG org.hibernate.orm.results - Extracted JDBC value [9] - [THURSDAY]
2026-02-15 16:58:44.630 [http-nio-8080-exec-8] DEBUG o.h.orm.results.loading.entity - (EntityResultInitializer) Done materializing entityInstance : com.example.physiokalendar.entity.Absence(a)#439
2026-02-15 16:58:44.630 [http-nio-8080-exec-8] DEBUG org.hibernate.orm.results.loading - Calling top-level assembler (0 / 1) : org.hibernate.sql.results.graph.entity.internal.EntityAssembler@4cda5469
2026-02-15 16:58:44.630 [http-nio-8080-exec-8] DEBUG org.hibernate.orm.results - Extracted JDBC value [0] - [440]
2026-02-15 16:58:44.630 [http-nio-8080-exec-8] DEBUG o.h.orm.results.loading.entity - (EntityResultInitializer) Hydrated EntityKey (com.example.physiokalendar.entity.Absence(a)): 440
2026-02-15 16:58:44.630 [http-nio-8080-exec-8] DEBUG o.h.orm.results.loading.entity - (EntityResultInitializer) Created new entity instance [com.example.physiokalendar.entity.Absence(a)#440] : 63676385
2026-02-15 16:58:44.630 [http-nio-8080-exec-8] DEBUG org.hibernate.orm.results - Extracted JDBC value [8] - [7]
2026-02-15 16:58:44.630 [http-nio-8080-exec-8] DEBUG org.hibernate.orm.results - Extracted JDBC value [1] - [RECURRING]
2026-02-15 16:58:44.630 [http-nio-8080-exec-8] DEBUG org.hibernate.orm.results - Extracted JDBC value [2] - [2026-02-15T15:07:55]
2026-02-15 16:58:44.630 [http-nio-8080-exec-8] DEBUG org.hibernate.orm.results - Extracted JDBC value [3] - [null]
2026-02-15 16:58:44.630 [http-nio-8080-exec-8] DEBUG org.hibernate.orm.results - Extracted JDBC value [4] - [null]
2026-02-15 16:58:44.630 [http-nio-8080-exec-8] DEBUG org.hibernate.orm.results - Extracted JDBC value [5] - [2026-02-15T14:50]
2026-02-15 16:58:44.630 [http-nio-8080-exec-8] DEBUG org.hibernate.orm.results - Extracted JDBC value [6] - [Regelmäßige Abwesenheit]
2026-02-15 16:58:44.630 [http-nio-8080-exec-8] DEBUG org.hibernate.orm.results - Extracted JDBC value [7] - [2026-02-15T14:20]
2026-02-15 16:58:44.630 [http-nio-8080-exec-8] DEBUG org.hibernate.orm.results - Extracted JDBC value [9] - [THURSDAY]
2026-02-15 16:58:44.630 [http-nio-8080-exec-8] DEBUG o.h.orm.results.loading.entity - (EntityResultInitializer) Done materializing entityInstance : com.example.physiokalendar.entity.Absence(a)#440
2026-02-15 16:58:44.630 [http-nio-8080-exec-8] DEBUG org.hibernate.orm.results.loading - Calling top-level assembler (0 / 1) : org.hibernate.sql.results.graph.entity.internal.EntityAssembler@4cda5469
2026-02-15 16:58:44.630 [http-nio-8080-exec-8] DEBUG org.hibernate.orm.results - Extracted JDBC value [0] - [441]
2026-02-15 16:58:44.630 [http-nio-8080-exec-8] DEBUG o.h.orm.results.loading.entity - (EntityResultInitializer) Hydrated EntityKey (com.example.physiokalendar.entity.Absence(a)): 441
2026-02-15 16:58:44.630 [http-nio-8080-exec-8] DEBUG o.h.orm.results.loading.entity - (EntityResultInitializer) Created new entity instance [com.example.physiokalendar.entity.Absence(a)#441] : 1501655676
2026-02-15 16:58:44.630 [http-nio-8080-exec-8] DEBUG org.hibernate.orm.results - Extracted JDBC value [8] - [7]
2026-02-15 16:58:44.630 [http-nio-8080-exec-8] DEBUG org.hibernate.orm.results - Extracted JDBC value [1] - [RECURRING]
2026-02-15 16:58:44.630 [http-nio-8080-exec-8] DEBUG org.hibernate.orm.results - Extracted JDBC value [2] - [2026-02-15T15:07:55]
2026-02-15 16:58:44.631 [http-nio-8080-exec-8] DEBUG org.hibernate.orm.results - Extracted JDBC value [3] - [null]
2026-02-15 16:58:44.631 [http-nio-8080-exec-8] DEBUG org.hibernate.orm.results - Extracted JDBC value [4] - [null]
2026-02-15 16:58:44.631 [http-nio-8080-exec-8] DEBUG org.hibernate.orm.results - Extracted JDBC value [5] - [2026-02-15T19:50]
2026-02-15 16:58:44.631 [http-nio-8080-exec-8] DEBUG org.hibernate.orm.results - Extracted JDBC value [6] - [Regelmäßige Abwesenheit]
2026-02-15 16:58:44.631 [http-nio-8080-exec-8] DEBUG org.hibernate.orm.results - Extracted JDBC value [7] - [2026-02-15T18:00]
2026-02-15 16:58:44.631 [http-nio-8080-exec-8] DEBUG org.hibernate.orm.results - Extracted JDBC value [9] - [THURSDAY]
2026-02-15 16:58:44.631 [http-nio-8080-exec-8] DEBUG o.h.orm.results.loading.entity - (EntityResultInitializer) Done materializing entityInstance : com.example.physiokalendar.entity.Absence(a)#441
2026-02-15 16:58:44.631 [http-nio-8080-exec-8] DEBUG org.hibernate.orm.results.loading - Calling top-level assembler (0 / 1) : org.hibernate.sql.results.graph.entity.internal.EntityAssembler@4cda5469
2026-02-15 16:58:44.631 [http-nio-8080-exec-8] DEBUG org.hibernate.orm.results - Extracted JDBC value [0] - [442]
2026-02-15 16:58:44.631 [http-nio-8080-exec-8] DEBUG o.h.orm.results.loading.entity - (EntityResultInitializer) Hydrated EntityKey (com.example.physiokalendar.entity.Absence(a)): 442
2026-02-15 16:58:44.631 [http-nio-8080-exec-8] DEBUG o.h.orm.results.loading.entity - (EntityResultInitializer) Created new entity instance [com.example.physiokalendar.entity.Absence(a)#442] : 1194606999
2026-02-15 16:58:44.631 [http-nio-8080-exec-8] DEBUG org.hibernate.orm.results - Extracted JDBC value [8] - [7]
2026-02-15 16:58:44.631 [http-nio-8080-exec-8] DEBUG org.hibernate.orm.results - Extracted JDBC value [1] - [RECURRING]
2026-02-15 16:58:44.631 [http-nio-8080-exec-8] DEBUG org.hibernate.orm.results - Extracted JDBC value [2] - [2026-02-15T15:07:55]
2026-02-15 16:58:44.631 [http-nio-8080-exec-8] DEBUG org.hibernate.orm.results - Extracted JDBC value [3] - [null]
2026-02-15 16:58:44.631 [http-nio-8080-exec-8] DEBUG org.hibernate.orm.results - Extracted JDBC value [4] - [null]
2026-02-15 16:58:44.631 [http-nio-8080-exec-8] DEBUG org.hibernate.orm.results - Extracted JDBC value [5] - [2026-02-15T06:50]
2026-02-15 16:58:44.631 [http-nio-8080-exec-8] DEBUG org.hibernate.orm.results - Extracted JDBC value [6] - [Regelmäßige Abwesenheit]
2026-02-15 16:58:44.631 [http-nio-8080-exec-8] DEBUG org.hibernate.orm.results - Extracted JDBC value [7] - [2026-02-15T06:00]
2026-02-15 16:58:44.631 [http-nio-8080-exec-8] DEBUG org.hibernate.orm.results - Extracted JDBC value [9] - [MONDAY]
2026-02-15 16:58:44.631 [http-nio-8080-exec-8] DEBUG o.h.orm.results.loading.entity - (EntityResultInitializer) Done materializing entityInstance : com.example.physiokalendar.entity.Absence(a)#442
2026-02-15 16:58:44.631 [http-nio-8080-exec-8] DEBUG org.hibernate.orm.results.loading - Calling top-level assembler (0 / 1) : org.hibernate.sql.results.graph.entity.internal.EntityAssembler@4cda5469
2026-02-15 16:58:44.631 [http-nio-8080-exec-8] DEBUG org.hibernate.orm.results - Extracted JDBC value [0] - [443]
2026-02-15 16:58:44.631 [http-nio-8080-exec-8] DEBUG o.h.orm.results.loading.entity - (EntityResultInitializer) Hydrated EntityKey (com.example.physiokalendar.entity.Absence(a)): 443
2026-02-15 16:58:44.632 [http-nio-8080-exec-8] DEBUG o.h.orm.results.loading.entity - (EntityResultInitializer) Created new entity instance [com.example.physiokalendar.entity.Absence(a)#443] : 49216805
2026-02-15 16:58:44.632 [http-nio-8080-exec-8] DEBUG org.hibernate.orm.results - Extracted JDBC value [8] - [7]
2026-02-15 16:58:44.632 [http-nio-8080-exec-8] DEBUG org.hibernate.orm.results - Extracted JDBC value [1] - [RECURRING]
2026-02-15 16:58:44.632 [http-nio-8080-exec-8] DEBUG org.hibernate.orm.results - Extracted JDBC value [2] - [2026-02-15T15:07:55]
2026-02-15 16:58:44.632 [http-nio-8080-exec-8] DEBUG org.hibernate.orm.results - Extracted JDBC value [3] - [null]
2026-02-15 16:58:44.632 [http-nio-8080-exec-8] DEBUG org.hibernate.orm.results - Extracted JDBC value [4] - [null]
2026-02-15 16:58:44.632 [http-nio-8080-exec-8] DEBUG org.hibernate.orm.results - Extracted JDBC value [5] - [2026-02-15T12:30]
2026-02-15 16:58:44.632 [http-nio-8080-exec-8] DEBUG org.hibernate.orm.results - Extracted JDBC value [6] - [Regelmäßige Abwesenheit]
2026-02-15 16:58:44.632 [http-nio-8080-exec-8] DEBUG org.hibernate.orm.results - Extracted JDBC value [7] - [2026-02-15T12:00]
2026-02-15 16:58:44.632 [http-nio-8080-exec-8] DEBUG org.hibernate.orm.results - Extracted JDBC value [9] - [MONDAY]
2026-02-15 16:58:44.632 [http-nio-8080-exec-8] DEBUG o.h.orm.results.loading.entity - (EntityResultInitializer) Done materializing entityInstance : com.example.physiokalendar.entity.Absence(a)#443
2026-02-15 16:58:44.632 [http-nio-8080-exec-8] DEBUG org.hibernate.orm.results.loading - Calling top-level assembler (0 / 1) : org.hibernate.sql.results.graph.entity.internal.EntityAssembler@4cda5469
2026-02-15 16:58:44.632 [http-nio-8080-exec-8] DEBUG org.hibernate.orm.results - Extracted JDBC value [0] - [444]
2026-02-15 16:58:44.632 [http-nio-8080-exec-8] DEBUG o.h.orm.results.loading.entity - (EntityResultInitializer) Hydrated EntityKey (com.example.physiokalendar.entity.Absence(a)): 444
2026-02-15 16:58:44.632 [http-nio-8080-exec-8] DEBUG o.h.orm.results.loading.entity - (EntityResultInitializer) Created new entity instance [com.example.physiokalendar.entity.Absence(a)#444] : 1569021454
2026-02-15 16:58:44.632 [http-nio-8080-exec-8] DEBUG org.hibernate.orm.results - Extracted JDBC value [8] - [7]
2026-02-15 16:58:44.632 [http-nio-8080-exec-8] DEBUG org.hibernate.orm.results - Extracted JDBC value [1] - [RECURRING]
2026-02-15 16:58:44.632 [http-nio-8080-exec-8] DEBUG org.hibernate.orm.results - Extracted JDBC value [2] - [2026-02-15T15:07:55]
2026-02-15 16:58:44.632 [http-nio-8080-exec-8] DEBUG org.hibernate.orm.results - Extracted JDBC value [3] - [null]
2026-02-15 16:58:44.632 [http-nio-8080-exec-8] DEBUG org.hibernate.orm.results - Extracted JDBC value [4] - [null]
2026-02-15 16:58:44.632 [http-nio-8080-exec-8] DEBUG org.hibernate.orm.results - Extracted JDBC value [5] - [2026-02-15T19:50]
2026-02-15 16:58:44.632 [http-nio-8080-exec-8] DEBUG org.hibernate.orm.results - Extracted JDBC value [6] - [Regelmäßige Abwesenheit]
2026-02-15 16:58:44.632 [http-nio-8080-exec-8] DEBUG org.hibernate.orm.results - Extracted JDBC value [7] - [2026-02-15T17:00]
2026-02-15 16:58:44.632 [http-nio-8080-exec-8] DEBUG org.hibernate.orm.results - Extracted JDBC value [9] - [MONDAY]
2026-02-15 16:58:44.632 [http-nio-8080-exec-8] DEBUG o.h.orm.results.loading.entity - (EntityResultInitializer) Done materializing entityInstance : com.example.physiokalendar.entity.Absence(a)#444
2026-02-15 16:58:44.632 [http-nio-8080-exec-8] DEBUG org.hibernate.orm.results.loading - Calling top-level assembler (0 / 1) : org.hibernate.sql.results.graph.entity.internal.EntityAssembler@4cda5469
2026-02-15 16:58:44.632 [http-nio-8080-exec-8] DEBUG org.hibernate.orm.results - Extracted JDBC value [0] - [450]
2026-02-15 16:58:44.632 [http-nio-8080-exec-8] DEBUG o.h.orm.results.loading.entity - (EntityResultInitializer) Hydrated EntityKey (com.example.physiokalendar.entity.Absence(a)): 450
2026-02-15 16:58:44.632 [http-nio-8080-exec-8] DEBUG o.h.orm.results.loading.entity - (EntityResultInitializer) Created new entity instance [com.example.physiokalendar.entity.Absence(a)#450] : 256234832
2026-02-15 16:58:44.632 [http-nio-8080-exec-8] DEBUG org.hibernate.orm.results - Extracted JDBC value [8] - [7]
2026-02-15 16:58:44.633 [http-nio-8080-exec-8] DEBUG org.hibernate.orm.results - Extracted JDBC value [1] - [RECURRING]
2026-02-15 16:58:44.633 [http-nio-8080-exec-8] DEBUG org.hibernate.orm.results - Extracted JDBC value [2] - [2026-02-15T15:07:55]
2026-02-15 16:58:44.633 [http-nio-8080-exec-8] DEBUG org.hibernate.orm.results - Extracted JDBC value [3] - [null]
2026-02-15 16:58:44.633 [http-nio-8080-exec-8] DEBUG org.hibernate.orm.results - Extracted JDBC value [4] - [null]
2026-02-15 16:58:44.633 [http-nio-8080-exec-8] DEBUG org.hibernate.orm.results - Extracted JDBC value [5] - [2026-02-15T07:00]
2026-02-15 16:58:44.633 [http-nio-8080-exec-8] DEBUG org.hibernate.orm.results - Extracted JDBC value [6] - [Regelmäßige Abwesenheit]
2026-02-15 16:58:44.633 [http-nio-8080-exec-8] DEBUG org.hibernate.orm.results - Extracted JDBC value [7] - [2026-02-15T06:00]
2026-02-15 16:58:44.633 [http-nio-8080-exec-8] DEBUG org.hibernate.orm.results - Extracted JDBC value [9] - [WEDNESDAY]
2026-02-15 16:58:44.633 [http-nio-8080-exec-8] DEBUG o.h.orm.results.loading.entity - (EntityResultInitializer) Done materializing entityInstance : com.example.physiokalendar.entity.Absence(a)#450
2026-02-15 16:58:44.633 [http-nio-8080-exec-8] DEBUG org.hibernate.orm.results.loading - Calling top-level assembler (0 / 1) : org.hibernate.sql.results.graph.entity.internal.EntityAssembler@4cda5469
2026-02-15 16:58:44.633 [http-nio-8080-exec-8] DEBUG org.hibernate.orm.results - Extracted JDBC value [0] - [451]
2026-02-15 16:58:44.633 [http-nio-8080-exec-8] DEBUG o.h.orm.results.loading.entity - (EntityResultInitializer) Hydrated EntityKey (com.example.physiokalendar.entity.Absence(a)): 451
2026-02-15 16:58:44.633 [http-nio-8080-exec-8] DEBUG o.h.orm.results.loading.entity - (EntityResultInitializer) Created new entity instance [com.example.physiokalendar.entity.Absence(a)#451] : 1779959254
2026-02-15 16:58:44.633 [http-nio-8080-exec-8] DEBUG org.hibernate.orm.results - Extracted JDBC value [8] - [7]
2026-02-15 16:58:44.633 [http-nio-8080-exec-8] DEBUG org.hibernate.orm.results - Extracted JDBC value [1] - [RECURRING]
2026-02-15 16:58:44.633 [http-nio-8080-exec-8] DEBUG org.hibernate.orm.results - Extracted JDBC value [2] - [2026-02-15T15:07:55]
2026-02-15 16:58:44.633 [http-nio-8080-exec-8] DEBUG org.hibernate.orm.results - Extracted JDBC value [3] - [null]
2026-02-15 16:58:44.633 [http-nio-8080-exec-8] DEBUG org.hibernate.orm.results - Extracted JDBC value [4] - [null]
2026-02-15 16:58:44.633 [http-nio-8080-exec-8] DEBUG org.hibernate.orm.results - Extracted JDBC value [5] - [2026-02-15T12:30]
2026-02-15 16:58:44.633 [http-nio-8080-exec-8] DEBUG org.hibernate.orm.results - Extracted JDBC value [6] - [Regelmäßige Abwesenheit]
2026-02-15 16:58:44.633 [http-nio-8080-exec-8] DEBUG org.hibernate.orm.results - Extracted JDBC value [7] - [2026-02-15T12:00]
2026-02-15 16:58:44.633 [http-nio-8080-exec-8] DEBUG org.hibernate.orm.results - Extracted JDBC value [9] - [WEDNESDAY]
2026-02-15 16:58:44.633 [http-nio-8080-exec-8] DEBUG o.h.orm.results.loading.entity - (EntityResultInitializer) Done materializing entityInstance : com.example.physiokalendar.entity.Absence(a)#451
2026-02-15 16:58:44.633 [http-nio-8080-exec-8] DEBUG org.hibernate.orm.results.loading - Calling top-level assembler (0 / 1) : org.hibernate.sql.results.graph.entity.internal.EntityAssembler@4cda5469
2026-02-15 16:58:44.633 [http-nio-8080-exec-8] DEBUG org.hibernate.orm.results - Extracted JDBC value [0] - [452]
2026-02-15 16:58:44.633 [http-nio-8080-exec-8] DEBUG o.h.orm.results.loading.entity - (EntityResultInitializer) Hydrated EntityKey (com.example.physiokalendar.entity.Absence(a)): 452
2026-02-15 16:58:44.633 [http-nio-8080-exec-8] DEBUG o.h.orm.results.loading.entity - (EntityResultInitializer) Created new entity instance [com.example.physiokalendar.entity.Absence(a)#452] : 527092325
2026-02-15 16:58:44.633 [http-nio-8080-exec-8] DEBUG org.hibernate.orm.results - Extracted JDBC value [8] - [7]
2026-02-15 16:58:44.633 [http-nio-8080-exec-8] DEBUG org.hibernate.orm.results - Extracted JDBC value [1] - [RECURRING]
2026-02-15 16:58:44.633 [http-nio-8080-exec-8] DEBUG org.hibernate.orm.results - Extracted JDBC value [2] - [2026-02-15T15:07:55]
2026-02-15 16:58:44.633 [http-nio-8080-exec-8] DEBUG org.hibernate.orm.results - Extracted JDBC value [3] - [null]
2026-02-15 16:58:44.633 [http-nio-8080-exec-8] DEBUG org.hibernate.orm.results - Extracted JDBC value [4] - [null]
2026-02-15 16:58:44.633 [http-nio-8080-exec-8] DEBUG org.hibernate.orm.results - Extracted JDBC value [5] - [2026-02-15T19:50]
2026-02-15 16:58:44.633 [http-nio-8080-exec-8] DEBUG org.hibernate.orm.results - Extracted JDBC value [6] - [Regelmäßige Abwesenheit]
2026-02-15 16:58:44.633 [http-nio-8080-exec-8] DEBUG org.hibernate.orm.results - Extracted JDBC value [7] - [2026-02-15T15:30]
2026-02-15 16:58:44.633 [http-nio-8080-exec-8] DEBUG org.hibernate.orm.results - Extracted JDBC value [9] - [WEDNESDAY]
2026-02-15 16:58:44.634 [http-nio-8080-exec-8] DEBUG o.h.orm.results.loading.entity - (EntityResultInitializer) Done materializing entityInstance : com.example.physiokalendar.entity.Absence(a)#452
2026-02-15 16:58:44.634 [http-nio-8080-exec-8] DEBUG org.hibernate.orm.results.loading - Calling top-level assembler (0 / 1) : org.hibernate.sql.results.graph.entity.internal.EntityAssembler@4cda5469
2026-02-15 16:58:44.634 [http-nio-8080-exec-8] DEBUG org.hibernate.orm.results - Extracted JDBC value [0] - [802]
2026-02-15 16:58:44.634 [http-nio-8080-exec-8] DEBUG o.h.orm.results.loading.entity - (EntityResultInitializer) Hydrated EntityKey (com.example.physiokalendar.entity.Absence(a)): 802
2026-02-15 16:58:44.634 [http-nio-8080-exec-8] DEBUG o.h.orm.results.loading.entity - (EntityResultInitializer) Created new entity instance [com.example.physiokalendar.entity.Absence(a)#802] : 1751679656
2026-02-15 16:58:44.634 [http-nio-8080-exec-8] DEBUG org.hibernate.orm.results - Extracted JDBC value [8] - [7]
2026-02-15 16:58:44.634 [http-nio-8080-exec-8] DEBUG org.hibernate.orm.results - Extracted JDBC value [1] - [RECURRING]
2026-02-15 16:58:44.634 [http-nio-8080-exec-8] DEBUG org.hibernate.orm.results - Extracted JDBC value [2] - [2026-02-15T15:11:23]
2026-02-15 16:58:44.634 [http-nio-8080-exec-8] DEBUG org.hibernate.orm.results - Extracted JDBC value [3] - [null]
2026-02-15 16:58:44.634 [http-nio-8080-exec-8] DEBUG org.hibernate.orm.results - Extracted JDBC value [4] - [null]
2026-02-15 16:58:44.634 [http-nio-8080-exec-8] DEBUG org.hibernate.orm.results - Extracted JDBC value [5] - [2026-02-15T07:00]
2026-02-15 16:58:44.634 [http-nio-8080-exec-8] DEBUG org.hibernate.orm.results - Extracted JDBC value [6] - [Regelmäßige Abwesenheit]
2026-02-15 16:58:44.634 [http-nio-8080-exec-8] DEBUG org.hibernate.orm.results - Extracted JDBC value [7] - [2026-02-15T06:00]
2026-02-15 16:58:44.634 [http-nio-8080-exec-8] DEBUG org.hibernate.orm.results - Extracted JDBC value [9] - [FRIDAY]
2026-02-15 16:58:44.634 [http-nio-8080-exec-8] DEBUG o.h.orm.results.loading.entity - (EntityResultInitializer) Done materializing entityInstance : com.example.physiokalendar.entity.Absence(a)#802
2026-02-15 16:58:44.634 [http-nio-8080-exec-8] DEBUG org.hibernate.orm.results.loading - Calling top-level assembler (0 / 1) : org.hibernate.sql.results.graph.entity.internal.EntityAssembler@4cda5469
2026-02-15 16:58:44.634 [http-nio-8080-exec-8] DEBUG org.hibernate.orm.results - Extracted JDBC value [0] - [803]
2026-02-15 16:58:44.634 [http-nio-8080-exec-8] DEBUG o.h.orm.results.loading.entity - (EntityResultInitializer) Hydrated EntityKey (com.example.physiokalendar.entity.Absence(a)): 803
2026-02-15 16:58:44.634 [http-nio-8080-exec-8] DEBUG o.h.orm.results.loading.entity - (EntityResultInitializer) Created new entity instance [com.example.physiokalendar.entity.Absence(a)#803] : 1227236768
2026-02-15 16:58:44.634 [http-nio-8080-exec-8] DEBUG org.hibernate.orm.results - Extracted JDBC value [8] - [7]
2026-02-15 16:58:44.634 [http-nio-8080-exec-8] DEBUG org.hibernate.orm.results - Extracted JDBC value [1] - [RECURRING]
2026-02-15 16:58:44.634 [http-nio-8080-exec-8] DEBUG org.hibernate.orm.results - Extracted JDBC value [2] - [2026-02-15T15:11:23]
2026-02-15 16:58:44.634 [http-nio-8080-exec-8] DEBUG org.hibernate.orm.results - Extracted JDBC value [3] - [null]
2026-02-15 16:58:44.634 [http-nio-8080-exec-8] DEBUG org.hibernate.orm.results - Extracted JDBC value [4] - [null]
2026-02-15 16:58:44.634 [http-nio-8080-exec-8] DEBUG org.hibernate.orm.results - Extracted JDBC value [5] - [2026-02-15T19:50]
2026-02-15 16:58:44.634 [http-nio-8080-exec-8] DEBUG org.hibernate.orm.results - Extracted JDBC value [6] - [Regelmäßige Abwesenheit]
2026-02-15 16:58:44.634 [http-nio-8080-exec-8] DEBUG org.hibernate.orm.results - Extracted JDBC value [7] - [2026-02-15T13:00]
2026-02-15 16:58:44.634 [http-nio-8080-exec-8] DEBUG org.hibernate.orm.results - Extracted JDBC value [9] - [FRIDAY]
2026-02-15 16:58:44.634 [http-nio-8080-exec-8] DEBUG o.h.orm.results.loading.entity - (EntityResultInitializer) Done materializing entityInstance : com.example.physiokalendar.entity.Absence(a)#803
2026-02-15 16:58:44.634 [http-nio-8080-exec-8] DEBUG org.hibernate.orm.results.loading - Calling top-level assembler (0 / 1) : org.hibernate.sql.results.graph.entity.internal.EntityAssembler@4cda5469
2026-02-15 16:58:44.634 [http-nio-8080-exec-8] DEBUG org.hibernate.orm.results - Extracted JDBC value [0] - [804]
2026-02-15 16:58:44.634 [http-nio-8080-exec-8] DEBUG o.h.orm.results.loading.entity - (EntityResultInitializer) Hydrated EntityKey (com.example.physiokalendar.entity.Absence(a)): 804
2026-02-15 16:58:44.634 [http-nio-8080-exec-8] DEBUG o.h.orm.results.loading.entity - (EntityResultInitializer) Created new entity instance [com.example.physiokalendar.entity.Absence(a)#804] : 1664790503
2026-02-15 16:58:44.634 [http-nio-8080-exec-8] DEBUG org.hibernate.orm.results - Extracted JDBC value [8] - [7]
2026-02-15 16:58:44.634 [http-nio-8080-exec-8] DEBUG org.hibernate.orm.results - Extracted JDBC value [1] - [RECURRING]
2026-02-15 16:58:44.634 [http-nio-8080-exec-8] DEBUG org.hibernate.orm.results - Extracted JDBC value [2] - [2026-02-15T15:11:23]
2026-02-15 16:58:44.634 [http-nio-8080-exec-8] DEBUG org.hibernate.orm.results - Extracted JDBC value [3] - [null]
2026-02-15 16:58:44.634 [http-nio-8080-exec-8] DEBUG org.hibernate.orm.results - Extracted JDBC value [4] - [null]
2026-02-15 16:58:44.634 [http-nio-8080-exec-8] DEBUG org.hibernate.orm.results - Extracted JDBC value [5] - [2026-02-15T07:00]
2026-02-15 16:58:44.634 [http-nio-8080-exec-8] DEBUG org.hibernate.orm.results - Extracted JDBC value [6] - [Regelmäßige Abwesenheit]
2026-02-15 16:58:44.634 [http-nio-8080-exec-8] DEBUG org.hibernate.orm.results - Extracted JDBC value [7] - [2026-02-15T06:00]
2026-02-15 16:58:44.634 [http-nio-8080-exec-8] DEBUG org.hibernate.orm.results - Extracted JDBC value [9] - [TUESDAY]
2026-02-15 16:58:44.634 [http-nio-8080-exec-8] DEBUG o.h.orm.results.loading.entity - (EntityResultInitializer) Done materializing entityInstance : com.example.physiokalendar.entity.Absence(a)#804
2026-02-15 16:58:44.634 [http-nio-8080-exec-8] DEBUG org.hibernate.orm.results.loading - Calling top-level assembler (0 / 1) : org.hibernate.sql.results.graph.entity.internal.EntityAssembler@4cda5469
2026-02-15 16:58:44.634 [http-nio-8080-exec-8] DEBUG org.hibernate.orm.results - Extracted JDBC value [0] - [805]
2026-02-15 16:58:44.634 [http-nio-8080-exec-8] DEBUG o.h.orm.results.loading.entity - (EntityResultInitializer) Hydrated EntityKey (com.example.physiokalendar.entity.Absence(a)): 805
2026-02-15 16:58:44.634 [http-nio-8080-exec-8] DEBUG o.h.orm.results.loading.entity - (EntityResultInitializer) Created new entity instance [com.example.physiokalendar.entity.Absence(a)#805] : 717912071
2026-02-15 16:58:44.634 [http-nio-8080-exec-8] DEBUG org.hibernate.orm.results - Extracted JDBC value [8] - [7]
2026-02-15 16:58:44.634 [http-nio-8080-exec-8] DEBUG org.hibernate.orm.results - Extracted JDBC value [1] - [RECURRING]
2026-02-15 16:58:44.634 [http-nio-8080-exec-8] DEBUG org.hibernate.orm.results - Extracted JDBC value [2] - [2026-02-15T15:11:23]
2026-02-15 16:58:44.634 [http-nio-8080-exec-8] DEBUG org.hibernate.orm.results - Extracted JDBC value [3] - [null]
2026-02-15 16:58:44.634 [http-nio-8080-exec-8] DEBUG org.hibernate.orm.results - Extracted JDBC value [4] - [null]
2026-02-15 16:58:44.634 [http-nio-8080-exec-8] DEBUG org.hibernate.orm.results - Extracted JDBC value [5] - [2026-02-15T12:30]
2026-02-15 16:58:44.634 [http-nio-8080-exec-8] DEBUG org.hibernate.orm.results - Extracted JDBC value [6] - [Regelmäßige Abwesenheit]
2026-02-15 16:58:44.634 [http-nio-8080-exec-8] DEBUG org.hibernate.orm.results - Extracted JDBC value [7] - [2026-02-15T12:00]
2026-02-15 16:58:44.634 [http-nio-8080-exec-8] DEBUG org.hibernate.orm.results - Extracted JDBC value [9] - [TUESDAY]
2026-02-15 16:58:44.634 [http-nio-8080-exec-8] DEBUG o.h.orm.results.loading.entity - (EntityResultInitializer) Done materializing entityInstance : com.example.physiokalendar.entity.Absence(a)#805
2026-02-15 16:58:44.635 [http-nio-8080-exec-8] DEBUG org.hibernate.orm.results.loading - Calling top-level assembler (0 / 1) : org.hibernate.sql.results.graph.entity.internal.EntityAssembler@4cda5469
2026-02-15 16:58:44.635 [http-nio-8080-exec-8] DEBUG org.hibernate.orm.results - Extracted JDBC value [0] - [806]
2026-02-15 16:58:44.635 [http-nio-8080-exec-8] DEBUG o.h.orm.results.loading.entity - (EntityResultInitializer) Hydrated EntityKey (com.example.physiokalendar.entity.Absence(a)): 806
2026-02-15 16:58:44.635 [http-nio-8080-exec-8] DEBUG o.h.orm.results.loading.entity - (EntityResultInitializer) Created new entity instance [com.example.physiokalendar.entity.Absence(a)#806] : 102486580
2026-02-15 16:58:44.635 [http-nio-8080-exec-8] DEBUG org.hibernate.orm.results - Extracted JDBC value [8] - [7]
2026-02-15 16:58:44.635 [http-nio-8080-exec-8] DEBUG org.hibernate.orm.results - Extracted JDBC value [1] - [RECURRING]
2026-02-15 16:58:44.635 [http-nio-8080-exec-8] DEBUG org.hibernate.orm.results - Extracted JDBC value [2] - [2026-02-15T15:11:23]
2026-02-15 16:58:44.635 [http-nio-8080-exec-8] DEBUG org.hibernate.orm.results - Extracted JDBC value [3] - [null]
2026-02-15 16:58:44.635 [http-nio-8080-exec-8] DEBUG org.hibernate.orm.results - Extracted JDBC value [4] - [null]
2026-02-15 16:58:44.635 [http-nio-8080-exec-8] DEBUG org.hibernate.orm.results - Extracted JDBC value [5] - [2026-02-15T19:50]
2026-02-15 16:58:44.636 [http-nio-8080-exec-8] DEBUG org.hibernate.orm.results - Extracted JDBC value [6] - [Regelmäßige Abwesenheit]
2026-02-15 16:58:44.636 [http-nio-8080-exec-8] DEBUG org.hibernate.orm.results - Extracted JDBC value [7] - [2026-02-15T15:30]
2026-02-15 16:58:44.636 [http-nio-8080-exec-8] DEBUG org.hibernate.orm.results - Extracted JDBC value [9] - [TUESDAY]
2026-02-15 16:58:44.636 [http-nio-8080-exec-8] DEBUG o.h.orm.results.loading.entity - (EntityResultInitializer) Done materializing entityInstance : com.example.physiokalendar.entity.Absence(a)#806
2026-02-15 16:58:44.636 [http-nio-8080-exec-8] DEBUG org.hibernate.orm.results.loading - Calling top-level assembler (0 / 1) : org.hibernate.sql.results.graph.entity.internal.EntityAssembler@4cda5469
2026-02-15 16:58:44.636 [http-nio-8080-exec-8] DEBUG org.hibernate.orm.results - Extracted JDBC value [0] - [807]
2026-02-15 16:58:44.636 [http-nio-8080-exec-8] DEBUG o.h.orm.results.loading.entity - (EntityResultInitializer) Hydrated EntityKey (com.example.physiokalendar.entity.Absence(a)): 807
2026-02-15 16:58:44.636 [http-nio-8080-exec-8] DEBUG o.h.orm.results.loading.entity - (EntityResultInitializer) Created new entity instance [com.example.physiokalendar.entity.Absence(a)#807] : 2120809586
2026-02-15 16:58:44.636 [http-nio-8080-exec-8] DEBUG org.hibernate.orm.results - Extracted JDBC value [8] - [7]
2026-02-15 16:58:44.636 [http-nio-8080-exec-8] DEBUG org.hibernate.orm.results - Extracted JDBC value [1] - [RECURRING]
2026-02-15 16:58:44.636 [http-nio-8080-exec-8] DEBUG org.hibernate.orm.results - Extracted JDBC value [2] - [2026-02-15T15:11:23]
2026-02-15 16:58:44.636 [http-nio-8080-exec-8] DEBUG org.hibernate.orm.results - Extracted JDBC value [3] - [null]
2026-02-15 16:58:44.636 [http-nio-8080-exec-8] DEBUG org.hibernate.orm.results - Extracted JDBC value [4] - [null]
2026-02-15 16:58:44.636 [http-nio-8080-exec-8] DEBUG org.hibernate.orm.results - Extracted JDBC value [5] - [2026-02-15T09:10]
2026-02-15 16:58:44.636 [http-nio-8080-exec-8] DEBUG org.hibernate.orm.results - Extracted JDBC value [6] - [Regelmäßige Abwesenheit]
2026-02-15 16:58:44.636 [http-nio-8080-exec-8] DEBUG org.hibernate.orm.results - Extracted JDBC value [7] - [2026-02-15T06:00]
2026-02-15 16:58:44.636 [http-nio-8080-exec-8] DEBUG org.hibernate.orm.results - Extracted JDBC value [9] - [THURSDAY]
2026-02-15 16:58:44.636 [http-nio-8080-exec-8] DEBUG o.h.orm.results.loading.entity - (EntityResultInitializer) Done materializing entityInstance : com.example.physiokalendar.entity.Absence(a)#807
2026-02-15 16:58:44.636 [http-nio-8080-exec-8] DEBUG org.hibernate.orm.results.loading - Calling top-level assembler (0 / 1) : org.hibernate.sql.results.graph.entity.internal.EntityAssembler@4cda5469
2026-02-15 16:58:44.636 [http-nio-8080-exec-8] DEBUG org.hibernate.orm.results - Extracted JDBC value [0] - [808]
2026-02-15 16:58:44.636 [http-nio-8080-exec-8] DEBUG o.h.orm.results.loading.entity - (EntityResultInitializer) Hydrated EntityKey (com.example.physiokalendar.entity.Absence(a)): 808
2026-02-15 16:58:44.636 [http-nio-8080-exec-8] DEBUG o.h.orm.results.loading.entity - (EntityResultInitializer) Created new entity instance [com.example.physiokalendar.entity.Absence(a)#808] : 1218126287
2026-02-15 16:58:44.636 [http-nio-8080-exec-8] DEBUG org.hibernate.orm.results - Extracted JDBC value [8] - [7]
2026-02-15 16:58:44.636 [http-nio-8080-exec-8] DEBUG org.hibernate.orm.results - Extracted JDBC value [1] - [RECURRING]
2026-02-15 16:58:44.636 [http-nio-8080-exec-8] DEBUG org.hibernate.orm.results - Extracted JDBC value [2] - [2026-02-15T15:11:23]
2026-02-15 16:58:44.637 [http-nio-8080-exec-8] DEBUG org.hibernate.orm.results - Extracted JDBC value [3] - [null]
2026-02-15 16:58:44.637 [http-nio-8080-exec-8] DEBUG org.hibernate.orm.results - Extracted JDBC value [4] - [null]
2026-02-15 16:58:44.637 [http-nio-8080-exec-8] DEBUG org.hibernate.orm.results - Extracted JDBC value [5] - [2026-02-15T14:50]
2026-02-15 16:58:44.637 [http-nio-8080-exec-8] DEBUG org.hibernate.orm.results - Extracted JDBC value [6] - [Regelmäßige Abwesenheit]
2026-02-15 16:58:44.637 [http-nio-8080-exec-8] DEBUG org.hibernate.orm.results - Extracted JDBC value [7] - [2026-02-15T14:20]
2026-02-15 16:58:44.637 [http-nio-8080-exec-8] DEBUG org.hibernate.orm.results - Extracted JDBC value [9] - [THURSDAY]
2026-02-15 16:58:44.637 [http-nio-8080-exec-8] DEBUG o.h.orm.results.loading.entity - (EntityResultInitializer) Done materializing entityInstance : com.example.physiokalendar.entity.Absence(a)#808
2026-02-15 16:58:44.637 [http-nio-8080-exec-8] DEBUG org.hibernate.orm.results.loading - Calling top-level assembler (0 / 1) : org.hibernate.sql.results.graph.entity.internal.EntityAssembler@4cda5469
2026-02-15 16:58:44.637 [http-nio-8080-exec-8] DEBUG org.hibernate.orm.results - Extracted JDBC value [0] - [809]
2026-02-15 16:58:44.637 [http-nio-8080-exec-8] DEBUG o.h.orm.results.loading.entity - (EntityResultInitializer) Hydrated EntityKey (com.example.physiokalendar.entity.Absence(a)): 809
2026-02-15 16:58:44.637 [http-nio-8080-exec-8] DEBUG o.h.orm.results.loading.entity - (EntityResultInitializer) Created new entity instance [com.example.physiokalendar.entity.Absence(a)#809] : 828928667
2026-02-15 16:58:44.637 [http-nio-8080-exec-8] DEBUG org.hibernate.orm.results - Extracted JDBC value [8] - [7]
2026-02-15 16:58:44.637 [http-nio-8080-exec-8] DEBUG org.hibernate.orm.results - Extracted JDBC value [1] - [RECURRING]
2026-02-15 16:58:44.637 [http-nio-8080-exec-8] DEBUG org.hibernate.orm.results - Extracted JDBC value [2] - [2026-02-15T15:11:23]
2026-02-15 16:58:44.637 [http-nio-8080-exec-8] DEBUG org.hibernate.orm.results - Extracted JDBC value [3] - [null]
2026-02-15 16:58:44.637 [http-nio-8080-exec-8] DEBUG org.hibernate.orm.results - Extracted JDBC value [4] - [null]
2026-02-15 16:58:44.637 [http-nio-8080-exec-8] DEBUG org.hibernate.orm.results - Extracted JDBC value [5] - [2026-02-15T19:50]
2026-02-15 16:58:44.637 [http-nio-8080-exec-8] DEBUG org.hibernate.orm.results - Extracted JDBC value [6] - [Regelmäßige Abwesenheit]
2026-02-15 16:58:44.637 [http-nio-8080-exec-8] DEBUG org.hibernate.orm.results - Extracted JDBC value [7] - [2026-02-15T18:00]
2026-02-15 16:58:44.637 [http-nio-8080-exec-8] DEBUG org.hibernate.orm.results - Extracted JDBC value [9] - [THURSDAY]
2026-02-15 16:58:44.637 [http-nio-8080-exec-8] DEBUG o.h.orm.results.loading.entity - (EntityResultInitializer) Done materializing entityInstance : com.example.physiokalendar.entity.Absence(a)#809
2026-02-15 16:58:44.637 [http-nio-8080-exec-8] DEBUG org.hibernate.orm.results.loading - Calling top-level assembler (0 / 1) : org.hibernate.sql.results.graph.entity.internal.EntityAssembler@4cda5469
2026-02-15 16:58:44.637 [http-nio-8080-exec-8] DEBUG org.hibernate.orm.results - Extracted JDBC value [0] - [810]
2026-02-15 16:58:44.637 [http-nio-8080-exec-8] DEBUG o.h.orm.results.loading.entity - (EntityResultInitializer) Hydrated EntityKey (com.example.physiokalendar.entity.Absence(a)): 810
2026-02-15 16:58:44.637 [http-nio-8080-exec-8] DEBUG o.h.orm.results.loading.entity - (EntityResultInitializer) Created new entity instance [com.example.physiokalendar.entity.Absence(a)#810] : 1765444848
2026-02-15 16:58:44.637 [http-nio-8080-exec-8] DEBUG org.hibernate.orm.results - Extracted JDBC value [8] - [7]
2026-02-15 16:58:44.638 [http-nio-8080-exec-8] DEBUG org.hibernate.orm.results - Extracted JDBC value [1] - [RECURRING]
2026-02-15 16:58:44.638 [http-nio-8080-exec-8] DEBUG org.hibernate.orm.results - Extracted JDBC value [2] - [2026-02-15T15:11:23]
2026-02-15 16:58:44.638 [http-nio-8080-exec-8] DEBUG org.hibernate.orm.results - Extracted JDBC value [3] - [null]
2026-02-15 16:58:44.638 [http-nio-8080-exec-8] DEBUG org.hibernate.orm.results - Extracted JDBC value [4] - [null]
2026-02-15 16:58:44.638 [http-nio-8080-exec-8] DEBUG org.hibernate.orm.results - Extracted JDBC value [5] - [2026-02-15T06:50]
2026-02-15 16:58:44.638 [http-nio-8080-exec-8] DEBUG org.hibernate.orm.results - Extracted JDBC value [6] - [Regelmäßige Abwesenheit]
2026-02-15 16:58:44.638 [http-nio-8080-exec-8] DEBUG org.hibernate.orm.results - Extracted JDBC value [7] - [2026-02-15T06:00]
2026-02-15 16:58:44.638 [http-nio-8080-exec-8] DEBUG org.hibernate.orm.results - Extracted JDBC value [9] - [MONDAY]
2026-02-15 16:58:44.638 [http-nio-8080-exec-8] DEBUG o.h.orm.results.loading.entity - (EntityResultInitializer) Done materializing entityInstance : com.example.physiokalendar.entity.Absence(a)#810
2026-02-15 16:58:44.638 [http-nio-8080-exec-8] DEBUG org.hibernate.orm.results.loading - Calling top-level assembler (0 / 1) : org.hibernate.sql.results.graph.entity.internal.EntityAssembler@4cda5469
2026-02-15 16:58:44.638 [http-nio-8080-exec-8] DEBUG org.hibernate.orm.results - Extracted JDBC value [0] - [811]
2026-02-15 16:58:44.638 [http-nio-8080-exec-8] DEBUG o.h.orm.results.loading.entity - (EntityResultInitializer) Hydrated EntityKey (com.example.physiokalendar.entity.Absence(a)): 811
2026-02-15 16:58:44.638 [http-nio-8080-exec-8] DEBUG o.h.orm.results.loading.entity - (EntityResultInitializer) Created new entity instance [com.example.physiokalendar.entity.Absence(a)#811] : 1351120585
2026-02-15 16:58:44.638 [http-nio-8080-exec-8] DEBUG org.hibernate.orm.results - Extracted JDBC value [8] - [7]
2026-02-15 16:58:44.638 [http-nio-8080-exec-8] DEBUG org.hibernate.orm.results - Extracted JDBC value [1] - [RECURRING]
2026-02-15 16:58:44.638 [http-nio-8080-exec-8] DEBUG org.hibernate.orm.results - Extracted JDBC value [2] - [2026-02-15T15:11:23]
2026-02-15 16:58:44.638 [http-nio-8080-exec-8] DEBUG org.hibernate.orm.results - Extracted JDBC value [3] - [null]
2026-02-15 16:58:44.638 [http-nio-8080-exec-8] DEBUG org.hibernate.orm.results - Extracted JDBC value [4] - [null]
2026-02-15 16:58:44.638 [http-nio-8080-exec-8] DEBUG org.hibernate.orm.results - Extracted JDBC value [5] - [2026-02-15T12:30]
2026-02-15 16:58:44.638 [http-nio-8080-exec-8] DEBUG org.hibernate.orm.results - Extracted JDBC value [6] - [Regelmäßige Abwesenheit]
2026-02-15 16:58:44.638 [http-nio-8080-exec-8] DEBUG org.hibernate.orm.results - Extracted JDBC value [7] - [2026-02-15T12:00]
2026-02-15 16:58:44.638 [http-nio-8080-exec-8] DEBUG org.hibernate.orm.results - Extracted JDBC value [9] - [MONDAY]
2026-02-15 16:58:44.638 [http-nio-8080-exec-8] DEBUG o.h.orm.results.loading.entity - (EntityResultInitializer) Done materializing entityInstance : com.example.physiokalendar.entity.Absence(a)#811
2026-02-15 16:58:44.638 [http-nio-8080-exec-8] DEBUG org.hibernate.orm.results.loading - Calling top-level assembler (0 / 1) : org.hibernate.sql.results.graph.entity.internal.EntityAssembler@4cda5469
2026-02-15 16:58:44.638 [http-nio-8080-exec-8] DEBUG org.hibernate.orm.results - Extracted JDBC value [0] - [812]
2026-02-15 16:58:44.638 [http-nio-8080-exec-8] DEBUG o.h.orm.results.loading.entity - (EntityResultInitializer) Hydrated EntityKey (com.example.physiokalendar.entity.Absence(a)): 812
2026-02-15 16:58:44.638 [http-nio-8080-exec-8] DEBUG o.h.orm.results.loading.entity - (EntityResultInitializer) Created new entity instance [com.example.physiokalendar.entity.Absence(a)#812] : 1091346510
2026-02-15 16:58:44.638 [http-nio-8080-exec-8] DEBUG org.hibernate.orm.results - Extracted JDBC value [8] - [7]
2026-02-15 16:58:44.638 [http-nio-8080-exec-8] DEBUG org.hibernate.orm.results - Extracted JDBC value [1] - [RECURRING]
2026-02-15 16:58:44.638 [http-nio-8080-exec-8] DEBUG org.hibernate.orm.results - Extracted JDBC value [2] - [2026-02-15T15:11:23]
2026-02-15 16:58:44.638 [http-nio-8080-exec-8] DEBUG org.hibernate.orm.results - Extracted JDBC value [3] - [null]
2026-02-15 16:58:44.638 [http-nio-8080-exec-8] DEBUG org.hibernate.orm.results - Extracted JDBC value [4] - [null]
2026-02-15 16:58:44.638 [http-nio-8080-exec-8] DEBUG org.hibernate.orm.results - Extracted JDBC value [5] - [2026-02-15T19:50]
2026-02-15 16:58:44.638 [http-nio-8080-exec-8] DEBUG org.hibernate.orm.results - Extracted JDBC value [6] - [Regelmäßige Abwesenheit]
2026-02-15 16:58:44.638 [http-nio-8080-exec-8] DEBUG org.hibernate.orm.results - Extracted JDBC value [7] - [2026-02-15T17:00]
2026-02-15 16:58:44.639 [http-nio-8080-exec-8] DEBUG org.hibernate.orm.results - Extracted JDBC value [9] - [MONDAY]
2026-02-15 16:58:44.639 [http-nio-8080-exec-8] DEBUG o.h.orm.results.loading.entity - (EntityResultInitializer) Done materializing entityInstance : com.example.physiokalendar.entity.Absence(a)#812
2026-02-15 16:58:44.639 [http-nio-8080-exec-8] DEBUG org.hibernate.orm.results.loading - Calling top-level assembler (0 / 1) : org.hibernate.sql.results.graph.entity.internal.EntityAssembler@4cda5469
2026-02-15 16:58:44.639 [http-nio-8080-exec-8] DEBUG org.hibernate.orm.results - Extracted JDBC value [0] - [818]
2026-02-15 16:58:44.639 [http-nio-8080-exec-8] DEBUG o.h.orm.results.loading.entity - (EntityResultInitializer) Hydrated EntityKey (com.example.physiokalendar.entity.Absence(a)): 818
2026-02-15 16:58:44.639 [http-nio-8080-exec-8] DEBUG o.h.orm.results.loading.entity - (EntityResultInitializer) Created new entity instance [com.example.physiokalendar.entity.Absence(a)#818] : 864218718
2026-02-15 16:58:44.639 [http-nio-8080-exec-8] DEBUG org.hibernate.orm.results - Extracted JDBC value [8] - [7]
2026-02-15 16:58:44.639 [http-nio-8080-exec-8] DEBUG org.hibernate.orm.results - Extracted JDBC value [1] - [RECURRING]
2026-02-15 16:58:44.639 [http-nio-8080-exec-8] DEBUG org.hibernate.orm.results - Extracted JDBC value [2] - [2026-02-15T15:11:23]
2026-02-15 16:58:44.639 [http-nio-8080-exec-8] DEBUG org.hibernate.orm.results - Extracted JDBC value [3] - [null]
2026-02-15 16:58:44.639 [http-nio-8080-exec-8] DEBUG org.hibernate.orm.results - Extracted JDBC value [4] - [null]
2026-02-15 16:58:44.639 [http-nio-8080-exec-8] DEBUG org.hibernate.orm.results - Extracted JDBC value [5] - [2026-02-15T07:00]
2026-02-15 16:58:44.639 [http-nio-8080-exec-8] DEBUG org.hibernate.orm.results - Extracted JDBC value [6] - [Regelmäßige Abwesenheit]
2026-02-15 16:58:44.639 [http-nio-8080-exec-8] DEBUG org.hibernate.orm.results - Extracted JDBC value [7] - [2026-02-15T06:00]
2026-02-15 16:58:44.639 [http-nio-8080-exec-8] DEBUG org.hibernate.orm.results - Extracted JDBC value [9] - [WEDNESDAY]
2026-02-15 16:58:44.639 [http-nio-8080-exec-8] DEBUG o.h.orm.results.loading.entity - (EntityResultInitializer) Done materializing entityInstance : com.example.physiokalendar.entity.Absence(a)#818
2026-02-15 16:58:44.639 [http-nio-8080-exec-8] DEBUG org.hibernate.orm.results.loading - Calling top-level assembler (0 / 1) : org.hibernate.sql.results.graph.entity.internal.EntityAssembler@4cda5469
2026-02-15 16:58:44.639 [http-nio-8080-exec-8] DEBUG org.hibernate.orm.results - Extracted JDBC value [0] - [819]
2026-02-15 16:58:44.639 [http-nio-8080-exec-8] DEBUG o.h.orm.results.loading.entity - (EntityResultInitializer) Hydrated EntityKey (com.example.physiokalendar.entity.Absence(a)): 819
2026-02-15 16:58:44.639 [http-nio-8080-exec-8] DEBUG o.h.orm.results.loading.entity - (EntityResultInitializer) Created new entity instance [com.example.physiokalendar.entity.Absence(a)#819] : 249735634
2026-02-15 16:58:44.639 [http-nio-8080-exec-8] DEBUG org.hibernate.orm.results - Extracted JDBC value [8] - [7]
2026-02-15 16:58:44.639 [http-nio-8080-exec-8] DEBUG org.hibernate.orm.results - Extracted JDBC value [1] - [RECURRING]
2026-02-15 16:58:44.639 [http-nio-8080-exec-8] DEBUG org.hibernate.orm.results - Extracted JDBC value [2] - [2026-02-15T15:11:23]
2026-02-15 16:58:44.639 [http-nio-8080-exec-8] DEBUG org.hibernate.orm.results - Extracted JDBC value [3] - [null]
2026-02-15 16:58:44.639 [http-nio-8080-exec-8] DEBUG org.hibernate.orm.results - Extracted JDBC value [4] - [null]
2026-02-15 16:58:44.639 [http-nio-8080-exec-8] DEBUG org.hibernate.orm.results - Extracted JDBC value [5] - [2026-02-15T12:30]
2026-02-15 16:58:44.639 [http-nio-8080-exec-8] DEBUG org.hibernate.orm.results - Extracted JDBC value [6] - [Regelmäßige Abwesenheit]
2026-02-15 16:58:44.639 [http-nio-8080-exec-8] DEBUG org.hibernate.orm.results - Extracted JDBC value [7] - [2026-02-15T12:00]
2026-02-15 16:58:44.639 [http-nio-8080-exec-8] DEBUG org.hibernate.orm.results - Extracted JDBC value [9] - [WEDNESDAY]
2026-02-15 16:58:44.639 [http-nio-8080-exec-8] DEBUG o.h.orm.results.loading.entity - (EntityResultInitializer) Done materializing entityInstance : com.example.physiokalendar.entity.Absence(a)#819
2026-02-15 16:58:44.639 [http-nio-8080-exec-8] DEBUG org.hibernate.orm.results.loading - Calling top-level assembler (0 / 1) : org.hibernate.sql.results.graph.entity.internal.EntityAssembler@4cda5469
2026-02-15 16:58:44.639 [http-nio-8080-exec-8] DEBUG org.hibernate.orm.results - Extracted JDBC value [0] - [820]
2026-02-15 16:58:44.639 [http-nio-8080-exec-8] DEBUG o.h.orm.results.loading.entity - (EntityResultInitializer) Hydrated EntityKey (com.example.physiokalendar.entity.Absence(a)): 820
2026-02-15 16:58:44.639 [http-nio-8080-exec-8] DEBUG o.h.orm.results.loading.entity - (EntityResultInitializer) Created new entity instance [com.example.physiokalendar.entity.Absence(a)#820] : 491763961
2026-02-15 16:58:44.639 [http-nio-8080-exec-8] DEBUG org.hibernate.orm.results - Extracted JDBC value [8] - [7]
2026-02-15 16:58:44.639 [http-nio-8080-exec-8] DEBUG org.hibernate.orm.results - Extracted JDBC value [1] - [RECURRING]
2026-02-15 16:58:44.640 [http-nio-8080-exec-8] DEBUG org.hibernate.orm.results - Extracted JDBC value [2] - [2026-02-15T15:11:23]
2026-02-15 16:58:44.640 [http-nio-8080-exec-8] DEBUG org.hibernate.orm.results - Extracted JDBC value [3] - [null]
2026-02-15 16:58:44.640 [http-nio-8080-exec-8] DEBUG org.hibernate.orm.results - Extracted JDBC value [4] - [null]
2026-02-15 16:58:44.641 [http-nio-8080-exec-8] DEBUG org.hibernate.orm.results - Extracted JDBC value [5] - [2026-02-15T19:50]
2026-02-15 16:58:44.641 [http-nio-8080-exec-8] DEBUG org.hibernate.orm.results - Extracted JDBC value [6] - [Regelmäßige Abwesenheit]
2026-02-15 16:58:44.641 [http-nio-8080-exec-8] DEBUG org.hibernate.orm.results - Extracted JDBC value [7] - [2026-02-15T15:30]
2026-02-15 16:58:44.641 [http-nio-8080-exec-8] DEBUG org.hibernate.orm.results - Extracted JDBC value [9] - [WEDNESDAY]
2026-02-15 16:58:44.641 [http-nio-8080-exec-8] DEBUG o.h.orm.results.loading.entity - (EntityResultInitializer) Done materializing entityInstance : com.example.physiokalendar.entity.Absence(a)#820
2026-02-15 16:58:44.641 [http-nio-8080-exec-8] DEBUG org.hibernate.orm.results.loading - Calling top-level assembler (0 / 1) : org.hibernate.sql.results.graph.entity.internal.EntityAssembler@4cda5469
2026-02-15 16:58:44.642 [http-nio-8080-exec-8] DEBUG o.h.e.t.internal.TransactionImpl - committing
2026-02-15 16:58:44.642 [http-nio-8080-exec-8] DEBUG o.h.e.i.AbstractFlushingEventListener - Processing flush-time cascades
2026-02-15 16:58:44.643 [http-nio-8080-exec-8] DEBUG o.h.e.i.AbstractFlushingEventListener - Dirty checking collections
2026-02-15 16:58:44.643 [http-nio-8080-exec-8] DEBUG o.h.engine.internal.Collections - Collection found: [com.example.physiokalendar.entity.AppointmentSeries.cancellations#4333], was: [com.example.physiokalendar.entity.AppointmentSeries.cancellations#4333] (initialized)
2026-02-15 16:58:44.643 [http-nio-8080-exec-8] DEBUG o.h.engine.internal.Collections - Collection found: [com.example.physiokalendar.entity.AppointmentSeries.cancellations#4360], was: [com.example.physiokalendar.entity.AppointmentSeries.cancellations#4360] (initialized)
2026-02-15 16:58:44.643 [http-nio-8080-exec-8] DEBUG o.h.engine.internal.Collections - Collection found: [com.example.physiokalendar.entity.AppointmentSeries.cancellations#4369], was: [com.example.physiokalendar.entity.AppointmentSeries.cancellations#4369] (uninitialized)
2026-02-15 16:58:44.643 [http-nio-8080-exec-8] DEBUG o.h.engine.internal.Collections - Collection found: [com.example.physiokalendar.entity.AppointmentSeries.cancellations#4371], was: [com.example.physiokalendar.entity.AppointmentSeries.cancellations#4371] (uninitialized)
2026-02-15 16:58:44.643 [http-nio-8080-exec-8] DEBUG o.h.engine.internal.Collections - Collection found: [com.example.physiokalendar.entity.AppointmentSeries.cancellations#4378], was: [com.example.physiokalendar.entity.AppointmentSeries.cancellations#4378] (uninitialized)
2026-02-15 16:58:44.643 [http-nio-8080-exec-8] DEBUG o.h.engine.internal.Collections - Collection found: [com.example.physiokalendar.entity.AppointmentSeries.cancellations#4386], was: [com.example.physiokalendar.entity.AppointmentSeries.cancellations#4386] (uninitialized)
2026-02-15 16:58:44.643 [http-nio-8080-exec-8] DEBUG o.h.engine.internal.Collections - Collection found: [com.example.physiokalendar.entity.AppointmentSeries.cancellations#4387], was: [com.example.physiokalendar.entity.AppointmentSeries.cancellations#4387] (uninitialized)
2026-02-15 16:58:44.643 [http-nio-8080-exec-8] DEBUG o.h.engine.internal.Collections - Collection found: [com.example.physiokalendar.entity.AppointmentSeries.cancellations#4396], was: [com.example.physiokalendar.entity.AppointmentSeries.cancellations#4396] (uninitialized)
2026-02-15 16:58:44.643 [http-nio-8080-exec-8] DEBUG o.h.engine.internal.Collections - Collection found: [com.example.physiokalendar.entity.AppointmentSeries.cancellations#4403], was: [com.example.physiokalendar.entity.AppointmentSeries.cancellations#4403] (uninitialized)
2026-02-15 16:58:44.643 [http-nio-8080-exec-8] DEBUG o.h.e.i.AbstractFlushingEventListener - Flushed: 0 insertions, 0 updates, 0 deletions to 57 objects
2026-02-15 16:58:44.643 [http-nio-8080-exec-8] DEBUG o.h.e.i.AbstractFlushingEventListener - Flushed: 0 (re)creations, 0 updates, 0 removals to 9 collections
2026-02-15 16:58:44.643 [http-nio-8080-exec-8] DEBUG o.h.internal.util.EntityPrinter - Listing entities:
2026-02-15 16:58:44.643 [http-nio-8080-exec-8] DEBUG o.h.internal.util.EntityPrinter - com.example.physiokalendar.entity.Absence{date=null, createdAt=2026-02-15T15:07:28, reason=Regelmäßige Abwesenheit, endDate=null, weekday=MONDAY, absenceType=RECURRING, startTime=2026-02-15T06:00, id=74, endTime=2026-02-15T06:50, therapist=com.example.physiokalendar.entity.Therapist#7}
2026-02-15 16:58:44.643 [http-nio-8080-exec-8] DEBUG o.h.internal.util.EntityPrinter - com.example.physiokalendar.entity.Absence{date=null, createdAt=2026-02-15T15:07:28, reason=Regelmäßige Abwesenheit, endDate=null, weekday=MONDAY, absenceType=RECURRING, startTime=2026-02-15T12:00, id=75, endTime=2026-02-15T12:30, therapist=com.example.physiokalendar.entity.Therapist#7}
2026-02-15 16:58:44.643 [http-nio-8080-exec-8] DEBUG o.h.internal.util.EntityPrinter - com.example.physiokalendar.entity.Absence{date=null, createdAt=2026-02-15T15:07:28, reason=Regelmäßige Abwesenheit, endDate=null, weekday=MONDAY, absenceType=RECURRING, startTime=2026-02-15T17:00, id=76, endTime=2026-02-15T19:50, therapist=com.example.physiokalendar.entity.Therapist#7}
2026-02-15 16:58:44.643 [http-nio-8080-exec-8] DEBUG o.h.internal.util.EntityPrinter - com.example.physiokalendar.entity.Absence{date=null, createdAt=2026-02-15T15:07:27, reason=Regelmäßige Abwesenheit, endDate=null, weekday=TUESDAY, absenceType=RECURRING, startTime=2026-02-15T15:30, id=70, endTime=2026-02-15T19:50, therapist=com.example.physiokalendar.entity.Therapist#7}
2026-02-15 16:58:44.643 [http-nio-8080-exec-8] DEBUG o.h.internal.util.EntityPrinter - com.example.physiokalendar.entity.Absence{date=null, createdAt=2026-02-15T15:07:27, reason=Regelmäßige Abwesenheit, endDate=null, weekday=THURSDAY, absenceType=RECURRING, startTime=2026-02-15T06:00, id=71, endTime=2026-02-15T09:10, therapist=com.example.physiokalendar.entity.Therapist#7}
2026-02-15 16:58:44.643 [http-nio-8080-exec-8] DEBUG o.h.internal.util.EntityPrinter - com.example.physiokalendar.entity.Absence{date=null, createdAt=2026-02-15T15:07:27, reason=Regelmäßige Abwesenheit, endDate=null, weekday=THURSDAY, absenceType=RECURRING, startTime=2026-02-15T14:20, id=72, endTime=2026-02-15T14:50, therapist=com.example.physiokalendar.entity.Therapist#7}
2026-02-15 16:58:44.643 [http-nio-8080-exec-8] DEBUG o.h.internal.util.EntityPrinter - com.example.physiokalendar.entity.Absence{date=null, createdAt=2026-02-15T15:07:28, reason=Regelmäßige Abwesenheit, endDate=null, weekday=THURSDAY, absenceType=RECURRING, startTime=2026-02-15T18:00, id=73, endTime=2026-02-15T19:50, therapist=com.example.physiokalendar.entity.Therapist#7}
2026-02-15 16:58:44.643 [http-nio-8080-exec-8] DEBUG o.h.internal.util.EntityPrinter - com.example.physiokalendar.entity.Absence{date=null, createdAt=2026-02-15T15:07:27, reason=Regelmäßige Abwesenheit, endDate=null, weekday=FRIDAY, absenceType=RECURRING, startTime=2026-02-15T06:00, id=66, endTime=2026-02-15T07:00, therapist=com.example.physiokalendar.entity.Therapist#7}
2026-02-15 16:58:44.643 [http-nio-8080-exec-8] DEBUG o.h.internal.util.EntityPrinter - com.example.physiokalendar.entity.Absence{date=null, createdAt=2026-02-15T15:07:55, reason=Regelmäßige Abwesenheit, endDate=null, weekday=WEDNESDAY, absenceType=RECURRING, startTime=2026-02-15T06:00, id=450, endTime=2026-02-15T07:00, therapist=com.example.physiokalendar.entity.Therapist#7}
2026-02-15 16:58:44.643 [http-nio-8080-exec-8] DEBUG o.h.internal.util.EntityPrinter - com.example.physiokalendar.entity.Absence{date=null, createdAt=2026-02-15T15:07:27, reason=Regelmäßige Abwesenheit, endDate=null, weekday=FRIDAY, absenceType=RECURRING, startTime=2026-02-15T13:00, id=67, endTime=2026-02-15T19:50, therapist=com.example.physiokalendar.entity.Therapist#7}
2026-02-15 16:58:44.644 [http-nio-8080-exec-8] DEBUG o.h.internal.util.EntityPrinter - com.example.physiokalendar.entity.Absence{date=null, createdAt=2026-02-15T15:07:55, reason=Regelmäßige Abwesenheit, endDate=null, weekday=WEDNESDAY, absenceType=RECURRING, startTime=2026-02-15T12:00, id=451, endTime=2026-02-15T12:30, therapist=com.example.physiokalendar.entity.Therapist#7}
2026-02-15 16:58:44.644 [http-nio-8080-exec-8] DEBUG o.h.internal.util.EntityPrinter - com.example.physiokalendar.entity.Absence{date=null, createdAt=2026-02-15T15:07:27, reason=Regelmäßige Abwesenheit, endDate=null, weekday=TUESDAY, absenceType=RECURRING, startTime=2026-02-15T06:00, id=68, endTime=2026-02-15T07:00, therapist=com.example.physiokalendar.entity.Therapist#7}
2026-02-15 16:58:44.644 [http-nio-8080-exec-8] DEBUG o.h.internal.util.EntityPrinter - com.example.physiokalendar.entity.Absence{date=null, createdAt=2026-02-15T15:07:55, reason=Regelmäßige Abwesenheit, endDate=null, weekday=WEDNESDAY, absenceType=RECURRING, startTime=2026-02-15T15:30, id=452, endTime=2026-02-15T19:50, therapist=com.example.physiokalendar.entity.Therapist#7}
2026-02-15 16:58:44.644 [http-nio-8080-exec-8] DEBUG o.h.internal.util.EntityPrinter - com.example.physiokalendar.entity.Absence{date=null, createdAt=2026-02-15T15:07:27, reason=Regelmäßige Abwesenheit, endDate=null, weekday=TUESDAY, absenceType=RECURRING, startTime=2026-02-15T12:00, id=69, endTime=2026-02-15T12:30, therapist=com.example.physiokalendar.entity.Therapist#7}
2026-02-15 16:58:44.644 [http-nio-8080-exec-8] DEBUG o.h.internal.util.EntityPrinter - com.example.physiokalendar.entity.Therapist{createdAt=2026-02-14T18:21:32, firstName=Torben, lastName=Meyer, activeSince=null, telefon=, fullName=Torben Meyer, id=7, isActive=true, activeUntil=null, email=, updatedAt=2026-02-15T02:57:59.579203}
2026-02-15 16:58:44.644 [http-nio-8080-exec-8] DEBUG o.h.internal.util.EntityPrinter - com.example.physiokalendar.entity.Absence{date=null, createdAt=2026-02-15T15:07:55, reason=Regelmäßige Abwesenheit, endDate=null, weekday=MONDAY, absenceType=RECURRING, startTime=2026-02-15T06:00, id=442, endTime=2026-02-15T06:50, therapist=com.example.physiokalendar.entity.Therapist#7}
2026-02-15 16:58:44.644 [http-nio-8080-exec-8] DEBUG o.h.internal.util.EntityPrinter - com.example.physiokalendar.entity.Absence{date=null, createdAt=2026-02-15T15:07:55, reason=Regelmäßige Abwesenheit, endDate=null, weekday=MONDAY, absenceType=RECURRING, startTime=2026-02-15T12:00, id=443, endTime=2026-02-15T12:30, therapist=com.example.physiokalendar.entity.Therapist#7}
2026-02-15 16:58:44.644 [http-nio-8080-exec-8] DEBUG o.h.internal.util.EntityPrinter - com.example.physiokalendar.entity.Absence{date=null, createdAt=2026-02-15T15:07:55, reason=Regelmäßige Abwesenheit, endDate=null, weekday=MONDAY, absenceType=RECURRING, startTime=2026-02-15T17:00, id=444, endTime=2026-02-15T19:50, therapist=com.example.physiokalendar.entity.Therapist#7}
2026-02-15 16:58:44.644 [http-nio-8080-exec-8] DEBUG o.h.internal.util.EntityPrinter - com.example.physiokalendar.entity.Absence{date=null, createdAt=2026-02-15T15:07:55, reason=Regelmäßige Abwesenheit, endDate=null, weekday=TUESDAY, absenceType=RECURRING, startTime=2026-02-15T15:30, id=438, endTime=2026-02-15T19:50, therapist=com.example.physiokalendar.entity.Therapist#7}
2026-02-15 16:58:44.644 [http-nio-8080-exec-8] DEBUG o.h.internal.util.EntityPrinter - com.example.physiokalendar.entity.Absence{date=null, createdAt=2026-02-15T15:07:55, reason=Regelmäßige Abwesenheit, endDate=null, weekday=THURSDAY, absenceType=RECURRING, startTime=2026-02-15T06:00, id=439, endTime=2026-02-15T09:10, therapist=com.example.physiokalendar.entity.Therapist#7}
2026-02-15 16:58:44.644 [http-nio-8080-exec-8] DEBUG o.h.internal.util.EntityPrinter - com.example.physiokalendar.entity.Absence{date=null, createdAt=2026-02-15T15:07:55, reason=Regelmäßige Abwesenheit, endDate=null, weekday=THURSDAY, absenceType=RECURRING, startTime=2026-02-15T14:20, id=440, endTime=2026-02-15T14:50, therapist=com.example.physiokalendar.entity.Therapist#7}
2026-02-15 16:58:44.644 [http-nio-8080-exec-8] DEBUG o.h.internal.util.EntityPrinter - More......
2026-02-15 16:58:44.648 [http-nio-8080-exec-8] DEBUG o.s.w.s.m.m.a.HttpEntityMethodProcessor - Using 'application/json', given [application/json, text/plain, */*] and supported [application/json, application/*+json]
2026-02-15 16:58:44.648 [http-nio-8080-exec-8] DEBUG o.s.w.s.m.m.a.HttpEntityMethodProcessor - Writing [ConflictCheckDTO(hasConflict=true, conflicts=[ConflictCheckDTO.ConflictDTO(type=APPOINTMENT, id=1567 (truncated)...]
2026-02-15 16:58:44.649 [http-nio-8080-exec-8] DEBUG o.s.web.servlet.DispatcherServlet - Completed 409 CONFLICT
2026-02-15 16:58:44.649 [http-nio-8080-exec-8] DEBUG o.s.s.w.a.AnonymousAuthenticationFilter - Set SecurityContextHolder to anonymous SecurityContext
2026-02-15 16:59:05.070 [HikariPool-8 housekeeper] DEBUG com.zaxxer.hikari.pool.HikariPool - HikariPool-8 - Pool stats (total=10, active=0, idle=10, waiting=0)
2026-02-15 16:59:05.070 [HikariPool-8 housekeeper] DEBUG com.zaxxer.hikari.pool.HikariPool - HikariPool-8 - Fill pool skipped, pool has sufficient level or currently being filled.
2026-02-15 16:59:35.071 [HikariPool-8 housekeeper] DEBUG com.zaxxer.hikari.pool.HikariPool - HikariPool-8 - Pool stats (total=10, active=0, idle=10, waiting=0)
2026-02-15 16:59:35.071 [HikariPool-8 housekeeper] DEBUG com.zaxxer.hikari.pool.HikariPool - HikariPool-8 - Fill pool skipped, pool has sufficient level or currently being filled.
2026-02-15 17:00:05.073 [HikariPool-8 housekeeper] DEBUG com.zaxxer.hikari.pool.HikariPool - HikariPool-8 - Pool stats (total=10, active=0, idle=10, waiting=0)
2026-02-15 17:00:05.073 [HikariPool-8 housekeeper] DEBUG com.zaxxer.hikari.pool.HikariPool - HikariPool-8 - Fill pool skipped, pool has sufficient level or currently being filled.
2026-02-15 17:00:35.075 [HikariPool-8 housekeeper] DEBUG com.zaxxer.hikari.pool.HikariPool - HikariPool-8 - Pool stats (total=10, active=0, idle=10, waiting=0)
2026-02-15 17:00:35.075 [HikariPool-8 housekeeper] DEBUG com.zaxxer.hikari.pool.HikariPool - HikariPool-8 - Fill pool skipped, pool has sufficient level or currently being filled.
2026-02-15 17:01:05.075 [HikariPool-8 housekeeper] DEBUG com.zaxxer.hikari.pool.HikariPool - HikariPool-8 - Pool stats (total=10, active=0, idle=10, waiting=0)
2026-02-15 17:01:05.075 [HikariPool-8 housekeeper] DEBUG com.zaxxer.hikari.pool.HikariPool - HikariPool-8 - Fill pool skipped, pool has sufficient level or currently being filled.
2026-02-15 17:01:35.077 [HikariPool-8 housekeeper] DEBUG com.zaxxer.hikari.pool.HikariPool - HikariPool-8 - Pool stats (total=10, active=0, idle=10, waiting=0)
2026-02-15 17:01:35.077 [HikariPool-8 housekeeper] DEBUG com.zaxxer.hikari.pool.HikariPool - HikariPool-8 - Fill pool skipped, pool has sufficient level or currently being filled.
2026-02-15 17:02:05.078 [HikariPool-8 housekeeper] DEBUG com.zaxxer.hikari.pool.HikariPool - HikariPool-8 - Pool stats (total=10, active=0, idle=10, waiting=0)
2026-02-15 17:02:05.078 [HikariPool-8 housekeeper] DEBUG com.zaxxer.hikari.pool.HikariPool - HikariPool-8 - Fill pool skipped, pool has sufficient level or currently being filled.
