2026-02-18 02:50:23.824 [http-nio-8080-exec-7] ERROR o.h.e.jdbc.spi.SqlExceptionHelper - HikariPool-6 - Connection is not available, request timed out after 30002ms (total=0, active=0, idle=0, waiting=0)
2026-02-18 02:50:23.832 [http-nio-8080-exec-7] ERROR o.h.e.jdbc.spi.SqlExceptionHelper - Access denied for user 'physiouser'@'%' to database 'physiocalendar'
2026-02-18 02:50:23.855 [http-nio-8080-exec-7] ERROR o.a.c.c.C.[.[.[.[dispatcherServlet] - Servlet.service() for servlet [dispatcherServlet] in context with path [] threw exception [Request processing failed: org.springframework.dao.DataAccessResourceFailureException: Unable to acquire JDBC Connection [HikariPool-6 - Connection is not available, request timed out after 30002ms (total=0, active=0, idle=0, waiting=0)] [n/a]] with root cause
java.sql.SQLSyntaxErrorException: Access denied for user 'physiouser'@'%' to database 'physiocalendar'
	at com.mysql.cj.jdbc.exceptions.SQLError.createSQLException(SQLError.java:121)
	at com.mysql.cj.jdbc.exceptions.SQLExceptionsMapping.translateException(SQLExceptionsMapping.java:122)
	at com.mysql.cj.jdbc.ConnectionImpl.createNewIO(ConnectionImpl.java:815)
	at com.mysql.cj.jdbc.ConnectionImpl.<init>(ConnectionImpl.java:438)
	at com.mysql.cj.jdbc.ConnectionImpl.getInstance(ConnectionImpl.java:241)
	at com.mysql.cj.jdbc.NonRegisteringDriver.connect(NonRegisteringDriver.java:189)
	at com.zaxxer.hikari.util.DriverDataSource.getConnection(DriverDataSource.java:137)
	at com.zaxxer.hikari.pool.PoolBase.newConnection(PoolBase.java:360)
	at com.zaxxer.hikari.pool.PoolBase.newPoolEntry(PoolBase.java:202)
	at com.zaxxer.hikari.pool.HikariPool.createPoolEntry(HikariPool.java:461)
	at com.zaxxer.hikari.pool.HikariPool$PoolEntryCreator.call(HikariPool.java:724)
	at com.zaxxer.hikari.pool.HikariPool$PoolEntryCreator.call(HikariPool.java:703)
	at java.base/java.util.concurrent.FutureTask.run(FutureTask.java:264)
	at java.base/java.util.concurrent.ThreadPoolExecutor.runWorker(ThreadPoolExecutor.java:1136)
	at java.base/java.util.concurrent.ThreadPoolExecutor$Worker.run(ThreadPoolExecutor.java:635)
	at java.base/java.lang.Thread.run(Thread.java:833)
2026-02-18 02:55:10.664 [restartedMain] ERROR o.s.b.d.LoggingFailureAnalysisReporter - 

***************************
APPLICATION FAILED TO START
***************************

Description:

Web server failed to start. Port 8080 was already in use.

Action:

Identify and stop the process that's listening on port 8080 or configure this application to listen on another port.

2026-02-18 02:55:51.966 [restartedMain] ERROR o.s.b.d.LoggingFailureAnalysisReporter - 

***************************
APPLICATION FAILED TO START
***************************

Description:

Web server failed to start. Port 8080 was already in use.

Action:

Identify and stop the process that's listening on port 8080 or configure this application to listen on another port.

2026-02-18 02:55:58.670 [restartedMain] ERROR o.h.e.jdbc.spi.SqlExceptionHelper - Access denied for user 'physiouser'@'%' to database 'physiocalendar'
2026-02-18 02:55:59.787 [restartedMain] ERROR o.h.e.jdbc.spi.SqlExceptionHelper - Access denied for user 'physiouser'@'%' to database 'physiocalendar'
2026-02-18 02:55:59.787 [restartedMain] ERROR o.s.o.j.LocalContainerEntityManagerFactoryBean - Failed to initialize JPA EntityManagerFactory: [PersistenceUnit: default] Unable to build Hibernate SessionFactory; nested exception is org.hibernate.exception.SQLGrammarException: Unable to open JDBC Connection for DDL execution [Access denied for user 'physiouser'@'%' to database 'physiocalendar'] [n/a]
2026-02-18 02:55:59.817 [restartedMain] ERROR o.s.boot.SpringApplication - Application run failed
org.springframework.beans.factory.BeanCreationException: Error creating bean with name 'entityManagerFactory' defined in class path resource [org/springframework/boot/autoconfigure/orm/jpa/HibernateJpaConfiguration.class]: [PersistenceUnit: default] Unable to build Hibernate SessionFactory; nested exception is org.hibernate.exception.SQLGrammarException: Unable to open JDBC Connection for DDL execution [Access denied for user 'physiouser'@'%' to database 'physiocalendar'] [n/a]
	at org.springframework.beans.factory.support.AbstractAutowireCapableBeanFactory.initializeBean(AbstractAutowireCapableBeanFactory.java:1806)
	at org.springframework.beans.factory.support.AbstractAutowireCapableBeanFactory.doCreateBean(AbstractAutowireCapableBeanFactory.java:600)
	at org.springframework.beans.factory.support.AbstractAutowireCapableBeanFactory.createBean(AbstractAutowireCapableBeanFactory.java:522)
	at org.springframework.beans.factory.support.AbstractBeanFactory.lambda$doGetBean$0(AbstractBeanFactory.java:337)
	at org.springframework.beans.factory.support.DefaultSingletonBeanRegistry.getSingleton(DefaultSingletonBeanRegistry.java:234)
	at org.springframework.beans.factory.support.AbstractBeanFactory.doGetBean(AbstractBeanFactory.java:335)
	at org.springframework.beans.factory.support.AbstractBeanFactory.getBean(AbstractBeanFactory.java:205)
	at org.springframework.context.support.AbstractApplicationContext.finishBeanFactoryInitialization(AbstractApplicationContext.java:954)
	at org.springframework.context.support.AbstractApplicationContext.refresh(AbstractApplicationContext.java:625)
	at org.springframework.boot.web.servlet.context.ServletWebServerApplicationContext.refresh(ServletWebServerApplicationContext.java:146)
	at org.springframework.boot.SpringApplication.refresh(SpringApplication.java:754)
	at org.springframework.boot.SpringApplication.refreshContext(SpringApplication.java:456)
	at org.springframework.boot.SpringApplication.run(SpringApplication.java:335)
	at org.springframework.boot.SpringApplication.run(SpringApplication.java:1363)
	at org.springframework.boot.SpringApplication.run(SpringApplication.java:1352)
	at com.example.physiokalendar.PhysiokalendarApplication.main(PhysiokalendarApplication.java:12)
	at java.base/jdk.internal.reflect.NativeMethodAccessorImpl.invoke0(Native Method)
	at java.base/jdk.internal.reflect.NativeMethodAccessorImpl.invoke(NativeMethodAccessorImpl.java:77)
	at java.base/jdk.internal.reflect.DelegatingMethodAccessorImpl.invoke(DelegatingMethodAccessorImpl.java:43)
	at java.base/java.lang.reflect.Method.invoke(Method.java:568)
	at org.springframework.boot.devtools.restart.RestartLauncher.run(RestartLauncher.java:50)
Caused by: jakarta.persistence.PersistenceException: [PersistenceUnit: default] Unable to build Hibernate SessionFactory; nested exception is org.hibernate.exception.SQLGrammarException: Unable to open JDBC Connection for DDL execution [Access denied for user 'physiouser'@'%' to database 'physiocalendar'] [n/a]
	at org.springframework.orm.jpa.AbstractEntityManagerFactoryBean.buildNativeEntityManagerFactory(AbstractEntityManagerFactoryBean.java:421)
	at org.springframework.orm.jpa.AbstractEntityManagerFactoryBean.afterPropertiesSet(AbstractEntityManagerFactoryBean.java:396)
	at org.springframework.orm.jpa.LocalContainerEntityManagerFactoryBean.afterPropertiesSet(LocalContainerEntityManagerFactoryBean.java:366)
	at org.springframework.beans.factory.support.AbstractAutowireCapableBeanFactory.invokeInitMethods(AbstractAutowireCapableBeanFactory.java:1853)
	at org.springframework.beans.factory.support.AbstractAutowireCapableBeanFactory.initializeBean(AbstractAutowireCapableBeanFactory.java:1802)
	... 20 common frames omitted
Caused by: org.hibernate.exception.SQLGrammarException: Unable to open JDBC Connection for DDL execution [Access denied for user 'physiouser'@'%' to database 'physiocalendar'] [n/a]
	at org.hibernate.exception.internal.SQLExceptionTypeDelegate.convert(SQLExceptionTypeDelegate.java:66)
	at org.hibernate.exception.internal.StandardSQLExceptionConverter.convert(StandardSQLExceptionConverter.java:58)
	at org.hibernate.engine.jdbc.spi.SqlExceptionHelper.convert(SqlExceptionHelper.java:108)
	at org.hibernate.engine.jdbc.spi.SqlExceptionHelper.convert(SqlExceptionHelper.java:94)
	at org.hibernate.resource.transaction.backend.jdbc.internal.DdlTransactionIsolatorNonJtaImpl.getIsolatedConnection(DdlTransactionIsolatorNonJtaImpl.java:74)
	at org.hibernate.resource.transaction.backend.jdbc.internal.DdlTransactionIsolatorNonJtaImpl.getIsolatedConnection(DdlTransactionIsolatorNonJtaImpl.java:39)
	at org.hibernate.tool.schema.internal.exec.ImprovedExtractionContextImpl.getJdbcConnection(ImprovedExtractionContextImpl.java:63)
	at org.hibernate.tool.schema.internal.exec.ImprovedExtractionContextImpl.getJdbcDatabaseMetaData(ImprovedExtractionContextImpl.java:70)
	at org.hibernate.tool.schema.extract.internal.InformationExtractorJdbcDatabaseMetaDataImpl.processTableResultSet(InformationExtractorJdbcDatabaseMetaDataImpl.java:65)
	at org.hibernate.tool.schema.extract.internal.AbstractInformationExtractorImpl.getTables(AbstractInformationExtractorImpl.java:570)
	at org.hibernate.tool.schema.extract.internal.DatabaseInformationImpl.getTablesInformation(DatabaseInformationImpl.java:122)
	at org.hibernate.tool.schema.internal.GroupedSchemaMigratorImpl.performTablesMigration(GroupedSchemaMigratorImpl.java:72)
	at org.hibernate.tool.schema.internal.AbstractSchemaMigrator.performMigration(AbstractSchemaMigrator.java:240)
	at org.hibernate.tool.schema.internal.AbstractSchemaMigrator.doMigration(AbstractSchemaMigrator.java:119)
	at org.hibernate.tool.schema.spi.SchemaManagementToolCoordinator.performDatabaseAction(SchemaManagementToolCoordinator.java:280)
	at org.hibernate.tool.schema.spi.SchemaManagementToolCoordinator.lambda$process$5(SchemaManagementToolCoordinator.java:144)
	at java.base/java.util.HashMap.forEach(HashMap.java:1421)
	at org.hibernate.tool.schema.spi.SchemaManagementToolCoordinator.process(SchemaManagementToolCoordinator.java:141)
	at org.hibernate.boot.internal.SessionFactoryObserverForSchemaExport.sessionFactoryCreated(SessionFactoryObserverForSchemaExport.java:37)
	at org.hibernate.internal.SessionFactoryObserverChain.sessionFactoryCreated(SessionFactoryObserverChain.java:35)
	at org.hibernate.internal.SessionFactoryImpl.<init>(SessionFactoryImpl.java:322)
	at org.hibernate.boot.internal.SessionFactoryBuilderImpl.build(SessionFactoryBuilderImpl.java:457)
	at org.hibernate.jpa.boot.internal.EntityManagerFactoryBuilderImpl.build(EntityManagerFactoryBuilderImpl.java:1506)
	at org.springframework.orm.jpa.vendor.SpringHibernateJpaPersistenceProvider.createContainerEntityManagerFactory(SpringHibernateJpaPersistenceProvider.java:75)
	at org.springframework.orm.jpa.LocalContainerEntityManagerFactoryBean.createNativeEntityManagerFactory(LocalContainerEntityManagerFactoryBean.java:390)
	at org.springframework.orm.jpa.AbstractEntityManagerFactoryBean.buildNativeEntityManagerFactory(AbstractEntityManagerFactoryBean.java:409)
	... 24 common frames omitted
Caused by: java.sql.SQLSyntaxErrorException: Access denied for user 'physiouser'@'%' to database 'physiocalendar'
	at com.mysql.cj.jdbc.exceptions.SQLError.createSQLException(SQLError.java:121)
	at com.mysql.cj.jdbc.exceptions.SQLExceptionsMapping.translateException(SQLExceptionsMapping.java:122)
	at com.mysql.cj.jdbc.ConnectionImpl.createNewIO(ConnectionImpl.java:815)
	at com.mysql.cj.jdbc.ConnectionImpl.<init>(ConnectionImpl.java:438)
	at com.mysql.cj.jdbc.ConnectionImpl.getInstance(ConnectionImpl.java:241)
	at com.mysql.cj.jdbc.NonRegisteringDriver.connect(NonRegisteringDriver.java:189)
	at com.zaxxer.hikari.util.DriverDataSource.getConnection(DriverDataSource.java:137)
	at com.zaxxer.hikari.pool.PoolBase.newConnection(PoolBase.java:360)
	at com.zaxxer.hikari.pool.PoolBase.newPoolEntry(PoolBase.java:202)
	at com.zaxxer.hikari.pool.HikariPool.createPoolEntry(HikariPool.java:461)
	at com.zaxxer.hikari.pool.HikariPool.checkFailFast(HikariPool.java:550)
	at com.zaxxer.hikari.pool.HikariPool.<init>(HikariPool.java:98)
	at com.zaxxer.hikari.HikariDataSource.getConnection(HikariDataSource.java:111)
	at org.hibernate.engine.jdbc.connections.internal.DatasourceConnectionProviderImpl.getConnection(DatasourceConnectionProviderImpl.java:122)
	at org.hibernate.engine.jdbc.env.internal.JdbcEnvironmentInitiator$ConnectionProviderJdbcConnectionAccess.obtainConnection(JdbcEnvironmentInitiator.java:439)
	at org.hibernate.resource.transaction.backend.jdbc.internal.DdlTransactionIsolatorNonJtaImpl.getIsolatedConnection(DdlTransactionIsolatorNonJtaImpl.java:46)
	... 45 common frames omitted
2026-02-18 02:56:48.699 [restartedMain] ERROR o.h.e.jdbc.spi.SqlExceptionHelper - Access denied for user 'physiouser'@'%' to database 'physiocalendar'
2026-02-18 02:56:53.713 [restartedMain] ERROR o.h.e.jdbc.spi.SqlExceptionHelper - Access denied for user 'physiouser'@'%' to database 'physiocalendar'
2026-02-18 02:56:54.783 [restartedMain] ERROR o.h.e.jdbc.spi.SqlExceptionHelper - Access denied for user 'physiouser'@'%' to database 'physiocalendar'
2026-02-18 02:56:54.783 [restartedMain] ERROR o.s.o.j.LocalContainerEntityManagerFactoryBean - Failed to initialize JPA EntityManagerFactory: [PersistenceUnit: default] Unable to build Hibernate SessionFactory; nested exception is org.hibernate.exception.SQLGrammarException: Unable to open JDBC Connection for DDL execution [Access denied for user 'physiouser'@'%' to database 'physiocalendar'] [n/a]
2026-02-18 02:56:54.789 [restartedMain] ERROR o.s.boot.SpringApplication - Application run failed
org.springframework.beans.factory.BeanCreationException: Error creating bean with name 'entityManagerFactory' defined in class path resource [org/springframework/boot/autoconfigure/orm/jpa/HibernateJpaConfiguration.class]: [PersistenceUnit: default] Unable to build Hibernate SessionFactory; nested exception is org.hibernate.exception.SQLGrammarException: Unable to open JDBC Connection for DDL execution [Access denied for user 'physiouser'@'%' to database 'physiocalendar'] [n/a]
	at org.springframework.beans.factory.support.AbstractAutowireCapableBeanFactory.initializeBean(AbstractAutowireCapableBeanFactory.java:1806)
	at org.springframework.beans.factory.support.AbstractAutowireCapableBeanFactory.doCreateBean(AbstractAutowireCapableBeanFactory.java:600)
	at org.springframework.beans.factory.support.AbstractAutowireCapableBeanFactory.createBean(AbstractAutowireCapableBeanFactory.java:522)
	at org.springframework.beans.factory.support.AbstractBeanFactory.lambda$doGetBean$0(AbstractBeanFactory.java:337)
	at org.springframework.beans.factory.support.DefaultSingletonBeanRegistry.getSingleton(DefaultSingletonBeanRegistry.java:234)
	at org.springframework.beans.factory.support.AbstractBeanFactory.doGetBean(AbstractBeanFactory.java:335)
	at org.springframework.beans.factory.support.AbstractBeanFactory.getBean(AbstractBeanFactory.java:205)
	at org.springframework.context.support.AbstractApplicationContext.finishBeanFactoryInitialization(AbstractApplicationContext.java:954)
	at org.springframework.context.support.AbstractApplicationContext.refresh(AbstractApplicationContext.java:625)
	at org.springframework.boot.web.servlet.context.ServletWebServerApplicationContext.refresh(ServletWebServerApplicationContext.java:146)
	at org.springframework.boot.SpringApplication.refresh(SpringApplication.java:754)
	at org.springframework.boot.SpringApplication.refreshContext(SpringApplication.java:456)
	at org.springframework.boot.SpringApplication.run(SpringApplication.java:335)
	at org.springframework.boot.SpringApplication.run(SpringApplication.java:1363)
	at org.springframework.boot.SpringApplication.run(SpringApplication.java:1352)
	at com.example.physiokalendar.PhysiokalendarApplication.main(PhysiokalendarApplication.java:12)
	at java.base/jdk.internal.reflect.NativeMethodAccessorImpl.invoke0(Native Method)
	at java.base/jdk.internal.reflect.NativeMethodAccessorImpl.invoke(NativeMethodAccessorImpl.java:77)
	at java.base/jdk.internal.reflect.DelegatingMethodAccessorImpl.invoke(DelegatingMethodAccessorImpl.java:43)
	at java.base/java.lang.reflect.Method.invoke(Method.java:568)
	at org.springframework.boot.devtools.restart.RestartLauncher.run(RestartLauncher.java:50)
Caused by: jakarta.persistence.PersistenceException: [PersistenceUnit: default] Unable to build Hibernate SessionFactory; nested exception is org.hibernate.exception.SQLGrammarException: Unable to open JDBC Connection for DDL execution [Access denied for user 'physiouser'@'%' to database 'physiocalendar'] [n/a]
	at org.springframework.orm.jpa.AbstractEntityManagerFactoryBean.buildNativeEntityManagerFactory(AbstractEntityManagerFactoryBean.java:421)
	at org.springframework.orm.jpa.AbstractEntityManagerFactoryBean.afterPropertiesSet(AbstractEntityManagerFactoryBean.java:396)
	at org.springframework.orm.jpa.LocalContainerEntityManagerFactoryBean.afterPropertiesSet(LocalContainerEntityManagerFactoryBean.java:366)
	at org.springframework.beans.factory.support.AbstractAutowireCapableBeanFactory.invokeInitMethods(AbstractAutowireCapableBeanFactory.java:1853)
	at org.springframework.beans.factory.support.AbstractAutowireCapableBeanFactory.initializeBean(AbstractAutowireCapableBeanFactory.java:1802)
	... 20 common frames omitted
Caused by: org.hibernate.exception.SQLGrammarException: Unable to open JDBC Connection for DDL execution [Access denied for user 'physiouser'@'%' to database 'physiocalendar'] [n/a]
	at org.hibernate.exception.internal.SQLExceptionTypeDelegate.convert(SQLExceptionTypeDelegate.java:66)
	at org.hibernate.exception.internal.StandardSQLExceptionConverter.convert(StandardSQLExceptionConverter.java:58)
	at org.hibernate.engine.jdbc.spi.SqlExceptionHelper.convert(SqlExceptionHelper.java:108)
	at org.hibernate.engine.jdbc.spi.SqlExceptionHelper.convert(SqlExceptionHelper.java:94)
	at org.hibernate.resource.transaction.backend.jdbc.internal.DdlTransactionIsolatorNonJtaImpl.getIsolatedConnection(DdlTransactionIsolatorNonJtaImpl.java:74)
	at org.hibernate.resource.transaction.backend.jdbc.internal.DdlTransactionIsolatorNonJtaImpl.getIsolatedConnection(DdlTransactionIsolatorNonJtaImpl.java:39)
	at org.hibernate.tool.schema.internal.exec.ImprovedExtractionContextImpl.getJdbcConnection(ImprovedExtractionContextImpl.java:63)
	at org.hibernate.tool.schema.internal.exec.ImprovedExtractionContextImpl.getJdbcDatabaseMetaData(ImprovedExtractionContextImpl.java:70)
	at org.hibernate.tool.schema.extract.internal.InformationExtractorJdbcDatabaseMetaDataImpl.processTableResultSet(InformationExtractorJdbcDatabaseMetaDataImpl.java:65)
	at org.hibernate.tool.schema.extract.internal.AbstractInformationExtractorImpl.getTables(AbstractInformationExtractorImpl.java:570)
	at org.hibernate.tool.schema.extract.internal.DatabaseInformationImpl.getTablesInformation(DatabaseInformationImpl.java:122)
	at org.hibernate.tool.schema.internal.GroupedSchemaMigratorImpl.performTablesMigration(GroupedSchemaMigratorImpl.java:72)
	at org.hibernate.tool.schema.internal.AbstractSchemaMigrator.performMigration(AbstractSchemaMigrator.java:240)
	at org.hibernate.tool.schema.internal.AbstractSchemaMigrator.doMigration(AbstractSchemaMigrator.java:119)
	at org.hibernate.tool.schema.spi.SchemaManagementToolCoordinator.performDatabaseAction(SchemaManagementToolCoordinator.java:280)
	at org.hibernate.tool.schema.spi.SchemaManagementToolCoordinator.lambda$process$5(SchemaManagementToolCoordinator.java:144)
	at java.base/java.util.HashMap.forEach(HashMap.java:1421)
	at org.hibernate.tool.schema.spi.SchemaManagementToolCoordinator.process(SchemaManagementToolCoordinator.java:141)
	at org.hibernate.boot.internal.SessionFactoryObserverForSchemaExport.sessionFactoryCreated(SessionFactoryObserverForSchemaExport.java:37)
	at org.hibernate.internal.SessionFactoryObserverChain.sessionFactoryCreated(SessionFactoryObserverChain.java:35)
	at org.hibernate.internal.SessionFactoryImpl.<init>(SessionFactoryImpl.java:322)
	at org.hibernate.boot.internal.SessionFactoryBuilderImpl.build(SessionFactoryBuilderImpl.java:457)
	at org.hibernate.jpa.boot.internal.EntityManagerFactoryBuilderImpl.build(EntityManagerFactoryBuilderImpl.java:1506)
	at org.springframework.orm.jpa.vendor.SpringHibernateJpaPersistenceProvider.createContainerEntityManagerFactory(SpringHibernateJpaPersistenceProvider.java:75)
	at org.springframework.orm.jpa.LocalContainerEntityManagerFactoryBean.createNativeEntityManagerFactory(LocalContainerEntityManagerFactoryBean.java:390)
	at org.springframework.orm.jpa.AbstractEntityManagerFactoryBean.buildNativeEntityManagerFactory(AbstractEntityManagerFactoryBean.java:409)
	... 24 common frames omitted
Caused by: java.sql.SQLSyntaxErrorException: Access denied for user 'physiouser'@'%' to database 'physiocalendar'
	at com.mysql.cj.jdbc.exceptions.SQLError.createSQLException(SQLError.java:121)
	at com.mysql.cj.jdbc.exceptions.SQLExceptionsMapping.translateException(SQLExceptionsMapping.java:122)
	at com.mysql.cj.jdbc.ConnectionImpl.createNewIO(ConnectionImpl.java:815)
	at com.mysql.cj.jdbc.ConnectionImpl.<init>(ConnectionImpl.java:438)
	at com.mysql.cj.jdbc.ConnectionImpl.getInstance(ConnectionImpl.java:241)
	at com.mysql.cj.jdbc.NonRegisteringDriver.connect(NonRegisteringDriver.java:189)
	at com.zaxxer.hikari.util.DriverDataSource.getConnection(DriverDataSource.java:137)
	at com.zaxxer.hikari.pool.PoolBase.newConnection(PoolBase.java:360)
	at com.zaxxer.hikari.pool.PoolBase.newPoolEntry(PoolBase.java:202)
	at com.zaxxer.hikari.pool.HikariPool.createPoolEntry(HikariPool.java:461)
	at com.zaxxer.hikari.pool.HikariPool.checkFailFast(HikariPool.java:550)
	at com.zaxxer.hikari.pool.HikariPool.<init>(HikariPool.java:98)
	at com.zaxxer.hikari.HikariDataSource.getConnection(HikariDataSource.java:111)
	at org.hibernate.engine.jdbc.connections.internal.DatasourceConnectionProviderImpl.getConnection(DatasourceConnectionProviderImpl.java:122)
	at org.hibernate.engine.jdbc.env.internal.JdbcEnvironmentInitiator$ConnectionProviderJdbcConnectionAccess.obtainConnection(JdbcEnvironmentInitiator.java:439)
	at org.hibernate.resource.transaction.backend.jdbc.internal.DdlTransactionIsolatorNonJtaImpl.getIsolatedConnection(DdlTransactionIsolatorNonJtaImpl.java:46)
	... 45 common frames omitted
2026-02-18 02:57:11.099 [restartedMain] ERROR c.e.p.s.AppointmentSeriesGeneratorJob - Error generating appointments for series 4431: failed to lazily initialize a collection of role: com.example.physiokalendar.entity.AppointmentSeries.cancellations: could not initialize proxy - no Session
org.hibernate.LazyInitializationException: failed to lazily initialize a collection of role: com.example.physiokalendar.entity.AppointmentSeries.cancellations: could not initialize proxy - no Session
	at org.hibernate.collection.spi.AbstractPersistentCollection.throwLazyInitializationException(AbstractPersistentCollection.java:636)
	at org.hibernate.collection.spi.AbstractPersistentCollection.withTemporarySessionIfNeeded(AbstractPersistentCollection.java:219)
	at org.hibernate.collection.spi.AbstractPersistentCollection.initialize(AbstractPersistentCollection.java:615)
	at org.hibernate.collection.spi.AbstractPersistentCollection.read(AbstractPersistentCollection.java:138)
	at org.hibernate.collection.spi.PersistentBag.iterator(PersistentBag.java:369)
	at java.base/java.util.Spliterators$IteratorSpliterator.estimateSize(Spliterators.java:1865)
	at java.base/java.util.Spliterator.getExactSizeIfKnown(Spliterator.java:414)
	at java.base/java.util.stream.AbstractPipeline.copyInto(AbstractPipeline.java:508)
	at java.base/java.util.stream.AbstractPipeline.wrapAndCopyInto(AbstractPipeline.java:499)
	at java.base/java.util.stream.ReduceOps$ReduceOp.evaluateSequential(ReduceOps.java:921)
	at java.base/java.util.stream.AbstractPipeline.evaluate(AbstractPipeline.java:234)
	at java.base/java.util.stream.ReferencePipeline.collect(ReferencePipeline.java:682)
	at com.example.physiokalendar.service.AppointmentSeriesGeneratorJob.generateAppointmentsForSeries(AppointmentSeriesGeneratorJob.java:151)
	at com.example.physiokalendar.service.AppointmentSeriesGeneratorJob.generateMissingAppointments(AppointmentSeriesGeneratorJob.java:107)
	at com.example.physiokalendar.service.AppointmentSeriesGeneratorJob.onApplicationReady(AppointmentSeriesGeneratorJob.java:57)
	at java.base/jdk.internal.reflect.NativeMethodAccessorImpl.invoke0(Native Method)
	at java.base/jdk.internal.reflect.NativeMethodAccessorImpl.invoke(NativeMethodAccessorImpl.java:77)
	at java.base/jdk.internal.reflect.DelegatingMethodAccessorImpl.invoke(DelegatingMethodAccessorImpl.java:43)
	at java.base/java.lang.reflect.Method.invoke(Method.java:568)
	at org.springframework.context.event.ApplicationListenerMethodAdapter.doInvoke(ApplicationListenerMethodAdapter.java:365)
	at org.springframework.context.event.ApplicationListenerMethodAdapter.processEvent(ApplicationListenerMethodAdapter.java:237)
	at org.springframework.context.event.ApplicationListenerMethodAdapter.onApplicationEvent(ApplicationListenerMethodAdapter.java:168)
	at org.springframework.context.event.SimpleApplicationEventMulticaster.doInvokeListener(SimpleApplicationEventMulticaster.java:185)
	at org.springframework.context.event.SimpleApplicationEventMulticaster.invokeListener(SimpleApplicationEventMulticaster.java:178)
	at org.springframework.context.event.SimpleApplicationEventMulticaster.multicastEvent(SimpleApplicationEventMulticaster.java:156)
	at org.springframework.context.support.AbstractApplicationContext.publishEvent(AbstractApplicationContext.java:452)
	at org.springframework.context.support.AbstractApplicationContext.publishEvent(AbstractApplicationContext.java:385)
	at org.springframework.boot.context.event.EventPublishingRunListener.ready(EventPublishingRunListener.java:109)
	at org.springframework.boot.SpringApplicationRunListeners.lambda$ready$6(SpringApplicationRunListeners.java:80)
	at java.base/java.lang.Iterable.forEach(Iterable.java:75)
	at org.springframework.boot.SpringApplicationRunListeners.doWithListeners(SpringApplicationRunListeners.java:118)
	at org.springframework.boot.SpringApplicationRunListeners.doWithListeners(SpringApplicationRunListeners.java:112)
	at org.springframework.boot.SpringApplicationRunListeners.ready(SpringApplicationRunListeners.java:80)
	at org.springframework.boot.SpringApplication.run(SpringApplication.java:349)
	at org.springframework.boot.SpringApplication.run(SpringApplication.java:1363)
	at org.springframework.boot.SpringApplication.run(SpringApplication.java:1352)
	at com.example.physiokalendar.PhysiokalendarApplication.main(PhysiokalendarApplication.java:12)
	at java.base/jdk.internal.reflect.NativeMethodAccessorImpl.invoke0(Native Method)
	at java.base/jdk.internal.reflect.NativeMethodAccessorImpl.invoke(NativeMethodAccessorImpl.java:77)
	at java.base/jdk.internal.reflect.DelegatingMethodAccessorImpl.invoke(DelegatingMethodAccessorImpl.java:43)
	at java.base/java.lang.reflect.Method.invoke(Method.java:568)
	at org.springframework.boot.devtools.restart.RestartLauncher.run(RestartLauncher.java:50)
2026-02-18 02:57:11.108 [restartedMain] ERROR c.e.p.s.AppointmentSeriesGeneratorJob - Error generating appointments for series 4432: failed to lazily initialize a collection of role: com.example.physiokalendar.entity.AppointmentSeries.cancellations: could not initialize proxy - no Session
org.hibernate.LazyInitializationException: failed to lazily initialize a collection of role: com.example.physiokalendar.entity.AppointmentSeries.cancellations: could not initialize proxy - no Session
	at org.hibernate.collection.spi.AbstractPersistentCollection.throwLazyInitializationException(AbstractPersistentCollection.java:636)
	at org.hibernate.collection.spi.AbstractPersistentCollection.withTemporarySessionIfNeeded(AbstractPersistentCollection.java:219)
	at org.hibernate.collection.spi.AbstractPersistentCollection.initialize(AbstractPersistentCollection.java:615)
	at org.hibernate.collection.spi.AbstractPersistentCollection.read(AbstractPersistentCollection.java:138)
	at org.hibernate.collection.spi.PersistentBag.iterator(PersistentBag.java:369)
	at java.base/java.util.Spliterators$IteratorSpliterator.estimateSize(Spliterators.java:1865)
	at java.base/java.util.Spliterator.getExactSizeIfKnown(Spliterator.java:414)
	at java.base/java.util.stream.AbstractPipeline.copyInto(AbstractPipeline.java:508)
	at java.base/java.util.stream.AbstractPipeline.wrapAndCopyInto(AbstractPipeline.java:499)
	at java.base/java.util.stream.ReduceOps$ReduceOp.evaluateSequential(ReduceOps.java:921)
	at java.base/java.util.stream.AbstractPipeline.evaluate(AbstractPipeline.java:234)
	at java.base/java.util.stream.ReferencePipeline.collect(ReferencePipeline.java:682)
	at com.example.physiokalendar.service.AppointmentSeriesGeneratorJob.generateAppointmentsForSeries(AppointmentSeriesGeneratorJob.java:151)
	at com.example.physiokalendar.service.AppointmentSeriesGeneratorJob.generateMissingAppointments(AppointmentSeriesGeneratorJob.java:107)
	at com.example.physiokalendar.service.AppointmentSeriesGeneratorJob.onApplicationReady(AppointmentSeriesGeneratorJob.java:57)
	at java.base/jdk.internal.reflect.NativeMethodAccessorImpl.invoke0(Native Method)
	at java.base/jdk.internal.reflect.NativeMethodAccessorImpl.invoke(NativeMethodAccessorImpl.java:77)
	at java.base/jdk.internal.reflect.DelegatingMethodAccessorImpl.invoke(DelegatingMethodAccessorImpl.java:43)
	at java.base/java.lang.reflect.Method.invoke(Method.java:568)
	at org.springframework.context.event.ApplicationListenerMethodAdapter.doInvoke(ApplicationListenerMethodAdapter.java:365)
	at org.springframework.context.event.ApplicationListenerMethodAdapter.processEvent(ApplicationListenerMethodAdapter.java:237)
	at org.springframework.context.event.ApplicationListenerMethodAdapter.onApplicationEvent(ApplicationListenerMethodAdapter.java:168)
	at org.springframework.context.event.SimpleApplicationEventMulticaster.doInvokeListener(SimpleApplicationEventMulticaster.java:185)
	at org.springframework.context.event.SimpleApplicationEventMulticaster.invokeListener(SimpleApplicationEventMulticaster.java:178)
	at org.springframework.context.event.SimpleApplicationEventMulticaster.multicastEvent(SimpleApplicationEventMulticaster.java:156)
	at org.springframework.context.support.AbstractApplicationContext.publishEvent(AbstractApplicationContext.java:452)
	at org.springframework.context.support.AbstractApplicationContext.publishEvent(AbstractApplicationContext.java:385)
	at org.springframework.boot.context.event.EventPublishingRunListener.ready(EventPublishingRunListener.java:109)
	at org.springframework.boot.SpringApplicationRunListeners.lambda$ready$6(SpringApplicationRunListeners.java:80)
	at java.base/java.lang.Iterable.forEach(Iterable.java:75)
	at org.springframework.boot.SpringApplicationRunListeners.doWithListeners(SpringApplicationRunListeners.java:118)
	at org.springframework.boot.SpringApplicationRunListeners.doWithListeners(SpringApplicationRunListeners.java:112)
	at org.springframework.boot.SpringApplicationRunListeners.ready(SpringApplicationRunListeners.java:80)
	at org.springframework.boot.SpringApplication.run(SpringApplication.java:349)
	at org.springframework.boot.SpringApplication.run(SpringApplication.java:1363)
	at org.springframework.boot.SpringApplication.run(SpringApplication.java:1352)
	at com.example.physiokalendar.PhysiokalendarApplication.main(PhysiokalendarApplication.java:12)
	at java.base/jdk.internal.reflect.NativeMethodAccessorImpl.invoke0(Native Method)
	at java.base/jdk.internal.reflect.NativeMethodAccessorImpl.invoke(NativeMethodAccessorImpl.java:77)
	at java.base/jdk.internal.reflect.DelegatingMethodAccessorImpl.invoke(DelegatingMethodAccessorImpl.java:43)
	at java.base/java.lang.reflect.Method.invoke(Method.java:568)
	at org.springframework.boot.devtools.restart.RestartLauncher.run(RestartLauncher.java:50)
2026-02-18 02:57:11.117 [restartedMain] ERROR c.e.p.s.AppointmentSeriesGeneratorJob - Error generating appointments for series 4433: failed to lazily initialize a collection of role: com.example.physiokalendar.entity.AppointmentSeries.cancellations: could not initialize proxy - no Session
org.hibernate.LazyInitializationException: failed to lazily initialize a collection of role: com.example.physiokalendar.entity.AppointmentSeries.cancellations: could not initialize proxy - no Session
	at org.hibernate.collection.spi.AbstractPersistentCollection.throwLazyInitializationException(AbstractPersistentCollection.java:636)
	at org.hibernate.collection.spi.AbstractPersistentCollection.withTemporarySessionIfNeeded(AbstractPersistentCollection.java:219)
	at org.hibernate.collection.spi.AbstractPersistentCollection.initialize(AbstractPersistentCollection.java:615)
	at org.hibernate.collection.spi.AbstractPersistentCollection.read(AbstractPersistentCollection.java:138)
	at org.hibernate.collection.spi.PersistentBag.iterator(PersistentBag.java:369)
	at java.base/java.util.Spliterators$IteratorSpliterator.estimateSize(Spliterators.java:1865)
	at java.base/java.util.Spliterator.getExactSizeIfKnown(Spliterator.java:414)
	at java.base/java.util.stream.AbstractPipeline.copyInto(AbstractPipeline.java:508)
	at java.base/java.util.stream.AbstractPipeline.wrapAndCopyInto(AbstractPipeline.java:499)
	at java.base/java.util.stream.ReduceOps$ReduceOp.evaluateSequential(ReduceOps.java:921)
	at java.base/java.util.stream.AbstractPipeline.evaluate(AbstractPipeline.java:234)
	at java.base/java.util.stream.ReferencePipeline.collect(ReferencePipeline.java:682)
	at com.example.physiokalendar.service.AppointmentSeriesGeneratorJob.generateAppointmentsForSeries(AppointmentSeriesGeneratorJob.java:151)
	at com.example.physiokalendar.service.AppointmentSeriesGeneratorJob.generateMissingAppointments(AppointmentSeriesGeneratorJob.java:107)
	at com.example.physiokalendar.service.AppointmentSeriesGeneratorJob.onApplicationReady(AppointmentSeriesGeneratorJob.java:57)
	at java.base/jdk.internal.reflect.NativeMethodAccessorImpl.invoke0(Native Method)
	at java.base/jdk.internal.reflect.NativeMethodAccessorImpl.invoke(NativeMethodAccessorImpl.java:77)
	at java.base/jdk.internal.reflect.DelegatingMethodAccessorImpl.invoke(DelegatingMethodAccessorImpl.java:43)
	at java.base/java.lang.reflect.Method.invoke(Method.java:568)
	at org.springframework.context.event.ApplicationListenerMethodAdapter.doInvoke(ApplicationListenerMethodAdapter.java:365)
	at org.springframework.context.event.ApplicationListenerMethodAdapter.processEvent(ApplicationListenerMethodAdapter.java:237)
	at org.springframework.context.event.ApplicationListenerMethodAdapter.onApplicationEvent(ApplicationListenerMethodAdapter.java:168)
	at org.springframework.context.event.SimpleApplicationEventMulticaster.doInvokeListener(SimpleApplicationEventMulticaster.java:185)
	at org.springframework.context.event.SimpleApplicationEventMulticaster.invokeListener(SimpleApplicationEventMulticaster.java:178)
	at org.springframework.context.event.SimpleApplicationEventMulticaster.multicastEvent(SimpleApplicationEventMulticaster.java:156)
	at org.springframework.context.support.AbstractApplicationContext.publishEvent(AbstractApplicationContext.java:452)
	at org.springframework.context.support.AbstractApplicationContext.publishEvent(AbstractApplicationContext.java:385)
	at org.springframework.boot.context.event.EventPublishingRunListener.ready(EventPublishingRunListener.java:109)
	at org.springframework.boot.SpringApplicationRunListeners.lambda$ready$6(SpringApplicationRunListeners.java:80)
	at java.base/java.lang.Iterable.forEach(Iterable.java:75)
	at org.springframework.boot.SpringApplicationRunListeners.doWithListeners(SpringApplicationRunListeners.java:118)
	at org.springframework.boot.SpringApplicationRunListeners.doWithListeners(SpringApplicationRunListeners.java:112)
	at org.springframework.boot.SpringApplicationRunListeners.ready(SpringApplicationRunListeners.java:80)
	at org.springframework.boot.SpringApplication.run(SpringApplication.java:349)
	at org.springframework.boot.SpringApplication.run(SpringApplication.java:1363)
	at org.springframework.boot.SpringApplication.run(SpringApplication.java:1352)
	at com.example.physiokalendar.PhysiokalendarApplication.main(PhysiokalendarApplication.java:12)
	at java.base/jdk.internal.reflect.NativeMethodAccessorImpl.invoke0(Native Method)
	at java.base/jdk.internal.reflect.NativeMethodAccessorImpl.invoke(NativeMethodAccessorImpl.java:77)
	at java.base/jdk.internal.reflect.DelegatingMethodAccessorImpl.invoke(DelegatingMethodAccessorImpl.java:43)
	at java.base/java.lang.reflect.Method.invoke(Method.java:568)
	at org.springframework.boot.devtools.restart.RestartLauncher.run(RestartLauncher.java:50)
2026-02-18 02:57:11.124 [restartedMain] ERROR c.e.p.s.AppointmentSeriesGeneratorJob - Error generating appointments for series 4434: failed to lazily initialize a collection of role: com.example.physiokalendar.entity.AppointmentSeries.cancellations: could not initialize proxy - no Session
org.hibernate.LazyInitializationException: failed to lazily initialize a collection of role: com.example.physiokalendar.entity.AppointmentSeries.cancellations: could not initialize proxy - no Session
	at org.hibernate.collection.spi.AbstractPersistentCollection.throwLazyInitializationException(AbstractPersistentCollection.java:636)
	at org.hibernate.collection.spi.AbstractPersistentCollection.withTemporarySessionIfNeeded(AbstractPersistentCollection.java:219)
	at org.hibernate.collection.spi.AbstractPersistentCollection.initialize(AbstractPersistentCollection.java:615)
	at org.hibernate.collection.spi.AbstractPersistentCollection.read(AbstractPersistentCollection.java:138)
	at org.hibernate.collection.spi.PersistentBag.iterator(PersistentBag.java:369)
	at java.base/java.util.Spliterators$IteratorSpliterator.estimateSize(Spliterators.java:1865)
	at java.base/java.util.Spliterator.getExactSizeIfKnown(Spliterator.java:414)
	at java.base/java.util.stream.AbstractPipeline.copyInto(AbstractPipeline.java:508)
	at java.base/java.util.stream.AbstractPipeline.wrapAndCopyInto(AbstractPipeline.java:499)
	at java.base/java.util.stream.ReduceOps$ReduceOp.evaluateSequential(ReduceOps.java:921)
	at java.base/java.util.stream.AbstractPipeline.evaluate(AbstractPipeline.java:234)
	at java.base/java.util.stream.ReferencePipeline.collect(ReferencePipeline.java:682)
	at com.example.physiokalendar.service.AppointmentSeriesGeneratorJob.generateAppointmentsForSeries(AppointmentSeriesGeneratorJob.java:151)
	at com.example.physiokalendar.service.AppointmentSeriesGeneratorJob.generateMissingAppointments(AppointmentSeriesGeneratorJob.java:107)
	at com.example.physiokalendar.service.AppointmentSeriesGeneratorJob.onApplicationReady(AppointmentSeriesGeneratorJob.java:57)
	at java.base/jdk.internal.reflect.NativeMethodAccessorImpl.invoke0(Native Method)
	at java.base/jdk.internal.reflect.NativeMethodAccessorImpl.invoke(NativeMethodAccessorImpl.java:77)
	at java.base/jdk.internal.reflect.DelegatingMethodAccessorImpl.invoke(DelegatingMethodAccessorImpl.java:43)
	at java.base/java.lang.reflect.Method.invoke(Method.java:568)
	at org.springframework.context.event.ApplicationListenerMethodAdapter.doInvoke(ApplicationListenerMethodAdapter.java:365)
	at org.springframework.context.event.ApplicationListenerMethodAdapter.processEvent(ApplicationListenerMethodAdapter.java:237)
	at org.springframework.context.event.ApplicationListenerMethodAdapter.onApplicationEvent(ApplicationListenerMethodAdapter.java:168)
	at org.springframework.context.event.SimpleApplicationEventMulticaster.doInvokeListener(SimpleApplicationEventMulticaster.java:185)
	at org.springframework.context.event.SimpleApplicationEventMulticaster.invokeListener(SimpleApplicationEventMulticaster.java:178)
	at org.springframework.context.event.SimpleApplicationEventMulticaster.multicastEvent(SimpleApplicationEventMulticaster.java:156)
	at org.springframework.context.support.AbstractApplicationContext.publishEvent(AbstractApplicationContext.java:452)
	at org.springframework.context.support.AbstractApplicationContext.publishEvent(AbstractApplicationContext.java:385)
	at org.springframework.boot.context.event.EventPublishingRunListener.ready(EventPublishingRunListener.java:109)
	at org.springframework.boot.SpringApplicationRunListeners.lambda$ready$6(SpringApplicationRunListeners.java:80)
	at java.base/java.lang.Iterable.forEach(Iterable.java:75)
	at org.springframework.boot.SpringApplicationRunListeners.doWithListeners(SpringApplicationRunListeners.java:118)
	at org.springframework.boot.SpringApplicationRunListeners.doWithListeners(SpringApplicationRunListeners.java:112)
	at org.springframework.boot.SpringApplicationRunListeners.ready(SpringApplicationRunListeners.java:80)
	at org.springframework.boot.SpringApplication.run(SpringApplication.java:349)
	at org.springframework.boot.SpringApplication.run(SpringApplication.java:1363)
	at org.springframework.boot.SpringApplication.run(SpringApplication.java:1352)
	at com.example.physiokalendar.PhysiokalendarApplication.main(PhysiokalendarApplication.java:12)
	at java.base/jdk.internal.reflect.NativeMethodAccessorImpl.invoke0(Native Method)
	at java.base/jdk.internal.reflect.NativeMethodAccessorImpl.invoke(NativeMethodAccessorImpl.java:77)
	at java.base/jdk.internal.reflect.DelegatingMethodAccessorImpl.invoke(DelegatingMethodAccessorImpl.java:43)
	at java.base/java.lang.reflect.Method.invoke(Method.java:568)
	at org.springframework.boot.devtools.restart.RestartLauncher.run(RestartLauncher.java:50)
2026-02-18 02:57:11.132 [restartedMain] ERROR c.e.p.s.AppointmentSeriesGeneratorJob - Error generating appointments for series 4435: failed to lazily initialize a collection of role: com.example.physiokalendar.entity.AppointmentSeries.cancellations: could not initialize proxy - no Session
org.hibernate.LazyInitializationException: failed to lazily initialize a collection of role: com.example.physiokalendar.entity.AppointmentSeries.cancellations: could not initialize proxy - no Session
	at org.hibernate.collection.spi.AbstractPersistentCollection.throwLazyInitializationException(AbstractPersistentCollection.java:636)
	at org.hibernate.collection.spi.AbstractPersistentCollection.withTemporarySessionIfNeeded(AbstractPersistentCollection.java:219)
	at org.hibernate.collection.spi.AbstractPersistentCollection.initialize(AbstractPersistentCollection.java:615)
	at org.hibernate.collection.spi.AbstractPersistentCollection.read(AbstractPersistentCollection.java:138)
	at org.hibernate.collection.spi.PersistentBag.iterator(PersistentBag.java:369)
	at java.base/java.util.Spliterators$IteratorSpliterator.estimateSize(Spliterators.java:1865)
	at java.base/java.util.Spliterator.getExactSizeIfKnown(Spliterator.java:414)
	at java.base/java.util.stream.AbstractPipeline.copyInto(AbstractPipeline.java:508)
	at java.base/java.util.stream.AbstractPipeline.wrapAndCopyInto(AbstractPipeline.java:499)
	at java.base/java.util.stream.ReduceOps$ReduceOp.evaluateSequential(ReduceOps.java:921)
	at java.base/java.util.stream.AbstractPipeline.evaluate(AbstractPipeline.java:234)
	at java.base/java.util.stream.ReferencePipeline.collect(ReferencePipeline.java:682)
	at com.example.physiokalendar.service.AppointmentSeriesGeneratorJob.generateAppointmentsForSeries(AppointmentSeriesGeneratorJob.java:151)
	at com.example.physiokalendar.service.AppointmentSeriesGeneratorJob.generateMissingAppointments(AppointmentSeriesGeneratorJob.java:107)
	at com.example.physiokalendar.service.AppointmentSeriesGeneratorJob.onApplicationReady(AppointmentSeriesGeneratorJob.java:57)
	at java.base/jdk.internal.reflect.NativeMethodAccessorImpl.invoke0(Native Method)
	at java.base/jdk.internal.reflect.NativeMethodAccessorImpl.invoke(NativeMethodAccessorImpl.java:77)
	at java.base/jdk.internal.reflect.DelegatingMethodAccessorImpl.invoke(DelegatingMethodAccessorImpl.java:43)
	at java.base/java.lang.reflect.Method.invoke(Method.java:568)
	at org.springframework.context.event.ApplicationListenerMethodAdapter.doInvoke(ApplicationListenerMethodAdapter.java:365)
	at org.springframework.context.event.ApplicationListenerMethodAdapter.processEvent(ApplicationListenerMethodAdapter.java:237)
	at org.springframework.context.event.ApplicationListenerMethodAdapter.onApplicationEvent(ApplicationListenerMethodAdapter.java:168)
	at org.springframework.context.event.SimpleApplicationEventMulticaster.doInvokeListener(SimpleApplicationEventMulticaster.java:185)
	at org.springframework.context.event.SimpleApplicationEventMulticaster.invokeListener(SimpleApplicationEventMulticaster.java:178)
	at org.springframework.context.event.SimpleApplicationEventMulticaster.multicastEvent(SimpleApplicationEventMulticaster.java:156)
	at org.springframework.context.support.AbstractApplicationContext.publishEvent(AbstractApplicationContext.java:452)
	at org.springframework.context.support.AbstractApplicationContext.publishEvent(AbstractApplicationContext.java:385)
	at org.springframework.boot.context.event.EventPublishingRunListener.ready(EventPublishingRunListener.java:109)
	at org.springframework.boot.SpringApplicationRunListeners.lambda$ready$6(SpringApplicationRunListeners.java:80)
	at java.base/java.lang.Iterable.forEach(Iterable.java:75)
	at org.springframework.boot.SpringApplicationRunListeners.doWithListeners(SpringApplicationRunListeners.java:118)
	at org.springframework.boot.SpringApplicationRunListeners.doWithListeners(SpringApplicationRunListeners.java:112)
	at org.springframework.boot.SpringApplicationRunListeners.ready(SpringApplicationRunListeners.java:80)
	at org.springframework.boot.SpringApplication.run(SpringApplication.java:349)
	at org.springframework.boot.SpringApplication.run(SpringApplication.java:1363)
	at org.springframework.boot.SpringApplication.run(SpringApplication.java:1352)
	at com.example.physiokalendar.PhysiokalendarApplication.main(PhysiokalendarApplication.java:12)
	at java.base/jdk.internal.reflect.NativeMethodAccessorImpl.invoke0(Native Method)
	at java.base/jdk.internal.reflect.NativeMethodAccessorImpl.invoke(NativeMethodAccessorImpl.java:77)
	at java.base/jdk.internal.reflect.DelegatingMethodAccessorImpl.invoke(DelegatingMethodAccessorImpl.java:43)
	at java.base/java.lang.reflect.Method.invoke(Method.java:568)
	at org.springframework.boot.devtools.restart.RestartLauncher.run(RestartLauncher.java:50)
2026-02-18 02:57:11.139 [restartedMain] ERROR c.e.p.s.AppointmentSeriesGeneratorJob - Error generating appointments for series 4436: failed to lazily initialize a collection of role: com.example.physiokalendar.entity.AppointmentSeries.cancellations: could not initialize proxy - no Session
org.hibernate.LazyInitializationException: failed to lazily initialize a collection of role: com.example.physiokalendar.entity.AppointmentSeries.cancellations: could not initialize proxy - no Session
	at org.hibernate.collection.spi.AbstractPersistentCollection.throwLazyInitializationException(AbstractPersistentCollection.java:636)
	at org.hibernate.collection.spi.AbstractPersistentCollection.withTemporarySessionIfNeeded(AbstractPersistentCollection.java:219)
	at org.hibernate.collection.spi.AbstractPersistentCollection.initialize(AbstractPersistentCollection.java:615)
	at org.hibernate.collection.spi.AbstractPersistentCollection.read(AbstractPersistentCollection.java:138)
	at org.hibernate.collection.spi.PersistentBag.iterator(PersistentBag.java:369)
	at java.base/java.util.Spliterators$IteratorSpliterator.estimateSize(Spliterators.java:1865)
	at java.base/java.util.Spliterator.getExactSizeIfKnown(Spliterator.java:414)
	at java.base/java.util.stream.AbstractPipeline.copyInto(AbstractPipeline.java:508)
	at java.base/java.util.stream.AbstractPipeline.wrapAndCopyInto(AbstractPipeline.java:499)
	at java.base/java.util.stream.ReduceOps$ReduceOp.evaluateSequential(ReduceOps.java:921)
	at java.base/java.util.stream.AbstractPipeline.evaluate(AbstractPipeline.java:234)
	at java.base/java.util.stream.ReferencePipeline.collect(ReferencePipeline.java:682)
	at com.example.physiokalendar.service.AppointmentSeriesGeneratorJob.generateAppointmentsForSeries(AppointmentSeriesGeneratorJob.java:151)
	at com.example.physiokalendar.service.AppointmentSeriesGeneratorJob.generateMissingAppointments(AppointmentSeriesGeneratorJob.java:107)
	at com.example.physiokalendar.service.AppointmentSeriesGeneratorJob.onApplicationReady(AppointmentSeriesGeneratorJob.java:57)
	at java.base/jdk.internal.reflect.NativeMethodAccessorImpl.invoke0(Native Method)
	at java.base/jdk.internal.reflect.NativeMethodAccessorImpl.invoke(NativeMethodAccessorImpl.java:77)
	at java.base/jdk.internal.reflect.DelegatingMethodAccessorImpl.invoke(DelegatingMethodAccessorImpl.java:43)
	at java.base/java.lang.reflect.Method.invoke(Method.java:568)
	at org.springframework.context.event.ApplicationListenerMethodAdapter.doInvoke(ApplicationListenerMethodAdapter.java:365)
	at org.springframework.context.event.ApplicationListenerMethodAdapter.processEvent(ApplicationListenerMethodAdapter.java:237)
	at org.springframework.context.event.ApplicationListenerMethodAdapter.onApplicationEvent(ApplicationListenerMethodAdapter.java:168)
	at org.springframework.context.event.SimpleApplicationEventMulticaster.doInvokeListener(SimpleApplicationEventMulticaster.java:185)
	at org.springframework.context.event.SimpleApplicationEventMulticaster.invokeListener(SimpleApplicationEventMulticaster.java:178)
	at org.springframework.context.event.SimpleApplicationEventMulticaster.multicastEvent(SimpleApplicationEventMulticaster.java:156)
	at org.springframework.context.support.AbstractApplicationContext.publishEvent(AbstractApplicationContext.java:452)
	at org.springframework.context.support.AbstractApplicationContext.publishEvent(AbstractApplicationContext.java:385)
	at org.springframework.boot.context.event.EventPublishingRunListener.ready(EventPublishingRunListener.java:109)
	at org.springframework.boot.SpringApplicationRunListeners.lambda$ready$6(SpringApplicationRunListeners.java:80)
	at java.base/java.lang.Iterable.forEach(Iterable.java:75)
	at org.springframework.boot.SpringApplicationRunListeners.doWithListeners(SpringApplicationRunListeners.java:118)
	at org.springframework.boot.SpringApplicationRunListeners.doWithListeners(SpringApplicationRunListeners.java:112)
	at org.springframework.boot.SpringApplicationRunListeners.ready(SpringApplicationRunListeners.java:80)
	at org.springframework.boot.SpringApplication.run(SpringApplication.java:349)
	at org.springframework.boot.SpringApplication.run(SpringApplication.java:1363)
	at org.springframework.boot.SpringApplication.run(SpringApplication.java:1352)
	at com.example.physiokalendar.PhysiokalendarApplication.main(PhysiokalendarApplication.java:12)
	at java.base/jdk.internal.reflect.NativeMethodAccessorImpl.invoke0(Native Method)
	at java.base/jdk.internal.reflect.NativeMethodAccessorImpl.invoke(NativeMethodAccessorImpl.java:77)
	at java.base/jdk.internal.reflect.DelegatingMethodAccessorImpl.invoke(DelegatingMethodAccessorImpl.java:43)
	at java.base/java.lang.reflect.Method.invoke(Method.java:568)
	at org.springframework.boot.devtools.restart.RestartLauncher.run(RestartLauncher.java:50)
2026-02-18 02:57:11.147 [restartedMain] ERROR c.e.p.s.AppointmentSeriesGeneratorJob - Error generating appointments for series 4437: failed to lazily initialize a collection of role: com.example.physiokalendar.entity.AppointmentSeries.cancellations: could not initialize proxy - no Session
org.hibernate.LazyInitializationException: failed to lazily initialize a collection of role: com.example.physiokalendar.entity.AppointmentSeries.cancellations: could not initialize proxy - no Session
	at org.hibernate.collection.spi.AbstractPersistentCollection.throwLazyInitializationException(AbstractPersistentCollection.java:636)
	at org.hibernate.collection.spi.AbstractPersistentCollection.withTemporarySessionIfNeeded(AbstractPersistentCollection.java:219)
	at org.hibernate.collection.spi.AbstractPersistentCollection.initialize(AbstractPersistentCollection.java:615)
	at org.hibernate.collection.spi.AbstractPersistentCollection.read(AbstractPersistentCollection.java:138)
	at org.hibernate.collection.spi.PersistentBag.iterator(PersistentBag.java:369)
	at java.base/java.util.Spliterators$IteratorSpliterator.estimateSize(Spliterators.java:1865)
	at java.base/java.util.Spliterator.getExactSizeIfKnown(Spliterator.java:414)
	at java.base/java.util.stream.AbstractPipeline.copyInto(AbstractPipeline.java:508)
	at java.base/java.util.stream.AbstractPipeline.wrapAndCopyInto(AbstractPipeline.java:499)
	at java.base/java.util.stream.ReduceOps$ReduceOp.evaluateSequential(ReduceOps.java:921)
	at java.base/java.util.stream.AbstractPipeline.evaluate(AbstractPipeline.java:234)
	at java.base/java.util.stream.ReferencePipeline.collect(ReferencePipeline.java:682)
	at com.example.physiokalendar.service.AppointmentSeriesGeneratorJob.generateAppointmentsForSeries(AppointmentSeriesGeneratorJob.java:151)
	at com.example.physiokalendar.service.AppointmentSeriesGeneratorJob.generateMissingAppointments(AppointmentSeriesGeneratorJob.java:107)
	at com.example.physiokalendar.service.AppointmentSeriesGeneratorJob.onApplicationReady(AppointmentSeriesGeneratorJob.java:57)
	at java.base/jdk.internal.reflect.NativeMethodAccessorImpl.invoke0(Native Method)
	at java.base/jdk.internal.reflect.NativeMethodAccessorImpl.invoke(NativeMethodAccessorImpl.java:77)
	at java.base/jdk.internal.reflect.DelegatingMethodAccessorImpl.invoke(DelegatingMethodAccessorImpl.java:43)
	at java.base/java.lang.reflect.Method.invoke(Method.java:568)
	at org.springframework.context.event.ApplicationListenerMethodAdapter.doInvoke(ApplicationListenerMethodAdapter.java:365)
	at org.springframework.context.event.ApplicationListenerMethodAdapter.processEvent(ApplicationListenerMethodAdapter.java:237)
	at org.springframework.context.event.ApplicationListenerMethodAdapter.onApplicationEvent(ApplicationListenerMethodAdapter.java:168)
	at org.springframework.context.event.SimpleApplicationEventMulticaster.doInvokeListener(SimpleApplicationEventMulticaster.java:185)
	at org.springframework.context.event.SimpleApplicationEventMulticaster.invokeListener(SimpleApplicationEventMulticaster.java:178)
	at org.springframework.context.event.SimpleApplicationEventMulticaster.multicastEvent(SimpleApplicationEventMulticaster.java:156)
	at org.springframework.context.support.AbstractApplicationContext.publishEvent(AbstractApplicationContext.java:452)
	at org.springframework.context.support.AbstractApplicationContext.publishEvent(AbstractApplicationContext.java:385)
	at org.springframework.boot.context.event.EventPublishingRunListener.ready(EventPublishingRunListener.java:109)
	at org.springframework.boot.SpringApplicationRunListeners.lambda$ready$6(SpringApplicationRunListeners.java:80)
	at java.base/java.lang.Iterable.forEach(Iterable.java:75)
	at org.springframework.boot.SpringApplicationRunListeners.doWithListeners(SpringApplicationRunListeners.java:118)
	at org.springframework.boot.SpringApplicationRunListeners.doWithListeners(SpringApplicationRunListeners.java:112)
	at org.springframework.boot.SpringApplicationRunListeners.ready(SpringApplicationRunListeners.java:80)
	at org.springframework.boot.SpringApplication.run(SpringApplication.java:349)
	at org.springframework.boot.SpringApplication.run(SpringApplication.java:1363)
	at org.springframework.boot.SpringApplication.run(SpringApplication.java:1352)
	at com.example.physiokalendar.PhysiokalendarApplication.main(PhysiokalendarApplication.java:12)
	at java.base/jdk.internal.reflect.NativeMethodAccessorImpl.invoke0(Native Method)
	at java.base/jdk.internal.reflect.NativeMethodAccessorImpl.invoke(NativeMethodAccessorImpl.java:77)
	at java.base/jdk.internal.reflect.DelegatingMethodAccessorImpl.invoke(DelegatingMethodAccessorImpl.java:43)
	at java.base/java.lang.reflect.Method.invoke(Method.java:568)
	at org.springframework.boot.devtools.restart.RestartLauncher.run(RestartLauncher.java:50)
2026-02-18 02:57:11.152 [restartedMain] ERROR c.e.p.s.AppointmentSeriesGeneratorJob - Error generating appointments for series 4438: failed to lazily initialize a collection of role: com.example.physiokalendar.entity.AppointmentSeries.cancellations: could not initialize proxy - no Session
org.hibernate.LazyInitializationException: failed to lazily initialize a collection of role: com.example.physiokalendar.entity.AppointmentSeries.cancellations: could not initialize proxy - no Session
	at org.hibernate.collection.spi.AbstractPersistentCollection.throwLazyInitializationException(AbstractPersistentCollection.java:636)
	at org.hibernate.collection.spi.AbstractPersistentCollection.withTemporarySessionIfNeeded(AbstractPersistentCollection.java:219)
	at org.hibernate.collection.spi.AbstractPersistentCollection.initialize(AbstractPersistentCollection.java:615)
	at org.hibernate.collection.spi.AbstractPersistentCollection.read(AbstractPersistentCollection.java:138)
	at org.hibernate.collection.spi.PersistentBag.iterator(PersistentBag.java:369)
	at java.base/java.util.Spliterators$IteratorSpliterator.estimateSize(Spliterators.java:1865)
	at java.base/java.util.Spliterator.getExactSizeIfKnown(Spliterator.java:414)
	at java.base/java.util.stream.AbstractPipeline.copyInto(AbstractPipeline.java:508)
	at java.base/java.util.stream.AbstractPipeline.wrapAndCopyInto(AbstractPipeline.java:499)
	at java.base/java.util.stream.ReduceOps$ReduceOp.evaluateSequential(ReduceOps.java:921)
	at java.base/java.util.stream.AbstractPipeline.evaluate(AbstractPipeline.java:234)
	at java.base/java.util.stream.ReferencePipeline.collect(ReferencePipeline.java:682)
	at com.example.physiokalendar.service.AppointmentSeriesGeneratorJob.generateAppointmentsForSeries(AppointmentSeriesGeneratorJob.java:151)
	at com.example.physiokalendar.service.AppointmentSeriesGeneratorJob.generateMissingAppointments(AppointmentSeriesGeneratorJob.java:107)
	at com.example.physiokalendar.service.AppointmentSeriesGeneratorJob.onApplicationReady(AppointmentSeriesGeneratorJob.java:57)
	at java.base/jdk.internal.reflect.NativeMethodAccessorImpl.invoke0(Native Method)
	at java.base/jdk.internal.reflect.NativeMethodAccessorImpl.invoke(NativeMethodAccessorImpl.java:77)
	at java.base/jdk.internal.reflect.DelegatingMethodAccessorImpl.invoke(DelegatingMethodAccessorImpl.java:43)
	at java.base/java.lang.reflect.Method.invoke(Method.java:568)
	at org.springframework.context.event.ApplicationListenerMethodAdapter.doInvoke(ApplicationListenerMethodAdapter.java:365)
	at org.springframework.context.event.ApplicationListenerMethodAdapter.processEvent(ApplicationListenerMethodAdapter.java:237)
	at org.springframework.context.event.ApplicationListenerMethodAdapter.onApplicationEvent(ApplicationListenerMethodAdapter.java:168)
	at org.springframework.context.event.SimpleApplicationEventMulticaster.doInvokeListener(SimpleApplicationEventMulticaster.java:185)
	at org.springframework.context.event.SimpleApplicationEventMulticaster.invokeListener(SimpleApplicationEventMulticaster.java:178)
	at org.springframework.context.event.SimpleApplicationEventMulticaster.multicastEvent(SimpleApplicationEventMulticaster.java:156)
	at org.springframework.context.support.AbstractApplicationContext.publishEvent(AbstractApplicationContext.java:452)
	at org.springframework.context.support.AbstractApplicationContext.publishEvent(AbstractApplicationContext.java:385)
	at org.springframework.boot.context.event.EventPublishingRunListener.ready(EventPublishingRunListener.java:109)
	at org.springframework.boot.SpringApplicationRunListeners.lambda$ready$6(SpringApplicationRunListeners.java:80)
	at java.base/java.lang.Iterable.forEach(Iterable.java:75)
	at org.springframework.boot.SpringApplicationRunListeners.doWithListeners(SpringApplicationRunListeners.java:118)
	at org.springframework.boot.SpringApplicationRunListeners.doWithListeners(SpringApplicationRunListeners.java:112)
	at org.springframework.boot.SpringApplicationRunListeners.ready(SpringApplicationRunListeners.java:80)
	at org.springframework.boot.SpringApplication.run(SpringApplication.java:349)
	at org.springframework.boot.SpringApplication.run(SpringApplication.java:1363)
	at org.springframework.boot.SpringApplication.run(SpringApplication.java:1352)
	at com.example.physiokalendar.PhysiokalendarApplication.main(PhysiokalendarApplication.java:12)
	at java.base/jdk.internal.reflect.NativeMethodAccessorImpl.invoke0(Native Method)
	at java.base/jdk.internal.reflect.NativeMethodAccessorImpl.invoke(NativeMethodAccessorImpl.java:77)
	at java.base/jdk.internal.reflect.DelegatingMethodAccessorImpl.invoke(DelegatingMethodAccessorImpl.java:43)
	at java.base/java.lang.reflect.Method.invoke(Method.java:568)
	at org.springframework.boot.devtools.restart.RestartLauncher.run(RestartLauncher.java:50)
2026-02-18 02:57:11.159 [restartedMain] ERROR c.e.p.s.AppointmentSeriesGeneratorJob - Error generating appointments for series 4439: failed to lazily initialize a collection of role: com.example.physiokalendar.entity.AppointmentSeries.cancellations: could not initialize proxy - no Session
org.hibernate.LazyInitializationException: failed to lazily initialize a collection of role: com.example.physiokalendar.entity.AppointmentSeries.cancellations: could not initialize proxy - no Session
	at org.hibernate.collection.spi.AbstractPersistentCollection.throwLazyInitializationException(AbstractPersistentCollection.java:636)
	at org.hibernate.collection.spi.AbstractPersistentCollection.withTemporarySessionIfNeeded(AbstractPersistentCollection.java:219)
	at org.hibernate.collection.spi.AbstractPersistentCollection.initialize(AbstractPersistentCollection.java:615)
	at org.hibernate.collection.spi.AbstractPersistentCollection.read(AbstractPersistentCollection.java:138)
	at org.hibernate.collection.spi.PersistentBag.iterator(PersistentBag.java:369)
	at java.base/java.util.Spliterators$IteratorSpliterator.estimateSize(Spliterators.java:1865)
	at java.base/java.util.Spliterator.getExactSizeIfKnown(Spliterator.java:414)
	at java.base/java.util.stream.AbstractPipeline.copyInto(AbstractPipeline.java:508)
	at java.base/java.util.stream.AbstractPipeline.wrapAndCopyInto(AbstractPipeline.java:499)
	at java.base/java.util.stream.ReduceOps$ReduceOp.evaluateSequential(ReduceOps.java:921)
	at java.base/java.util.stream.AbstractPipeline.evaluate(AbstractPipeline.java:234)
	at java.base/java.util.stream.ReferencePipeline.collect(ReferencePipeline.java:682)
	at com.example.physiokalendar.service.AppointmentSeriesGeneratorJob.generateAppointmentsForSeries(AppointmentSeriesGeneratorJob.java:151)
	at com.example.physiokalendar.service.AppointmentSeriesGeneratorJob.generateMissingAppointments(AppointmentSeriesGeneratorJob.java:107)
	at com.example.physiokalendar.service.AppointmentSeriesGeneratorJob.onApplicationReady(AppointmentSeriesGeneratorJob.java:57)
	at java.base/jdk.internal.reflect.NativeMethodAccessorImpl.invoke0(Native Method)
	at java.base/jdk.internal.reflect.NativeMethodAccessorImpl.invoke(NativeMethodAccessorImpl.java:77)
	at java.base/jdk.internal.reflect.DelegatingMethodAccessorImpl.invoke(DelegatingMethodAccessorImpl.java:43)
	at java.base/java.lang.reflect.Method.invoke(Method.java:568)
	at org.springframework.context.event.ApplicationListenerMethodAdapter.doInvoke(ApplicationListenerMethodAdapter.java:365)
	at org.springframework.context.event.ApplicationListenerMethodAdapter.processEvent(ApplicationListenerMethodAdapter.java:237)
	at org.springframework.context.event.ApplicationListenerMethodAdapter.onApplicationEvent(ApplicationListenerMethodAdapter.java:168)
	at org.springframework.context.event.SimpleApplicationEventMulticaster.doInvokeListener(SimpleApplicationEventMulticaster.java:185)
	at org.springframework.context.event.SimpleApplicationEventMulticaster.invokeListener(SimpleApplicationEventMulticaster.java:178)
	at org.springframework.context.event.SimpleApplicationEventMulticaster.multicastEvent(SimpleApplicationEventMulticaster.java:156)
	at org.springframework.context.support.AbstractApplicationContext.publishEvent(AbstractApplicationContext.java:452)
	at org.springframework.context.support.AbstractApplicationContext.publishEvent(AbstractApplicationContext.java:385)
	at org.springframework.boot.context.event.EventPublishingRunListener.ready(EventPublishingRunListener.java:109)
	at org.springframework.boot.SpringApplicationRunListeners.lambda$ready$6(SpringApplicationRunListeners.java:80)
	at java.base/java.lang.Iterable.forEach(Iterable.java:75)
	at org.springframework.boot.SpringApplicationRunListeners.doWithListeners(SpringApplicationRunListeners.java:118)
	at org.springframework.boot.SpringApplicationRunListeners.doWithListeners(SpringApplicationRunListeners.java:112)
	at org.springframework.boot.SpringApplicationRunListeners.ready(SpringApplicationRunListeners.java:80)
	at org.springframework.boot.SpringApplication.run(SpringApplication.java:349)
	at org.springframework.boot.SpringApplication.run(SpringApplication.java:1363)
	at org.springframework.boot.SpringApplication.run(SpringApplication.java:1352)
	at com.example.physiokalendar.PhysiokalendarApplication.main(PhysiokalendarApplication.java:12)
	at java.base/jdk.internal.reflect.NativeMethodAccessorImpl.invoke0(Native Method)
	at java.base/jdk.internal.reflect.NativeMethodAccessorImpl.invoke(NativeMethodAccessorImpl.java:77)
	at java.base/jdk.internal.reflect.DelegatingMethodAccessorImpl.invoke(DelegatingMethodAccessorImpl.java:43)
	at java.base/java.lang.reflect.Method.invoke(Method.java:568)
	at org.springframework.boot.devtools.restart.RestartLauncher.run(RestartLauncher.java:50)
2026-02-18 02:57:11.166 [restartedMain] ERROR c.e.p.s.AppointmentSeriesGeneratorJob - Error generating appointments for series 4440: failed to lazily initialize a collection of role: com.example.physiokalendar.entity.AppointmentSeries.cancellations: could not initialize proxy - no Session
org.hibernate.LazyInitializationException: failed to lazily initialize a collection of role: com.example.physiokalendar.entity.AppointmentSeries.cancellations: could not initialize proxy - no Session
	at org.hibernate.collection.spi.AbstractPersistentCollection.throwLazyInitializationException(AbstractPersistentCollection.java:636)
	at org.hibernate.collection.spi.AbstractPersistentCollection.withTemporarySessionIfNeeded(AbstractPersistentCollection.java:219)
	at org.hibernate.collection.spi.AbstractPersistentCollection.initialize(AbstractPersistentCollection.java:615)
	at org.hibernate.collection.spi.AbstractPersistentCollection.read(AbstractPersistentCollection.java:138)
	at org.hibernate.collection.spi.PersistentBag.iterator(PersistentBag.java:369)
	at java.base/java.util.Spliterators$IteratorSpliterator.estimateSize(Spliterators.java:1865)
	at java.base/java.util.Spliterator.getExactSizeIfKnown(Spliterator.java:414)
	at java.base/java.util.stream.AbstractPipeline.copyInto(AbstractPipeline.java:508)
	at java.base/java.util.stream.AbstractPipeline.wrapAndCopyInto(AbstractPipeline.java:499)
	at java.base/java.util.stream.ReduceOps$ReduceOp.evaluateSequential(ReduceOps.java:921)
	at java.base/java.util.stream.AbstractPipeline.evaluate(AbstractPipeline.java:234)
	at java.base/java.util.stream.ReferencePipeline.collect(ReferencePipeline.java:682)
	at com.example.physiokalendar.service.AppointmentSeriesGeneratorJob.generateAppointmentsForSeries(AppointmentSeriesGeneratorJob.java:151)
	at com.example.physiokalendar.service.AppointmentSeriesGeneratorJob.generateMissingAppointments(AppointmentSeriesGeneratorJob.java:107)
	at com.example.physiokalendar.service.AppointmentSeriesGeneratorJob.onApplicationReady(AppointmentSeriesGeneratorJob.java:57)
	at java.base/jdk.internal.reflect.NativeMethodAccessorImpl.invoke0(Native Method)
	at java.base/jdk.internal.reflect.NativeMethodAccessorImpl.invoke(NativeMethodAccessorImpl.java:77)
	at java.base/jdk.internal.reflect.DelegatingMethodAccessorImpl.invoke(DelegatingMethodAccessorImpl.java:43)
	at java.base/java.lang.reflect.Method.invoke(Method.java:568)
	at org.springframework.context.event.ApplicationListenerMethodAdapter.doInvoke(ApplicationListenerMethodAdapter.java:365)
	at org.springframework.context.event.ApplicationListenerMethodAdapter.processEvent(ApplicationListenerMethodAdapter.java:237)
	at org.springframework.context.event.ApplicationListenerMethodAdapter.onApplicationEvent(ApplicationListenerMethodAdapter.java:168)
	at org.springframework.context.event.SimpleApplicationEventMulticaster.doInvokeListener(SimpleApplicationEventMulticaster.java:185)
	at org.springframework.context.event.SimpleApplicationEventMulticaster.invokeListener(SimpleApplicationEventMulticaster.java:178)
	at org.springframework.context.event.SimpleApplicationEventMulticaster.multicastEvent(SimpleApplicationEventMulticaster.java:156)
	at org.springframework.context.support.AbstractApplicationContext.publishEvent(AbstractApplicationContext.java:452)
	at org.springframework.context.support.AbstractApplicationContext.publishEvent(AbstractApplicationContext.java:385)
	at org.springframework.boot.context.event.EventPublishingRunListener.ready(EventPublishingRunListener.java:109)
	at org.springframework.boot.SpringApplicationRunListeners.lambda$ready$6(SpringApplicationRunListeners.java:80)
	at java.base/java.lang.Iterable.forEach(Iterable.java:75)
	at org.springframework.boot.SpringApplicationRunListeners.doWithListeners(SpringApplicationRunListeners.java:118)
	at org.springframework.boot.SpringApplicationRunListeners.doWithListeners(SpringApplicationRunListeners.java:112)
	at org.springframework.boot.SpringApplicationRunListeners.ready(SpringApplicationRunListeners.java:80)
	at org.springframework.boot.SpringApplication.run(SpringApplication.java:349)
	at org.springframework.boot.SpringApplication.run(SpringApplication.java:1363)
	at org.springframework.boot.SpringApplication.run(SpringApplication.java:1352)
	at com.example.physiokalendar.PhysiokalendarApplication.main(PhysiokalendarApplication.java:12)
	at java.base/jdk.internal.reflect.NativeMethodAccessorImpl.invoke0(Native Method)
	at java.base/jdk.internal.reflect.NativeMethodAccessorImpl.invoke(NativeMethodAccessorImpl.java:77)
	at java.base/jdk.internal.reflect.DelegatingMethodAccessorImpl.invoke(DelegatingMethodAccessorImpl.java:43)
	at java.base/java.lang.reflect.Method.invoke(Method.java:568)
	at org.springframework.boot.devtools.restart.RestartLauncher.run(RestartLauncher.java:50)
2026-02-18 02:57:11.174 [restartedMain] ERROR c.e.p.s.AppointmentSeriesGeneratorJob - Error generating appointments for series 4441: failed to lazily initialize a collection of role: com.example.physiokalendar.entity.AppointmentSeries.cancellations: could not initialize proxy - no Session
org.hibernate.LazyInitializationException: failed to lazily initialize a collection of role: com.example.physiokalendar.entity.AppointmentSeries.cancellations: could not initialize proxy - no Session
	at org.hibernate.collection.spi.AbstractPersistentCollection.throwLazyInitializationException(AbstractPersistentCollection.java:636)
	at org.hibernate.collection.spi.AbstractPersistentCollection.withTemporarySessionIfNeeded(AbstractPersistentCollection.java:219)
	at org.hibernate.collection.spi.AbstractPersistentCollection.initialize(AbstractPersistentCollection.java:615)
	at org.hibernate.collection.spi.AbstractPersistentCollection.read(AbstractPersistentCollection.java:138)
	at org.hibernate.collection.spi.PersistentBag.iterator(PersistentBag.java:369)
	at java.base/java.util.Spliterators$IteratorSpliterator.estimateSize(Spliterators.java:1865)
	at java.base/java.util.Spliterator.getExactSizeIfKnown(Spliterator.java:414)
	at java.base/java.util.stream.AbstractPipeline.copyInto(AbstractPipeline.java:508)
	at java.base/java.util.stream.AbstractPipeline.wrapAndCopyInto(AbstractPipeline.java:499)
	at java.base/java.util.stream.ReduceOps$ReduceOp.evaluateSequential(ReduceOps.java:921)
	at java.base/java.util.stream.AbstractPipeline.evaluate(AbstractPipeline.java:234)
	at java.base/java.util.stream.ReferencePipeline.collect(ReferencePipeline.java:682)
	at com.example.physiokalendar.service.AppointmentSeriesGeneratorJob.generateAppointmentsForSeries(AppointmentSeriesGeneratorJob.java:151)
	at com.example.physiokalendar.service.AppointmentSeriesGeneratorJob.generateMissingAppointments(AppointmentSeriesGeneratorJob.java:107)
	at com.example.physiokalendar.service.AppointmentSeriesGeneratorJob.onApplicationReady(AppointmentSeriesGeneratorJob.java:57)
	at java.base/jdk.internal.reflect.NativeMethodAccessorImpl.invoke0(Native Method)
	at java.base/jdk.internal.reflect.NativeMethodAccessorImpl.invoke(NativeMethodAccessorImpl.java:77)
	at java.base/jdk.internal.reflect.DelegatingMethodAccessorImpl.invoke(DelegatingMethodAccessorImpl.java:43)
	at java.base/java.lang.reflect.Method.invoke(Method.java:568)
	at org.springframework.context.event.ApplicationListenerMethodAdapter.doInvoke(ApplicationListenerMethodAdapter.java:365)
	at org.springframework.context.event.ApplicationListenerMethodAdapter.processEvent(ApplicationListenerMethodAdapter.java:237)
	at org.springframework.context.event.ApplicationListenerMethodAdapter.onApplicationEvent(ApplicationListenerMethodAdapter.java:168)
	at org.springframework.context.event.SimpleApplicationEventMulticaster.doInvokeListener(SimpleApplicationEventMulticaster.java:185)
	at org.springframework.context.event.SimpleApplicationEventMulticaster.invokeListener(SimpleApplicationEventMulticaster.java:178)
	at org.springframework.context.event.SimpleApplicationEventMulticaster.multicastEvent(SimpleApplicationEventMulticaster.java:156)
	at org.springframework.context.support.AbstractApplicationContext.publishEvent(AbstractApplicationContext.java:452)
	at org.springframework.context.support.AbstractApplicationContext.publishEvent(AbstractApplicationContext.java:385)
	at org.springframework.boot.context.event.EventPublishingRunListener.ready(EventPublishingRunListener.java:109)
	at org.springframework.boot.SpringApplicationRunListeners.lambda$ready$6(SpringApplicationRunListeners.java:80)
	at java.base/java.lang.Iterable.forEach(Iterable.java:75)
	at org.springframework.boot.SpringApplicationRunListeners.doWithListeners(SpringApplicationRunListeners.java:118)
	at org.springframework.boot.SpringApplicationRunListeners.doWithListeners(SpringApplicationRunListeners.java:112)
	at org.springframework.boot.SpringApplicationRunListeners.ready(SpringApplicationRunListeners.java:80)
	at org.springframework.boot.SpringApplication.run(SpringApplication.java:349)
	at org.springframework.boot.SpringApplication.run(SpringApplication.java:1363)
	at org.springframework.boot.SpringApplication.run(SpringApplication.java:1352)
	at com.example.physiokalendar.PhysiokalendarApplication.main(PhysiokalendarApplication.java:12)
	at java.base/jdk.internal.reflect.NativeMethodAccessorImpl.invoke0(Native Method)
	at java.base/jdk.internal.reflect.NativeMethodAccessorImpl.invoke(NativeMethodAccessorImpl.java:77)
	at java.base/jdk.internal.reflect.DelegatingMethodAccessorImpl.invoke(DelegatingMethodAccessorImpl.java:43)
	at java.base/java.lang.reflect.Method.invoke(Method.java:568)
	at org.springframework.boot.devtools.restart.RestartLauncher.run(RestartLauncher.java:50)
2026-02-18 02:57:11.180 [restartedMain] ERROR c.e.p.s.AppointmentSeriesGeneratorJob - Error generating appointments for series 4442: failed to lazily initialize a collection of role: com.example.physiokalendar.entity.AppointmentSeries.cancellations: could not initialize proxy - no Session
org.hibernate.LazyInitializationException: failed to lazily initialize a collection of role: com.example.physiokalendar.entity.AppointmentSeries.cancellations: could not initialize proxy - no Session
	at org.hibernate.collection.spi.AbstractPersistentCollection.throwLazyInitializationException(AbstractPersistentCollection.java:636)
	at org.hibernate.collection.spi.AbstractPersistentCollection.withTemporarySessionIfNeeded(AbstractPersistentCollection.java:219)
	at org.hibernate.collection.spi.AbstractPersistentCollection.initialize(AbstractPersistentCollection.java:615)
	at org.hibernate.collection.spi.AbstractPersistentCollection.read(AbstractPersistentCollection.java:138)
	at org.hibernate.collection.spi.PersistentBag.iterator(PersistentBag.java:369)
	at java.base/java.util.Spliterators$IteratorSpliterator.estimateSize(Spliterators.java:1865)
	at java.base/java.util.Spliterator.getExactSizeIfKnown(Spliterator.java:414)
	at java.base/java.util.stream.AbstractPipeline.copyInto(AbstractPipeline.java:508)
	at java.base/java.util.stream.AbstractPipeline.wrapAndCopyInto(AbstractPipeline.java:499)
	at java.base/java.util.stream.ReduceOps$ReduceOp.evaluateSequential(ReduceOps.java:921)
	at java.base/java.util.stream.AbstractPipeline.evaluate(AbstractPipeline.java:234)
	at java.base/java.util.stream.ReferencePipeline.collect(ReferencePipeline.java:682)
	at com.example.physiokalendar.service.AppointmentSeriesGeneratorJob.generateAppointmentsForSeries(AppointmentSeriesGeneratorJob.java:151)
	at com.example.physiokalendar.service.AppointmentSeriesGeneratorJob.generateMissingAppointments(AppointmentSeriesGeneratorJob.java:107)
	at com.example.physiokalendar.service.AppointmentSeriesGeneratorJob.onApplicationReady(AppointmentSeriesGeneratorJob.java:57)
	at java.base/jdk.internal.reflect.NativeMethodAccessorImpl.invoke0(Native Method)
	at java.base/jdk.internal.reflect.NativeMethodAccessorImpl.invoke(NativeMethodAccessorImpl.java:77)
	at java.base/jdk.internal.reflect.DelegatingMethodAccessorImpl.invoke(DelegatingMethodAccessorImpl.java:43)
	at java.base/java.lang.reflect.Method.invoke(Method.java:568)
	at org.springframework.context.event.ApplicationListenerMethodAdapter.doInvoke(ApplicationListenerMethodAdapter.java:365)
	at org.springframework.context.event.ApplicationListenerMethodAdapter.processEvent(ApplicationListenerMethodAdapter.java:237)
	at org.springframework.context.event.ApplicationListenerMethodAdapter.onApplicationEvent(ApplicationListenerMethodAdapter.java:168)
	at org.springframework.context.event.SimpleApplicationEventMulticaster.doInvokeListener(SimpleApplicationEventMulticaster.java:185)
	at org.springframework.context.event.SimpleApplicationEventMulticaster.invokeListener(SimpleApplicationEventMulticaster.java:178)
	at org.springframework.context.event.SimpleApplicationEventMulticaster.multicastEvent(SimpleApplicationEventMulticaster.java:156)
	at org.springframework.context.support.AbstractApplicationContext.publishEvent(AbstractApplicationContext.java:452)
	at org.springframework.context.support.AbstractApplicationContext.publishEvent(AbstractApplicationContext.java:385)
	at org.springframework.boot.context.event.EventPublishingRunListener.ready(EventPublishingRunListener.java:109)
	at org.springframework.boot.SpringApplicationRunListeners.lambda$ready$6(SpringApplicationRunListeners.java:80)
	at java.base/java.lang.Iterable.forEach(Iterable.java:75)
	at org.springframework.boot.SpringApplicationRunListeners.doWithListeners(SpringApplicationRunListeners.java:118)
	at org.springframework.boot.SpringApplicationRunListeners.doWithListeners(SpringApplicationRunListeners.java:112)
	at org.springframework.boot.SpringApplicationRunListeners.ready(SpringApplicationRunListeners.java:80)
	at org.springframework.boot.SpringApplication.run(SpringApplication.java:349)
	at org.springframework.boot.SpringApplication.run(SpringApplication.java:1363)
	at org.springframework.boot.SpringApplication.run(SpringApplication.java:1352)
	at com.example.physiokalendar.PhysiokalendarApplication.main(PhysiokalendarApplication.java:12)
	at java.base/jdk.internal.reflect.NativeMethodAccessorImpl.invoke0(Native Method)
	at java.base/jdk.internal.reflect.NativeMethodAccessorImpl.invoke(NativeMethodAccessorImpl.java:77)
	at java.base/jdk.internal.reflect.DelegatingMethodAccessorImpl.invoke(DelegatingMethodAccessorImpl.java:43)
	at java.base/java.lang.reflect.Method.invoke(Method.java:568)
	at org.springframework.boot.devtools.restart.RestartLauncher.run(RestartLauncher.java:50)
2026-02-18 02:57:11.185 [restartedMain] ERROR c.e.p.s.AppointmentSeriesGeneratorJob - Error generating appointments for series 4443: failed to lazily initialize a collection of role: com.example.physiokalendar.entity.AppointmentSeries.cancellations: could not initialize proxy - no Session
org.hibernate.LazyInitializationException: failed to lazily initialize a collection of role: com.example.physiokalendar.entity.AppointmentSeries.cancellations: could not initialize proxy - no Session
	at org.hibernate.collection.spi.AbstractPersistentCollection.throwLazyInitializationException(AbstractPersistentCollection.java:636)
	at org.hibernate.collection.spi.AbstractPersistentCollection.withTemporarySessionIfNeeded(AbstractPersistentCollection.java:219)
	at org.hibernate.collection.spi.AbstractPersistentCollection.initialize(AbstractPersistentCollection.java:615)
	at org.hibernate.collection.spi.AbstractPersistentCollection.read(AbstractPersistentCollection.java:138)
	at org.hibernate.collection.spi.PersistentBag.iterator(PersistentBag.java:369)
	at java.base/java.util.Spliterators$IteratorSpliterator.estimateSize(Spliterators.java:1865)
	at java.base/java.util.Spliterator.getExactSizeIfKnown(Spliterator.java:414)
	at java.base/java.util.stream.AbstractPipeline.copyInto(AbstractPipeline.java:508)
	at java.base/java.util.stream.AbstractPipeline.wrapAndCopyInto(AbstractPipeline.java:499)
	at java.base/java.util.stream.ReduceOps$ReduceOp.evaluateSequential(ReduceOps.java:921)
	at java.base/java.util.stream.AbstractPipeline.evaluate(AbstractPipeline.java:234)
	at java.base/java.util.stream.ReferencePipeline.collect(ReferencePipeline.java:682)
	at com.example.physiokalendar.service.AppointmentSeriesGeneratorJob.generateAppointmentsForSeries(AppointmentSeriesGeneratorJob.java:151)
	at com.example.physiokalendar.service.AppointmentSeriesGeneratorJob.generateMissingAppointments(AppointmentSeriesGeneratorJob.java:107)
	at com.example.physiokalendar.service.AppointmentSeriesGeneratorJob.onApplicationReady(AppointmentSeriesGeneratorJob.java:57)
	at java.base/jdk.internal.reflect.NativeMethodAccessorImpl.invoke0(Native Method)
	at java.base/jdk.internal.reflect.NativeMethodAccessorImpl.invoke(NativeMethodAccessorImpl.java:77)
	at java.base/jdk.internal.reflect.DelegatingMethodAccessorImpl.invoke(DelegatingMethodAccessorImpl.java:43)
	at java.base/java.lang.reflect.Method.invoke(Method.java:568)
	at org.springframework.context.event.ApplicationListenerMethodAdapter.doInvoke(ApplicationListenerMethodAdapter.java:365)
	at org.springframework.context.event.ApplicationListenerMethodAdapter.processEvent(ApplicationListenerMethodAdapter.java:237)
	at org.springframework.context.event.ApplicationListenerMethodAdapter.onApplicationEvent(ApplicationListenerMethodAdapter.java:168)
	at org.springframework.context.event.SimpleApplicationEventMulticaster.doInvokeListener(SimpleApplicationEventMulticaster.java:185)
	at org.springframework.context.event.SimpleApplicationEventMulticaster.invokeListener(SimpleApplicationEventMulticaster.java:178)
	at org.springframework.context.event.SimpleApplicationEventMulticaster.multicastEvent(SimpleApplicationEventMulticaster.java:156)
	at org.springframework.context.support.AbstractApplicationContext.publishEvent(AbstractApplicationContext.java:452)
	at org.springframework.context.support.AbstractApplicationContext.publishEvent(AbstractApplicationContext.java:385)
	at org.springframework.boot.context.event.EventPublishingRunListener.ready(EventPublishingRunListener.java:109)
	at org.springframework.boot.SpringApplicationRunListeners.lambda$ready$6(SpringApplicationRunListeners.java:80)
	at java.base/java.lang.Iterable.forEach(Iterable.java:75)
	at org.springframework.boot.SpringApplicationRunListeners.doWithListeners(SpringApplicationRunListeners.java:118)
	at org.springframework.boot.SpringApplicationRunListeners.doWithListeners(SpringApplicationRunListeners.java:112)
	at org.springframework.boot.SpringApplicationRunListeners.ready(SpringApplicationRunListeners.java:80)
	at org.springframework.boot.SpringApplication.run(SpringApplication.java:349)
	at org.springframework.boot.SpringApplication.run(SpringApplication.java:1363)
	at org.springframework.boot.SpringApplication.run(SpringApplication.java:1352)
	at com.example.physiokalendar.PhysiokalendarApplication.main(PhysiokalendarApplication.java:12)
	at java.base/jdk.internal.reflect.NativeMethodAccessorImpl.invoke0(Native Method)
	at java.base/jdk.internal.reflect.NativeMethodAccessorImpl.invoke(NativeMethodAccessorImpl.java:77)
	at java.base/jdk.internal.reflect.DelegatingMethodAccessorImpl.invoke(DelegatingMethodAccessorImpl.java:43)
	at java.base/java.lang.reflect.Method.invoke(Method.java:568)
	at org.springframework.boot.devtools.restart.RestartLauncher.run(RestartLauncher.java:50)
2026-02-18 02:57:11.190 [restartedMain] ERROR c.e.p.s.AppointmentSeriesGeneratorJob - Error generating appointments for series 4444: failed to lazily initialize a collection of role: com.example.physiokalendar.entity.AppointmentSeries.cancellations: could not initialize proxy - no Session
org.hibernate.LazyInitializationException: failed to lazily initialize a collection of role: com.example.physiokalendar.entity.AppointmentSeries.cancellations: could not initialize proxy - no Session
	at org.hibernate.collection.spi.AbstractPersistentCollection.throwLazyInitializationException(AbstractPersistentCollection.java:636)
	at org.hibernate.collection.spi.AbstractPersistentCollection.withTemporarySessionIfNeeded(AbstractPersistentCollection.java:219)
	at org.hibernate.collection.spi.AbstractPersistentCollection.initialize(AbstractPersistentCollection.java:615)
	at org.hibernate.collection.spi.AbstractPersistentCollection.read(AbstractPersistentCollection.java:138)
	at org.hibernate.collection.spi.PersistentBag.iterator(PersistentBag.java:369)
	at java.base/java.util.Spliterators$IteratorSpliterator.estimateSize(Spliterators.java:1865)
	at java.base/java.util.Spliterator.getExactSizeIfKnown(Spliterator.java:414)
	at java.base/java.util.stream.AbstractPipeline.copyInto(AbstractPipeline.java:508)
	at java.base/java.util.stream.AbstractPipeline.wrapAndCopyInto(AbstractPipeline.java:499)
	at java.base/java.util.stream.ReduceOps$ReduceOp.evaluateSequential(ReduceOps.java:921)
	at java.base/java.util.stream.AbstractPipeline.evaluate(AbstractPipeline.java:234)
	at java.base/java.util.stream.ReferencePipeline.collect(ReferencePipeline.java:682)
	at com.example.physiokalendar.service.AppointmentSeriesGeneratorJob.generateAppointmentsForSeries(AppointmentSeriesGeneratorJob.java:151)
	at com.example.physiokalendar.service.AppointmentSeriesGeneratorJob.generateMissingAppointments(AppointmentSeriesGeneratorJob.java:107)
	at com.example.physiokalendar.service.AppointmentSeriesGeneratorJob.onApplicationReady(AppointmentSeriesGeneratorJob.java:57)
	at java.base/jdk.internal.reflect.NativeMethodAccessorImpl.invoke0(Native Method)
	at java.base/jdk.internal.reflect.NativeMethodAccessorImpl.invoke(NativeMethodAccessorImpl.java:77)
	at java.base/jdk.internal.reflect.DelegatingMethodAccessorImpl.invoke(DelegatingMethodAccessorImpl.java:43)
	at java.base/java.lang.reflect.Method.invoke(Method.java:568)
	at org.springframework.context.event.ApplicationListenerMethodAdapter.doInvoke(ApplicationListenerMethodAdapter.java:365)
	at org.springframework.context.event.ApplicationListenerMethodAdapter.processEvent(ApplicationListenerMethodAdapter.java:237)
	at org.springframework.context.event.ApplicationListenerMethodAdapter.onApplicationEvent(ApplicationListenerMethodAdapter.java:168)
	at org.springframework.context.event.SimpleApplicationEventMulticaster.doInvokeListener(SimpleApplicationEventMulticaster.java:185)
	at org.springframework.context.event.SimpleApplicationEventMulticaster.invokeListener(SimpleApplicationEventMulticaster.java:178)
	at org.springframework.context.event.SimpleApplicationEventMulticaster.multicastEvent(SimpleApplicationEventMulticaster.java:156)
	at org.springframework.context.support.AbstractApplicationContext.publishEvent(AbstractApplicationContext.java:452)
	at org.springframework.context.support.AbstractApplicationContext.publishEvent(AbstractApplicationContext.java:385)
	at org.springframework.boot.context.event.EventPublishingRunListener.ready(EventPublishingRunListener.java:109)
	at org.springframework.boot.SpringApplicationRunListeners.lambda$ready$6(SpringApplicationRunListeners.java:80)
	at java.base/java.lang.Iterable.forEach(Iterable.java:75)
	at org.springframework.boot.SpringApplicationRunListeners.doWithListeners(SpringApplicationRunListeners.java:118)
	at org.springframework.boot.SpringApplicationRunListeners.doWithListeners(SpringApplicationRunListeners.java:112)
	at org.springframework.boot.SpringApplicationRunListeners.ready(SpringApplicationRunListeners.java:80)
	at org.springframework.boot.SpringApplication.run(SpringApplication.java:349)
	at org.springframework.boot.SpringApplication.run(SpringApplication.java:1363)
	at org.springframework.boot.SpringApplication.run(SpringApplication.java:1352)
	at com.example.physiokalendar.PhysiokalendarApplication.main(PhysiokalendarApplication.java:12)
	at java.base/jdk.internal.reflect.NativeMethodAccessorImpl.invoke0(Native Method)
	at java.base/jdk.internal.reflect.NativeMethodAccessorImpl.invoke(NativeMethodAccessorImpl.java:77)
	at java.base/jdk.internal.reflect.DelegatingMethodAccessorImpl.invoke(DelegatingMethodAccessorImpl.java:43)
	at java.base/java.lang.reflect.Method.invoke(Method.java:568)
	at org.springframework.boot.devtools.restart.RestartLauncher.run(RestartLauncher.java:50)
2026-02-18 02:57:11.196 [restartedMain] ERROR c.e.p.s.AppointmentSeriesGeneratorJob - Error generating appointments for series 4445: failed to lazily initialize a collection of role: com.example.physiokalendar.entity.AppointmentSeries.cancellations: could not initialize proxy - no Session
org.hibernate.LazyInitializationException: failed to lazily initialize a collection of role: com.example.physiokalendar.entity.AppointmentSeries.cancellations: could not initialize proxy - no Session
	at org.hibernate.collection.spi.AbstractPersistentCollection.throwLazyInitializationException(AbstractPersistentCollection.java:636)
	at org.hibernate.collection.spi.AbstractPersistentCollection.withTemporarySessionIfNeeded(AbstractPersistentCollection.java:219)
	at org.hibernate.collection.spi.AbstractPersistentCollection.initialize(AbstractPersistentCollection.java:615)
	at org.hibernate.collection.spi.AbstractPersistentCollection.read(AbstractPersistentCollection.java:138)
	at org.hibernate.collection.spi.PersistentBag.iterator(PersistentBag.java:369)
	at java.base/java.util.Spliterators$IteratorSpliterator.estimateSize(Spliterators.java:1865)
	at java.base/java.util.Spliterator.getExactSizeIfKnown(Spliterator.java:414)
	at java.base/java.util.stream.AbstractPipeline.copyInto(AbstractPipeline.java:508)
	at java.base/java.util.stream.AbstractPipeline.wrapAndCopyInto(AbstractPipeline.java:499)
	at java.base/java.util.stream.ReduceOps$ReduceOp.evaluateSequential(ReduceOps.java:921)
	at java.base/java.util.stream.AbstractPipeline.evaluate(AbstractPipeline.java:234)
	at java.base/java.util.stream.ReferencePipeline.collect(ReferencePipeline.java:682)
	at com.example.physiokalendar.service.AppointmentSeriesGeneratorJob.generateAppointmentsForSeries(AppointmentSeriesGeneratorJob.java:151)
	at com.example.physiokalendar.service.AppointmentSeriesGeneratorJob.generateMissingAppointments(AppointmentSeriesGeneratorJob.java:107)
	at com.example.physiokalendar.service.AppointmentSeriesGeneratorJob.onApplicationReady(AppointmentSeriesGeneratorJob.java:57)
	at java.base/jdk.internal.reflect.NativeMethodAccessorImpl.invoke0(Native Method)
	at java.base/jdk.internal.reflect.NativeMethodAccessorImpl.invoke(NativeMethodAccessorImpl.java:77)
	at java.base/jdk.internal.reflect.DelegatingMethodAccessorImpl.invoke(DelegatingMethodAccessorImpl.java:43)
	at java.base/java.lang.reflect.Method.invoke(Method.java:568)
	at org.springframework.context.event.ApplicationListenerMethodAdapter.doInvoke(ApplicationListenerMethodAdapter.java:365)
	at org.springframework.context.event.ApplicationListenerMethodAdapter.processEvent(ApplicationListenerMethodAdapter.java:237)
	at org.springframework.context.event.ApplicationListenerMethodAdapter.onApplicationEvent(ApplicationListenerMethodAdapter.java:168)
	at org.springframework.context.event.SimpleApplicationEventMulticaster.doInvokeListener(SimpleApplicationEventMulticaster.java:185)
	at org.springframework.context.event.SimpleApplicationEventMulticaster.invokeListener(SimpleApplicationEventMulticaster.java:178)
	at org.springframework.context.event.SimpleApplicationEventMulticaster.multicastEvent(SimpleApplicationEventMulticaster.java:156)
	at org.springframework.context.support.AbstractApplicationContext.publishEvent(AbstractApplicationContext.java:452)
	at org.springframework.context.support.AbstractApplicationContext.publishEvent(AbstractApplicationContext.java:385)
	at org.springframework.boot.context.event.EventPublishingRunListener.ready(EventPublishingRunListener.java:109)
	at org.springframework.boot.SpringApplicationRunListeners.lambda$ready$6(SpringApplicationRunListeners.java:80)
	at java.base/java.lang.Iterable.forEach(Iterable.java:75)
	at org.springframework.boot.SpringApplicationRunListeners.doWithListeners(SpringApplicationRunListeners.java:118)
	at org.springframework.boot.SpringApplicationRunListeners.doWithListeners(SpringApplicationRunListeners.java:112)
	at org.springframework.boot.SpringApplicationRunListeners.ready(SpringApplicationRunListeners.java:80)
	at org.springframework.boot.SpringApplication.run(SpringApplication.java:349)
	at org.springframework.boot.SpringApplication.run(SpringApplication.java:1363)
	at org.springframework.boot.SpringApplication.run(SpringApplication.java:1352)
	at com.example.physiokalendar.PhysiokalendarApplication.main(PhysiokalendarApplication.java:12)
	at java.base/jdk.internal.reflect.NativeMethodAccessorImpl.invoke0(Native Method)
	at java.base/jdk.internal.reflect.NativeMethodAccessorImpl.invoke(NativeMethodAccessorImpl.java:77)
	at java.base/jdk.internal.reflect.DelegatingMethodAccessorImpl.invoke(DelegatingMethodAccessorImpl.java:43)
	at java.base/java.lang.reflect.Method.invoke(Method.java:568)
	at org.springframework.boot.devtools.restart.RestartLauncher.run(RestartLauncher.java:50)
2026-02-18 02:57:11.203 [restartedMain] ERROR c.e.p.s.AppointmentSeriesGeneratorJob - Error generating appointments for series 4446: failed to lazily initialize a collection of role: com.example.physiokalendar.entity.AppointmentSeries.cancellations: could not initialize proxy - no Session
org.hibernate.LazyInitializationException: failed to lazily initialize a collection of role: com.example.physiokalendar.entity.AppointmentSeries.cancellations: could not initialize proxy - no Session
	at org.hibernate.collection.spi.AbstractPersistentCollection.throwLazyInitializationException(AbstractPersistentCollection.java:636)
	at org.hibernate.collection.spi.AbstractPersistentCollection.withTemporarySessionIfNeeded(AbstractPersistentCollection.java:219)
	at org.hibernate.collection.spi.AbstractPersistentCollection.initialize(AbstractPersistentCollection.java:615)
	at org.hibernate.collection.spi.AbstractPersistentCollection.read(AbstractPersistentCollection.java:138)
	at org.hibernate.collection.spi.PersistentBag.iterator(PersistentBag.java:369)
	at java.base/java.util.Spliterators$IteratorSpliterator.estimateSize(Spliterators.java:1865)
	at java.base/java.util.Spliterator.getExactSizeIfKnown(Spliterator.java:414)
	at java.base/java.util.stream.AbstractPipeline.copyInto(AbstractPipeline.java:508)
	at java.base/java.util.stream.AbstractPipeline.wrapAndCopyInto(AbstractPipeline.java:499)
	at java.base/java.util.stream.ReduceOps$ReduceOp.evaluateSequential(ReduceOps.java:921)
	at java.base/java.util.stream.AbstractPipeline.evaluate(AbstractPipeline.java:234)
	at java.base/java.util.stream.ReferencePipeline.collect(ReferencePipeline.java:682)
	at com.example.physiokalendar.service.AppointmentSeriesGeneratorJob.generateAppointmentsForSeries(AppointmentSeriesGeneratorJob.java:151)
	at com.example.physiokalendar.service.AppointmentSeriesGeneratorJob.generateMissingAppointments(AppointmentSeriesGeneratorJob.java:107)
	at com.example.physiokalendar.service.AppointmentSeriesGeneratorJob.onApplicationReady(AppointmentSeriesGeneratorJob.java:57)
	at java.base/jdk.internal.reflect.NativeMethodAccessorImpl.invoke0(Native Method)
	at java.base/jdk.internal.reflect.NativeMethodAccessorImpl.invoke(NativeMethodAccessorImpl.java:77)
	at java.base/jdk.internal.reflect.DelegatingMethodAccessorImpl.invoke(DelegatingMethodAccessorImpl.java:43)
	at java.base/java.lang.reflect.Method.invoke(Method.java:568)
	at org.springframework.context.event.ApplicationListenerMethodAdapter.doInvoke(ApplicationListenerMethodAdapter.java:365)
	at org.springframework.context.event.ApplicationListenerMethodAdapter.processEvent(ApplicationListenerMethodAdapter.java:237)
	at org.springframework.context.event.ApplicationListenerMethodAdapter.onApplicationEvent(ApplicationListenerMethodAdapter.java:168)
	at org.springframework.context.event.SimpleApplicationEventMulticaster.doInvokeListener(SimpleApplicationEventMulticaster.java:185)
	at org.springframework.context.event.SimpleApplicationEventMulticaster.invokeListener(SimpleApplicationEventMulticaster.java:178)
	at org.springframework.context.event.SimpleApplicationEventMulticaster.multicastEvent(SimpleApplicationEventMulticaster.java:156)
	at org.springframework.context.support.AbstractApplicationContext.publishEvent(AbstractApplicationContext.java:452)
	at org.springframework.context.support.AbstractApplicationContext.publishEvent(AbstractApplicationContext.java:385)
	at org.springframework.boot.context.event.EventPublishingRunListener.ready(EventPublishingRunListener.java:109)
	at org.springframework.boot.SpringApplicationRunListeners.lambda$ready$6(SpringApplicationRunListeners.java:80)
	at java.base/java.lang.Iterable.forEach(Iterable.java:75)
	at org.springframework.boot.SpringApplicationRunListeners.doWithListeners(SpringApplicationRunListeners.java:118)
	at org.springframework.boot.SpringApplicationRunListeners.doWithListeners(SpringApplicationRunListeners.java:112)
	at org.springframework.boot.SpringApplicationRunListeners.ready(SpringApplicationRunListeners.java:80)
	at org.springframework.boot.SpringApplication.run(SpringApplication.java:349)
	at org.springframework.boot.SpringApplication.run(SpringApplication.java:1363)
	at org.springframework.boot.SpringApplication.run(SpringApplication.java:1352)
	at com.example.physiokalendar.PhysiokalendarApplication.main(PhysiokalendarApplication.java:12)
	at java.base/jdk.internal.reflect.NativeMethodAccessorImpl.invoke0(Native Method)
	at java.base/jdk.internal.reflect.NativeMethodAccessorImpl.invoke(NativeMethodAccessorImpl.java:77)
	at java.base/jdk.internal.reflect.DelegatingMethodAccessorImpl.invoke(DelegatingMethodAccessorImpl.java:43)
	at java.base/java.lang.reflect.Method.invoke(Method.java:568)
	at org.springframework.boot.devtools.restart.RestartLauncher.run(RestartLauncher.java:50)
2026-02-18 02:57:11.208 [restartedMain] ERROR c.e.p.s.AppointmentSeriesGeneratorJob - Error generating appointments for series 4447: failed to lazily initialize a collection of role: com.example.physiokalendar.entity.AppointmentSeries.cancellations: could not initialize proxy - no Session
org.hibernate.LazyInitializationException: failed to lazily initialize a collection of role: com.example.physiokalendar.entity.AppointmentSeries.cancellations: could not initialize proxy - no Session
	at org.hibernate.collection.spi.AbstractPersistentCollection.throwLazyInitializationException(AbstractPersistentCollection.java:636)
	at org.hibernate.collection.spi.AbstractPersistentCollection.withTemporarySessionIfNeeded(AbstractPersistentCollection.java:219)
	at org.hibernate.collection.spi.AbstractPersistentCollection.initialize(AbstractPersistentCollection.java:615)
	at org.hibernate.collection.spi.AbstractPersistentCollection.read(AbstractPersistentCollection.java:138)
	at org.hibernate.collection.spi.PersistentBag.iterator(PersistentBag.java:369)
	at java.base/java.util.Spliterators$IteratorSpliterator.estimateSize(Spliterators.java:1865)
	at java.base/java.util.Spliterator.getExactSizeIfKnown(Spliterator.java:414)
	at java.base/java.util.stream.AbstractPipeline.copyInto(AbstractPipeline.java:508)
	at java.base/java.util.stream.AbstractPipeline.wrapAndCopyInto(AbstractPipeline.java:499)
	at java.base/java.util.stream.ReduceOps$ReduceOp.evaluateSequential(ReduceOps.java:921)
	at java.base/java.util.stream.AbstractPipeline.evaluate(AbstractPipeline.java:234)
	at java.base/java.util.stream.ReferencePipeline.collect(ReferencePipeline.java:682)
	at com.example.physiokalendar.service.AppointmentSeriesGeneratorJob.generateAppointmentsForSeries(AppointmentSeriesGeneratorJob.java:151)
	at com.example.physiokalendar.service.AppointmentSeriesGeneratorJob.generateMissingAppointments(AppointmentSeriesGeneratorJob.java:107)
	at com.example.physiokalendar.service.AppointmentSeriesGeneratorJob.onApplicationReady(AppointmentSeriesGeneratorJob.java:57)
	at java.base/jdk.internal.reflect.NativeMethodAccessorImpl.invoke0(Native Method)
	at java.base/jdk.internal.reflect.NativeMethodAccessorImpl.invoke(NativeMethodAccessorImpl.java:77)
	at java.base/jdk.internal.reflect.DelegatingMethodAccessorImpl.invoke(DelegatingMethodAccessorImpl.java:43)
	at java.base/java.lang.reflect.Method.invoke(Method.java:568)
	at org.springframework.context.event.ApplicationListenerMethodAdapter.doInvoke(ApplicationListenerMethodAdapter.java:365)
	at org.springframework.context.event.ApplicationListenerMethodAdapter.processEvent(ApplicationListenerMethodAdapter.java:237)
	at org.springframework.context.event.ApplicationListenerMethodAdapter.onApplicationEvent(ApplicationListenerMethodAdapter.java:168)
	at org.springframework.context.event.SimpleApplicationEventMulticaster.doInvokeListener(SimpleApplicationEventMulticaster.java:185)
	at org.springframework.context.event.SimpleApplicationEventMulticaster.invokeListener(SimpleApplicationEventMulticaster.java:178)
	at org.springframework.context.event.SimpleApplicationEventMulticaster.multicastEvent(SimpleApplicationEventMulticaster.java:156)
	at org.springframework.context.support.AbstractApplicationContext.publishEvent(AbstractApplicationContext.java:452)
	at org.springframework.context.support.AbstractApplicationContext.publishEvent(AbstractApplicationContext.java:385)
	at org.springframework.boot.context.event.EventPublishingRunListener.ready(EventPublishingRunListener.java:109)
	at org.springframework.boot.SpringApplicationRunListeners.lambda$ready$6(SpringApplicationRunListeners.java:80)
	at java.base/java.lang.Iterable.forEach(Iterable.java:75)
	at org.springframework.boot.SpringApplicationRunListeners.doWithListeners(SpringApplicationRunListeners.java:118)
	at org.springframework.boot.SpringApplicationRunListeners.doWithListeners(SpringApplicationRunListeners.java:112)
	at org.springframework.boot.SpringApplicationRunListeners.ready(SpringApplicationRunListeners.java:80)
	at org.springframework.boot.SpringApplication.run(SpringApplication.java:349)
	at org.springframework.boot.SpringApplication.run(SpringApplication.java:1363)
	at org.springframework.boot.SpringApplication.run(SpringApplication.java:1352)
	at com.example.physiokalendar.PhysiokalendarApplication.main(PhysiokalendarApplication.java:12)
	at java.base/jdk.internal.reflect.NativeMethodAccessorImpl.invoke0(Native Method)
	at java.base/jdk.internal.reflect.NativeMethodAccessorImpl.invoke(NativeMethodAccessorImpl.java:77)
	at java.base/jdk.internal.reflect.DelegatingMethodAccessorImpl.invoke(DelegatingMethodAccessorImpl.java:43)
	at java.base/java.lang.reflect.Method.invoke(Method.java:568)
	at org.springframework.boot.devtools.restart.RestartLauncher.run(RestartLauncher.java:50)
2026-02-18 02:57:11.214 [restartedMain] ERROR c.e.p.s.AppointmentSeriesGeneratorJob - Error generating appointments for series 4448: failed to lazily initialize a collection of role: com.example.physiokalendar.entity.AppointmentSeries.cancellations: could not initialize proxy - no Session
org.hibernate.LazyInitializationException: failed to lazily initialize a collection of role: com.example.physiokalendar.entity.AppointmentSeries.cancellations: could not initialize proxy - no Session
	at org.hibernate.collection.spi.AbstractPersistentCollection.throwLazyInitializationException(AbstractPersistentCollection.java:636)
	at org.hibernate.collection.spi.AbstractPersistentCollection.withTemporarySessionIfNeeded(AbstractPersistentCollection.java:219)
	at org.hibernate.collection.spi.AbstractPersistentCollection.initialize(AbstractPersistentCollection.java:615)
	at org.hibernate.collection.spi.AbstractPersistentCollection.read(AbstractPersistentCollection.java:138)
	at org.hibernate.collection.spi.PersistentBag.iterator(PersistentBag.java:369)
	at java.base/java.util.Spliterators$IteratorSpliterator.estimateSize(Spliterators.java:1865)
	at java.base/java.util.Spliterator.getExactSizeIfKnown(Spliterator.java:414)
	at java.base/java.util.stream.AbstractPipeline.copyInto(AbstractPipeline.java:508)
	at java.base/java.util.stream.AbstractPipeline.wrapAndCopyInto(AbstractPipeline.java:499)
	at java.base/java.util.stream.ReduceOps$ReduceOp.evaluateSequential(ReduceOps.java:921)
	at java.base/java.util.stream.AbstractPipeline.evaluate(AbstractPipeline.java:234)
	at java.base/java.util.stream.ReferencePipeline.collect(ReferencePipeline.java:682)
	at com.example.physiokalendar.service.AppointmentSeriesGeneratorJob.generateAppointmentsForSeries(AppointmentSeriesGeneratorJob.java:151)
	at com.example.physiokalendar.service.AppointmentSeriesGeneratorJob.generateMissingAppointments(AppointmentSeriesGeneratorJob.java:107)
	at com.example.physiokalendar.service.AppointmentSeriesGeneratorJob.onApplicationReady(AppointmentSeriesGeneratorJob.java:57)
	at java.base/jdk.internal.reflect.NativeMethodAccessorImpl.invoke0(Native Method)
	at java.base/jdk.internal.reflect.NativeMethodAccessorImpl.invoke(NativeMethodAccessorImpl.java:77)
	at java.base/jdk.internal.reflect.DelegatingMethodAccessorImpl.invoke(DelegatingMethodAccessorImpl.java:43)
	at java.base/java.lang.reflect.Method.invoke(Method.java:568)
	at org.springframework.context.event.ApplicationListenerMethodAdapter.doInvoke(ApplicationListenerMethodAdapter.java:365)
	at org.springframework.context.event.ApplicationListenerMethodAdapter.processEvent(ApplicationListenerMethodAdapter.java:237)
	at org.springframework.context.event.ApplicationListenerMethodAdapter.onApplicationEvent(ApplicationListenerMethodAdapter.java:168)
	at org.springframework.context.event.SimpleApplicationEventMulticaster.doInvokeListener(SimpleApplicationEventMulticaster.java:185)
	at org.springframework.context.event.SimpleApplicationEventMulticaster.invokeListener(SimpleApplicationEventMulticaster.java:178)
	at org.springframework.context.event.SimpleApplicationEventMulticaster.multicastEvent(SimpleApplicationEventMulticaster.java:156)
	at org.springframework.context.support.AbstractApplicationContext.publishEvent(AbstractApplicationContext.java:452)
	at org.springframework.context.support.AbstractApplicationContext.publishEvent(AbstractApplicationContext.java:385)
	at org.springframework.boot.context.event.EventPublishingRunListener.ready(EventPublishingRunListener.java:109)
	at org.springframework.boot.SpringApplicationRunListeners.lambda$ready$6(SpringApplicationRunListeners.java:80)
	at java.base/java.lang.Iterable.forEach(Iterable.java:75)
	at org.springframework.boot.SpringApplicationRunListeners.doWithListeners(SpringApplicationRunListeners.java:118)
	at org.springframework.boot.SpringApplicationRunListeners.doWithListeners(SpringApplicationRunListeners.java:112)
	at org.springframework.boot.SpringApplicationRunListeners.ready(SpringApplicationRunListeners.java:80)
	at org.springframework.boot.SpringApplication.run(SpringApplication.java:349)
	at org.springframework.boot.SpringApplication.run(SpringApplication.java:1363)
	at org.springframework.boot.SpringApplication.run(SpringApplication.java:1352)
	at com.example.physiokalendar.PhysiokalendarApplication.main(PhysiokalendarApplication.java:12)
	at java.base/jdk.internal.reflect.NativeMethodAccessorImpl.invoke0(Native Method)
	at java.base/jdk.internal.reflect.NativeMethodAccessorImpl.invoke(NativeMethodAccessorImpl.java:77)
	at java.base/jdk.internal.reflect.DelegatingMethodAccessorImpl.invoke(DelegatingMethodAccessorImpl.java:43)
	at java.base/java.lang.reflect.Method.invoke(Method.java:568)
	at org.springframework.boot.devtools.restart.RestartLauncher.run(RestartLauncher.java:50)
2026-02-18 02:57:11.223 [restartedMain] ERROR c.e.p.s.AppointmentSeriesGeneratorJob - Error generating appointments for series 4449: failed to lazily initialize a collection of role: com.example.physiokalendar.entity.AppointmentSeries.cancellations: could not initialize proxy - no Session
org.hibernate.LazyInitializationException: failed to lazily initialize a collection of role: com.example.physiokalendar.entity.AppointmentSeries.cancellations: could not initialize proxy - no Session
	at org.hibernate.collection.spi.AbstractPersistentCollection.throwLazyInitializationException(AbstractPersistentCollection.java:636)
	at org.hibernate.collection.spi.AbstractPersistentCollection.withTemporarySessionIfNeeded(AbstractPersistentCollection.java:219)
	at org.hibernate.collection.spi.AbstractPersistentCollection.initialize(AbstractPersistentCollection.java:615)
	at org.hibernate.collection.spi.AbstractPersistentCollection.read(AbstractPersistentCollection.java:138)
	at org.hibernate.collection.spi.PersistentBag.iterator(PersistentBag.java:369)
	at java.base/java.util.Spliterators$IteratorSpliterator.estimateSize(Spliterators.java:1865)
	at java.base/java.util.Spliterator.getExactSizeIfKnown(Spliterator.java:414)
	at java.base/java.util.stream.AbstractPipeline.copyInto(AbstractPipeline.java:508)
	at java.base/java.util.stream.AbstractPipeline.wrapAndCopyInto(AbstractPipeline.java:499)
	at java.base/java.util.stream.ReduceOps$ReduceOp.evaluateSequential(ReduceOps.java:921)
	at java.base/java.util.stream.AbstractPipeline.evaluate(AbstractPipeline.java:234)
	at java.base/java.util.stream.ReferencePipeline.collect(ReferencePipeline.java:682)
	at com.example.physiokalendar.service.AppointmentSeriesGeneratorJob.generateAppointmentsForSeries(AppointmentSeriesGeneratorJob.java:151)
	at com.example.physiokalendar.service.AppointmentSeriesGeneratorJob.generateMissingAppointments(AppointmentSeriesGeneratorJob.java:107)
	at com.example.physiokalendar.service.AppointmentSeriesGeneratorJob.onApplicationReady(AppointmentSeriesGeneratorJob.java:57)
	at java.base/jdk.internal.reflect.NativeMethodAccessorImpl.invoke0(Native Method)
	at java.base/jdk.internal.reflect.NativeMethodAccessorImpl.invoke(NativeMethodAccessorImpl.java:77)
	at java.base/jdk.internal.reflect.DelegatingMethodAccessorImpl.invoke(DelegatingMethodAccessorImpl.java:43)
	at java.base/java.lang.reflect.Method.invoke(Method.java:568)
	at org.springframework.context.event.ApplicationListenerMethodAdapter.doInvoke(ApplicationListenerMethodAdapter.java:365)
	at org.springframework.context.event.ApplicationListenerMethodAdapter.processEvent(ApplicationListenerMethodAdapter.java:237)
	at org.springframework.context.event.ApplicationListenerMethodAdapter.onApplicationEvent(ApplicationListenerMethodAdapter.java:168)
	at org.springframework.context.event.SimpleApplicationEventMulticaster.doInvokeListener(SimpleApplicationEventMulticaster.java:185)
	at org.springframework.context.event.SimpleApplicationEventMulticaster.invokeListener(SimpleApplicationEventMulticaster.java:178)
	at org.springframework.context.event.SimpleApplicationEventMulticaster.multicastEvent(SimpleApplicationEventMulticaster.java:156)
	at org.springframework.context.support.AbstractApplicationContext.publishEvent(AbstractApplicationContext.java:452)
	at org.springframework.context.support.AbstractApplicationContext.publishEvent(AbstractApplicationContext.java:385)
	at org.springframework.boot.context.event.EventPublishingRunListener.ready(EventPublishingRunListener.java:109)
	at org.springframework.boot.SpringApplicationRunListeners.lambda$ready$6(SpringApplicationRunListeners.java:80)
	at java.base/java.lang.Iterable.forEach(Iterable.java:75)
	at org.springframework.boot.SpringApplicationRunListeners.doWithListeners(SpringApplicationRunListeners.java:118)
	at org.springframework.boot.SpringApplicationRunListeners.doWithListeners(SpringApplicationRunListeners.java:112)
	at org.springframework.boot.SpringApplicationRunListeners.ready(SpringApplicationRunListeners.java:80)
	at org.springframework.boot.SpringApplication.run(SpringApplication.java:349)
	at org.springframework.boot.SpringApplication.run(SpringApplication.java:1363)
	at org.springframework.boot.SpringApplication.run(SpringApplication.java:1352)
	at com.example.physiokalendar.PhysiokalendarApplication.main(PhysiokalendarApplication.java:12)
	at java.base/jdk.internal.reflect.NativeMethodAccessorImpl.invoke0(Native Method)
	at java.base/jdk.internal.reflect.NativeMethodAccessorImpl.invoke(NativeMethodAccessorImpl.java:77)
	at java.base/jdk.internal.reflect.DelegatingMethodAccessorImpl.invoke(DelegatingMethodAccessorImpl.java:43)
	at java.base/java.lang.reflect.Method.invoke(Method.java:568)
	at org.springframework.boot.devtools.restart.RestartLauncher.run(RestartLauncher.java:50)
2026-02-18 02:57:11.228 [restartedMain] ERROR c.e.p.s.AppointmentSeriesGeneratorJob - Error generating appointments for series 4450: failed to lazily initialize a collection of role: com.example.physiokalendar.entity.AppointmentSeries.cancellations: could not initialize proxy - no Session
org.hibernate.LazyInitializationException: failed to lazily initialize a collection of role: com.example.physiokalendar.entity.AppointmentSeries.cancellations: could not initialize proxy - no Session
	at org.hibernate.collection.spi.AbstractPersistentCollection.throwLazyInitializationException(AbstractPersistentCollection.java:636)
	at org.hibernate.collection.spi.AbstractPersistentCollection.withTemporarySessionIfNeeded(AbstractPersistentCollection.java:219)
	at org.hibernate.collection.spi.AbstractPersistentCollection.initialize(AbstractPersistentCollection.java:615)
	at org.hibernate.collection.spi.AbstractPersistentCollection.read(AbstractPersistentCollection.java:138)
	at org.hibernate.collection.spi.PersistentBag.iterator(PersistentBag.java:369)
	at java.base/java.util.Spliterators$IteratorSpliterator.estimateSize(Spliterators.java:1865)
	at java.base/java.util.Spliterator.getExactSizeIfKnown(Spliterator.java:414)
	at java.base/java.util.stream.AbstractPipeline.copyInto(AbstractPipeline.java:508)
	at java.base/java.util.stream.AbstractPipeline.wrapAndCopyInto(AbstractPipeline.java:499)
	at java.base/java.util.stream.ReduceOps$ReduceOp.evaluateSequential(ReduceOps.java:921)
	at java.base/java.util.stream.AbstractPipeline.evaluate(AbstractPipeline.java:234)
	at java.base/java.util.stream.ReferencePipeline.collect(ReferencePipeline.java:682)
	at com.example.physiokalendar.service.AppointmentSeriesGeneratorJob.generateAppointmentsForSeries(AppointmentSeriesGeneratorJob.java:151)
	at com.example.physiokalendar.service.AppointmentSeriesGeneratorJob.generateMissingAppointments(AppointmentSeriesGeneratorJob.java:107)
	at com.example.physiokalendar.service.AppointmentSeriesGeneratorJob.onApplicationReady(AppointmentSeriesGeneratorJob.java:57)
	at java.base/jdk.internal.reflect.NativeMethodAccessorImpl.invoke0(Native Method)
	at java.base/jdk.internal.reflect.NativeMethodAccessorImpl.invoke(NativeMethodAccessorImpl.java:77)
	at java.base/jdk.internal.reflect.DelegatingMethodAccessorImpl.invoke(DelegatingMethodAccessorImpl.java:43)
	at java.base/java.lang.reflect.Method.invoke(Method.java:568)
	at org.springframework.context.event.ApplicationListenerMethodAdapter.doInvoke(ApplicationListenerMethodAdapter.java:365)
	at org.springframework.context.event.ApplicationListenerMethodAdapter.processEvent(ApplicationListenerMethodAdapter.java:237)
	at org.springframework.context.event.ApplicationListenerMethodAdapter.onApplicationEvent(ApplicationListenerMethodAdapter.java:168)
	at org.springframework.context.event.SimpleApplicationEventMulticaster.doInvokeListener(SimpleApplicationEventMulticaster.java:185)
	at org.springframework.context.event.SimpleApplicationEventMulticaster.invokeListener(SimpleApplicationEventMulticaster.java:178)
	at org.springframework.context.event.SimpleApplicationEventMulticaster.multicastEvent(SimpleApplicationEventMulticaster.java:156)
	at org.springframework.context.support.AbstractApplicationContext.publishEvent(AbstractApplicationContext.java:452)
	at org.springframework.context.support.AbstractApplicationContext.publishEvent(AbstractApplicationContext.java:385)
	at org.springframework.boot.context.event.EventPublishingRunListener.ready(EventPublishingRunListener.java:109)
	at org.springframework.boot.SpringApplicationRunListeners.lambda$ready$6(SpringApplicationRunListeners.java:80)
	at java.base/java.lang.Iterable.forEach(Iterable.java:75)
	at org.springframework.boot.SpringApplicationRunListeners.doWithListeners(SpringApplicationRunListeners.java:118)
	at org.springframework.boot.SpringApplicationRunListeners.doWithListeners(SpringApplicationRunListeners.java:112)
	at org.springframework.boot.SpringApplicationRunListeners.ready(SpringApplicationRunListeners.java:80)
	at org.springframework.boot.SpringApplication.run(SpringApplication.java:349)
	at org.springframework.boot.SpringApplication.run(SpringApplication.java:1363)
	at org.springframework.boot.SpringApplication.run(SpringApplication.java:1352)
	at com.example.physiokalendar.PhysiokalendarApplication.main(PhysiokalendarApplication.java:12)
	at java.base/jdk.internal.reflect.NativeMethodAccessorImpl.invoke0(Native Method)
	at java.base/jdk.internal.reflect.NativeMethodAccessorImpl.invoke(NativeMethodAccessorImpl.java:77)
	at java.base/jdk.internal.reflect.DelegatingMethodAccessorImpl.invoke(DelegatingMethodAccessorImpl.java:43)
	at java.base/java.lang.reflect.Method.invoke(Method.java:568)
	at org.springframework.boot.devtools.restart.RestartLauncher.run(RestartLauncher.java:50)
2026-02-18 02:57:11.235 [restartedMain] ERROR c.e.p.s.AppointmentSeriesGeneratorJob - Error generating appointments for series 4451: failed to lazily initialize a collection of role: com.example.physiokalendar.entity.AppointmentSeries.cancellations: could not initialize proxy - no Session
org.hibernate.LazyInitializationException: failed to lazily initialize a collection of role: com.example.physiokalendar.entity.AppointmentSeries.cancellations: could not initialize proxy - no Session
	at org.hibernate.collection.spi.AbstractPersistentCollection.throwLazyInitializationException(AbstractPersistentCollection.java:636)
	at org.hibernate.collection.spi.AbstractPersistentCollection.withTemporarySessionIfNeeded(AbstractPersistentCollection.java:219)
	at org.hibernate.collection.spi.AbstractPersistentCollection.initialize(AbstractPersistentCollection.java:615)
	at org.hibernate.collection.spi.AbstractPersistentCollection.read(AbstractPersistentCollection.java:138)
	at org.hibernate.collection.spi.PersistentBag.iterator(PersistentBag.java:369)
	at java.base/java.util.Spliterators$IteratorSpliterator.estimateSize(Spliterators.java:1865)
	at java.base/java.util.Spliterator.getExactSizeIfKnown(Spliterator.java:414)
	at java.base/java.util.stream.AbstractPipeline.copyInto(AbstractPipeline.java:508)
	at java.base/java.util.stream.AbstractPipeline.wrapAndCopyInto(AbstractPipeline.java:499)
	at java.base/java.util.stream.ReduceOps$ReduceOp.evaluateSequential(ReduceOps.java:921)
	at java.base/java.util.stream.AbstractPipeline.evaluate(AbstractPipeline.java:234)
	at java.base/java.util.stream.ReferencePipeline.collect(ReferencePipeline.java:682)
	at com.example.physiokalendar.service.AppointmentSeriesGeneratorJob.generateAppointmentsForSeries(AppointmentSeriesGeneratorJob.java:151)
	at com.example.physiokalendar.service.AppointmentSeriesGeneratorJob.generateMissingAppointments(AppointmentSeriesGeneratorJob.java:107)
	at com.example.physiokalendar.service.AppointmentSeriesGeneratorJob.onApplicationReady(AppointmentSeriesGeneratorJob.java:57)
	at java.base/jdk.internal.reflect.NativeMethodAccessorImpl.invoke0(Native Method)
	at java.base/jdk.internal.reflect.NativeMethodAccessorImpl.invoke(NativeMethodAccessorImpl.java:77)
	at java.base/jdk.internal.reflect.DelegatingMethodAccessorImpl.invoke(DelegatingMethodAccessorImpl.java:43)
	at java.base/java.lang.reflect.Method.invoke(Method.java:568)
	at org.springframework.context.event.ApplicationListenerMethodAdapter.doInvoke(ApplicationListenerMethodAdapter.java:365)
	at org.springframework.context.event.ApplicationListenerMethodAdapter.processEvent(ApplicationListenerMethodAdapter.java:237)
	at org.springframework.context.event.ApplicationListenerMethodAdapter.onApplicationEvent(ApplicationListenerMethodAdapter.java:168)
	at org.springframework.context.event.SimpleApplicationEventMulticaster.doInvokeListener(SimpleApplicationEventMulticaster.java:185)
	at org.springframework.context.event.SimpleApplicationEventMulticaster.invokeListener(SimpleApplicationEventMulticaster.java:178)
	at org.springframework.context.event.SimpleApplicationEventMulticaster.multicastEvent(SimpleApplicationEventMulticaster.java:156)
	at org.springframework.context.support.AbstractApplicationContext.publishEvent(AbstractApplicationContext.java:452)
	at org.springframework.context.support.AbstractApplicationContext.publishEvent(AbstractApplicationContext.java:385)
	at org.springframework.boot.context.event.EventPublishingRunListener.ready(EventPublishingRunListener.java:109)
	at org.springframework.boot.SpringApplicationRunListeners.lambda$ready$6(SpringApplicationRunListeners.java:80)
	at java.base/java.lang.Iterable.forEach(Iterable.java:75)
	at org.springframework.boot.SpringApplicationRunListeners.doWithListeners(SpringApplicationRunListeners.java:118)
	at org.springframework.boot.SpringApplicationRunListeners.doWithListeners(SpringApplicationRunListeners.java:112)
	at org.springframework.boot.SpringApplicationRunListeners.ready(SpringApplicationRunListeners.java:80)
	at org.springframework.boot.SpringApplication.run(SpringApplication.java:349)
	at org.springframework.boot.SpringApplication.run(SpringApplication.java:1363)
	at org.springframework.boot.SpringApplication.run(SpringApplication.java:1352)
	at com.example.physiokalendar.PhysiokalendarApplication.main(PhysiokalendarApplication.java:12)
	at java.base/jdk.internal.reflect.NativeMethodAccessorImpl.invoke0(Native Method)
	at java.base/jdk.internal.reflect.NativeMethodAccessorImpl.invoke(NativeMethodAccessorImpl.java:77)
	at java.base/jdk.internal.reflect.DelegatingMethodAccessorImpl.invoke(DelegatingMethodAccessorImpl.java:43)
	at java.base/java.lang.reflect.Method.invoke(Method.java:568)
	at org.springframework.boot.devtools.restart.RestartLauncher.run(RestartLauncher.java:50)
2026-02-18 02:57:11.241 [restartedMain] ERROR c.e.p.s.AppointmentSeriesGeneratorJob - Error generating appointments for series 4452: failed to lazily initialize a collection of role: com.example.physiokalendar.entity.AppointmentSeries.cancellations: could not initialize proxy - no Session
org.hibernate.LazyInitializationException: failed to lazily initialize a collection of role: com.example.physiokalendar.entity.AppointmentSeries.cancellations: could not initialize proxy - no Session
	at org.hibernate.collection.spi.AbstractPersistentCollection.throwLazyInitializationException(AbstractPersistentCollection.java:636)
	at org.hibernate.collection.spi.AbstractPersistentCollection.withTemporarySessionIfNeeded(AbstractPersistentCollection.java:219)
	at org.hibernate.collection.spi.AbstractPersistentCollection.initialize(AbstractPersistentCollection.java:615)
	at org.hibernate.collection.spi.AbstractPersistentCollection.read(AbstractPersistentCollection.java:138)
	at org.hibernate.collection.spi.PersistentBag.iterator(PersistentBag.java:369)
	at java.base/java.util.Spliterators$IteratorSpliterator.estimateSize(Spliterators.java:1865)
	at java.base/java.util.Spliterator.getExactSizeIfKnown(Spliterator.java:414)
	at java.base/java.util.stream.AbstractPipeline.copyInto(AbstractPipeline.java:508)
	at java.base/java.util.stream.AbstractPipeline.wrapAndCopyInto(AbstractPipeline.java:499)
	at java.base/java.util.stream.ReduceOps$ReduceOp.evaluateSequential(ReduceOps.java:921)
	at java.base/java.util.stream.AbstractPipeline.evaluate(AbstractPipeline.java:234)
	at java.base/java.util.stream.ReferencePipeline.collect(ReferencePipeline.java:682)
	at com.example.physiokalendar.service.AppointmentSeriesGeneratorJob.generateAppointmentsForSeries(AppointmentSeriesGeneratorJob.java:151)
	at com.example.physiokalendar.service.AppointmentSeriesGeneratorJob.generateMissingAppointments(AppointmentSeriesGeneratorJob.java:107)
	at com.example.physiokalendar.service.AppointmentSeriesGeneratorJob.onApplicationReady(AppointmentSeriesGeneratorJob.java:57)
	at java.base/jdk.internal.reflect.NativeMethodAccessorImpl.invoke0(Native Method)
	at java.base/jdk.internal.reflect.NativeMethodAccessorImpl.invoke(NativeMethodAccessorImpl.java:77)
	at java.base/jdk.internal.reflect.DelegatingMethodAccessorImpl.invoke(DelegatingMethodAccessorImpl.java:43)
	at java.base/java.lang.reflect.Method.invoke(Method.java:568)
	at org.springframework.context.event.ApplicationListenerMethodAdapter.doInvoke(ApplicationListenerMethodAdapter.java:365)
	at org.springframework.context.event.ApplicationListenerMethodAdapter.processEvent(ApplicationListenerMethodAdapter.java:237)
	at org.springframework.context.event.ApplicationListenerMethodAdapter.onApplicationEvent(ApplicationListenerMethodAdapter.java:168)
	at org.springframework.context.event.SimpleApplicationEventMulticaster.doInvokeListener(SimpleApplicationEventMulticaster.java:185)
	at org.springframework.context.event.SimpleApplicationEventMulticaster.invokeListener(SimpleApplicationEventMulticaster.java:178)
	at org.springframework.context.event.SimpleApplicationEventMulticaster.multicastEvent(SimpleApplicationEventMulticaster.java:156)
	at org.springframework.context.support.AbstractApplicationContext.publishEvent(AbstractApplicationContext.java:452)
	at org.springframework.context.support.AbstractApplicationContext.publishEvent(AbstractApplicationContext.java:385)
	at org.springframework.boot.context.event.EventPublishingRunListener.ready(EventPublishingRunListener.java:109)
	at org.springframework.boot.SpringApplicationRunListeners.lambda$ready$6(SpringApplicationRunListeners.java:80)
	at java.base/java.lang.Iterable.forEach(Iterable.java:75)
	at org.springframework.boot.SpringApplicationRunListeners.doWithListeners(SpringApplicationRunListeners.java:118)
	at org.springframework.boot.SpringApplicationRunListeners.doWithListeners(SpringApplicationRunListeners.java:112)
	at org.springframework.boot.SpringApplicationRunListeners.ready(SpringApplicationRunListeners.java:80)
	at org.springframework.boot.SpringApplication.run(SpringApplication.java:349)
	at org.springframework.boot.SpringApplication.run(SpringApplication.java:1363)
	at org.springframework.boot.SpringApplication.run(SpringApplication.java:1352)
	at com.example.physiokalendar.PhysiokalendarApplication.main(PhysiokalendarApplication.java:12)
	at java.base/jdk.internal.reflect.NativeMethodAccessorImpl.invoke0(Native Method)
	at java.base/jdk.internal.reflect.NativeMethodAccessorImpl.invoke(NativeMethodAccessorImpl.java:77)
	at java.base/jdk.internal.reflect.DelegatingMethodAccessorImpl.invoke(DelegatingMethodAccessorImpl.java:43)
	at java.base/java.lang.reflect.Method.invoke(Method.java:568)
	at org.springframework.boot.devtools.restart.RestartLauncher.run(RestartLauncher.java:50)
2026-02-18 02:57:11.247 [restartedMain] ERROR c.e.p.s.AppointmentSeriesGeneratorJob - Error generating appointments for series 4453: failed to lazily initialize a collection of role: com.example.physiokalendar.entity.AppointmentSeries.cancellations: could not initialize proxy - no Session
org.hibernate.LazyInitializationException: failed to lazily initialize a collection of role: com.example.physiokalendar.entity.AppointmentSeries.cancellations: could not initialize proxy - no Session
	at org.hibernate.collection.spi.AbstractPersistentCollection.throwLazyInitializationException(AbstractPersistentCollection.java:636)
	at org.hibernate.collection.spi.AbstractPersistentCollection.withTemporarySessionIfNeeded(AbstractPersistentCollection.java:219)
	at org.hibernate.collection.spi.AbstractPersistentCollection.initialize(AbstractPersistentCollection.java:615)
	at org.hibernate.collection.spi.AbstractPersistentCollection.read(AbstractPersistentCollection.java:138)
	at org.hibernate.collection.spi.PersistentBag.iterator(PersistentBag.java:369)
	at java.base/java.util.Spliterators$IteratorSpliterator.estimateSize(Spliterators.java:1865)
	at java.base/java.util.Spliterator.getExactSizeIfKnown(Spliterator.java:414)
	at java.base/java.util.stream.AbstractPipeline.copyInto(AbstractPipeline.java:508)
	at java.base/java.util.stream.AbstractPipeline.wrapAndCopyInto(AbstractPipeline.java:499)
	at java.base/java.util.stream.ReduceOps$ReduceOp.evaluateSequential(ReduceOps.java:921)
	at java.base/java.util.stream.AbstractPipeline.evaluate(AbstractPipeline.java:234)
	at java.base/java.util.stream.ReferencePipeline.collect(ReferencePipeline.java:682)
	at com.example.physiokalendar.service.AppointmentSeriesGeneratorJob.generateAppointmentsForSeries(AppointmentSeriesGeneratorJob.java:151)
	at com.example.physiokalendar.service.AppointmentSeriesGeneratorJob.generateMissingAppointments(AppointmentSeriesGeneratorJob.java:107)
	at com.example.physiokalendar.service.AppointmentSeriesGeneratorJob.onApplicationReady(AppointmentSeriesGeneratorJob.java:57)
	at java.base/jdk.internal.reflect.NativeMethodAccessorImpl.invoke0(Native Method)
	at java.base/jdk.internal.reflect.NativeMethodAccessorImpl.invoke(NativeMethodAccessorImpl.java:77)
	at java.base/jdk.internal.reflect.DelegatingMethodAccessorImpl.invoke(DelegatingMethodAccessorImpl.java:43)
	at java.base/java.lang.reflect.Method.invoke(Method.java:568)
	at org.springframework.context.event.ApplicationListenerMethodAdapter.doInvoke(ApplicationListenerMethodAdapter.java:365)
	at org.springframework.context.event.ApplicationListenerMethodAdapter.processEvent(ApplicationListenerMethodAdapter.java:237)
	at org.springframework.context.event.ApplicationListenerMethodAdapter.onApplicationEvent(ApplicationListenerMethodAdapter.java:168)
	at org.springframework.context.event.SimpleApplicationEventMulticaster.doInvokeListener(SimpleApplicationEventMulticaster.java:185)
	at org.springframework.context.event.SimpleApplicationEventMulticaster.invokeListener(SimpleApplicationEventMulticaster.java:178)
	at org.springframework.context.event.SimpleApplicationEventMulticaster.multicastEvent(SimpleApplicationEventMulticaster.java:156)
	at org.springframework.context.support.AbstractApplicationContext.publishEvent(AbstractApplicationContext.java:452)
	at org.springframework.context.support.AbstractApplicationContext.publishEvent(AbstractApplicationContext.java:385)
	at org.springframework.boot.context.event.EventPublishingRunListener.ready(EventPublishingRunListener.java:109)
	at org.springframework.boot.SpringApplicationRunListeners.lambda$ready$6(SpringApplicationRunListeners.java:80)
	at java.base/java.lang.Iterable.forEach(Iterable.java:75)
	at org.springframework.boot.SpringApplicationRunListeners.doWithListeners(SpringApplicationRunListeners.java:118)
	at org.springframework.boot.SpringApplicationRunListeners.doWithListeners(SpringApplicationRunListeners.java:112)
	at org.springframework.boot.SpringApplicationRunListeners.ready(SpringApplicationRunListeners.java:80)
	at org.springframework.boot.SpringApplication.run(SpringApplication.java:349)
	at org.springframework.boot.SpringApplication.run(SpringApplication.java:1363)
	at org.springframework.boot.SpringApplication.run(SpringApplication.java:1352)
	at com.example.physiokalendar.PhysiokalendarApplication.main(PhysiokalendarApplication.java:12)
	at java.base/jdk.internal.reflect.NativeMethodAccessorImpl.invoke0(Native Method)
	at java.base/jdk.internal.reflect.NativeMethodAccessorImpl.invoke(NativeMethodAccessorImpl.java:77)
	at java.base/jdk.internal.reflect.DelegatingMethodAccessorImpl.invoke(DelegatingMethodAccessorImpl.java:43)
	at java.base/java.lang.reflect.Method.invoke(Method.java:568)
	at org.springframework.boot.devtools.restart.RestartLauncher.run(RestartLauncher.java:50)
2026-02-18 02:57:11.252 [restartedMain] ERROR c.e.p.s.AppointmentSeriesGeneratorJob - Error generating appointments for series 4454: failed to lazily initialize a collection of role: com.example.physiokalendar.entity.AppointmentSeries.cancellations: could not initialize proxy - no Session
org.hibernate.LazyInitializationException: failed to lazily initialize a collection of role: com.example.physiokalendar.entity.AppointmentSeries.cancellations: could not initialize proxy - no Session
	at org.hibernate.collection.spi.AbstractPersistentCollection.throwLazyInitializationException(AbstractPersistentCollection.java:636)
	at org.hibernate.collection.spi.AbstractPersistentCollection.withTemporarySessionIfNeeded(AbstractPersistentCollection.java:219)
	at org.hibernate.collection.spi.AbstractPersistentCollection.initialize(AbstractPersistentCollection.java:615)
	at org.hibernate.collection.spi.AbstractPersistentCollection.read(AbstractPersistentCollection.java:138)
	at org.hibernate.collection.spi.PersistentBag.iterator(PersistentBag.java:369)
	at java.base/java.util.Spliterators$IteratorSpliterator.estimateSize(Spliterators.java:1865)
	at java.base/java.util.Spliterator.getExactSizeIfKnown(Spliterator.java:414)
	at java.base/java.util.stream.AbstractPipeline.copyInto(AbstractPipeline.java:508)
	at java.base/java.util.stream.AbstractPipeline.wrapAndCopyInto(AbstractPipeline.java:499)
	at java.base/java.util.stream.ReduceOps$ReduceOp.evaluateSequential(ReduceOps.java:921)
	at java.base/java.util.stream.AbstractPipeline.evaluate(AbstractPipeline.java:234)
	at java.base/java.util.stream.ReferencePipeline.collect(ReferencePipeline.java:682)
	at com.example.physiokalendar.service.AppointmentSeriesGeneratorJob.generateAppointmentsForSeries(AppointmentSeriesGeneratorJob.java:151)
	at com.example.physiokalendar.service.AppointmentSeriesGeneratorJob.generateMissingAppointments(AppointmentSeriesGeneratorJob.java:107)
	at com.example.physiokalendar.service.AppointmentSeriesGeneratorJob.onApplicationReady(AppointmentSeriesGeneratorJob.java:57)
	at java.base/jdk.internal.reflect.NativeMethodAccessorImpl.invoke0(Native Method)
	at java.base/jdk.internal.reflect.NativeMethodAccessorImpl.invoke(NativeMethodAccessorImpl.java:77)
	at java.base/jdk.internal.reflect.DelegatingMethodAccessorImpl.invoke(DelegatingMethodAccessorImpl.java:43)
	at java.base/java.lang.reflect.Method.invoke(Method.java:568)
	at org.springframework.context.event.ApplicationListenerMethodAdapter.doInvoke(ApplicationListenerMethodAdapter.java:365)
	at org.springframework.context.event.ApplicationListenerMethodAdapter.processEvent(ApplicationListenerMethodAdapter.java:237)
	at org.springframework.context.event.ApplicationListenerMethodAdapter.onApplicationEvent(ApplicationListenerMethodAdapter.java:168)
	at org.springframework.context.event.SimpleApplicationEventMulticaster.doInvokeListener(SimpleApplicationEventMulticaster.java:185)
	at org.springframework.context.event.SimpleApplicationEventMulticaster.invokeListener(SimpleApplicationEventMulticaster.java:178)
	at org.springframework.context.event.SimpleApplicationEventMulticaster.multicastEvent(SimpleApplicationEventMulticaster.java:156)
	at org.springframework.context.support.AbstractApplicationContext.publishEvent(AbstractApplicationContext.java:452)
	at org.springframework.context.support.AbstractApplicationContext.publishEvent(AbstractApplicationContext.java:385)
	at org.springframework.boot.context.event.EventPublishingRunListener.ready(EventPublishingRunListener.java:109)
	at org.springframework.boot.SpringApplicationRunListeners.lambda$ready$6(SpringApplicationRunListeners.java:80)
	at java.base/java.lang.Iterable.forEach(Iterable.java:75)
	at org.springframework.boot.SpringApplicationRunListeners.doWithListeners(SpringApplicationRunListeners.java:118)
	at org.springframework.boot.SpringApplicationRunListeners.doWithListeners(SpringApplicationRunListeners.java:112)
	at org.springframework.boot.SpringApplicationRunListeners.ready(SpringApplicationRunListeners.java:80)
	at org.springframework.boot.SpringApplication.run(SpringApplication.java:349)
	at org.springframework.boot.SpringApplication.run(SpringApplication.java:1363)
	at org.springframework.boot.SpringApplication.run(SpringApplication.java:1352)
	at com.example.physiokalendar.PhysiokalendarApplication.main(PhysiokalendarApplication.java:12)
	at java.base/jdk.internal.reflect.NativeMethodAccessorImpl.invoke0(Native Method)
	at java.base/jdk.internal.reflect.NativeMethodAccessorImpl.invoke(NativeMethodAccessorImpl.java:77)
	at java.base/jdk.internal.reflect.DelegatingMethodAccessorImpl.invoke(DelegatingMethodAccessorImpl.java:43)
	at java.base/java.lang.reflect.Method.invoke(Method.java:568)
	at org.springframework.boot.devtools.restart.RestartLauncher.run(RestartLauncher.java:50)
2026-02-18 02:57:11.258 [restartedMain] ERROR c.e.p.s.AppointmentSeriesGeneratorJob - Error generating appointments for series 4455: failed to lazily initialize a collection of role: com.example.physiokalendar.entity.AppointmentSeries.cancellations: could not initialize proxy - no Session
org.hibernate.LazyInitializationException: failed to lazily initialize a collection of role: com.example.physiokalendar.entity.AppointmentSeries.cancellations: could not initialize proxy - no Session
	at org.hibernate.collection.spi.AbstractPersistentCollection.throwLazyInitializationException(AbstractPersistentCollection.java:636)
	at org.hibernate.collection.spi.AbstractPersistentCollection.withTemporarySessionIfNeeded(AbstractPersistentCollection.java:219)
	at org.hibernate.collection.spi.AbstractPersistentCollection.initialize(AbstractPersistentCollection.java:615)
	at org.hibernate.collection.spi.AbstractPersistentCollection.read(AbstractPersistentCollection.java:138)
	at org.hibernate.collection.spi.PersistentBag.iterator(PersistentBag.java:369)
	at java.base/java.util.Spliterators$IteratorSpliterator.estimateSize(Spliterators.java:1865)
	at java.base/java.util.Spliterator.getExactSizeIfKnown(Spliterator.java:414)
	at java.base/java.util.stream.AbstractPipeline.copyInto(AbstractPipeline.java:508)
	at java.base/java.util.stream.AbstractPipeline.wrapAndCopyInto(AbstractPipeline.java:499)
	at java.base/java.util.stream.ReduceOps$ReduceOp.evaluateSequential(ReduceOps.java:921)
	at java.base/java.util.stream.AbstractPipeline.evaluate(AbstractPipeline.java:234)
	at java.base/java.util.stream.ReferencePipeline.collect(ReferencePipeline.java:682)
	at com.example.physiokalendar.service.AppointmentSeriesGeneratorJob.generateAppointmentsForSeries(AppointmentSeriesGeneratorJob.java:151)
	at com.example.physiokalendar.service.AppointmentSeriesGeneratorJob.generateMissingAppointments(AppointmentSeriesGeneratorJob.java:107)
	at com.example.physiokalendar.service.AppointmentSeriesGeneratorJob.onApplicationReady(AppointmentSeriesGeneratorJob.java:57)
	at java.base/jdk.internal.reflect.NativeMethodAccessorImpl.invoke0(Native Method)
	at java.base/jdk.internal.reflect.NativeMethodAccessorImpl.invoke(NativeMethodAccessorImpl.java:77)
	at java.base/jdk.internal.reflect.DelegatingMethodAccessorImpl.invoke(DelegatingMethodAccessorImpl.java:43)
	at java.base/java.lang.reflect.Method.invoke(Method.java:568)
	at org.springframework.context.event.ApplicationListenerMethodAdapter.doInvoke(ApplicationListenerMethodAdapter.java:365)
	at org.springframework.context.event.ApplicationListenerMethodAdapter.processEvent(ApplicationListenerMethodAdapter.java:237)
	at org.springframework.context.event.ApplicationListenerMethodAdapter.onApplicationEvent(ApplicationListenerMethodAdapter.java:168)
	at org.springframework.context.event.SimpleApplicationEventMulticaster.doInvokeListener(SimpleApplicationEventMulticaster.java:185)
	at org.springframework.context.event.SimpleApplicationEventMulticaster.invokeListener(SimpleApplicationEventMulticaster.java:178)
	at org.springframework.context.event.SimpleApplicationEventMulticaster.multicastEvent(SimpleApplicationEventMulticaster.java:156)
	at org.springframework.context.support.AbstractApplicationContext.publishEvent(AbstractApplicationContext.java:452)
	at org.springframework.context.support.AbstractApplicationContext.publishEvent(AbstractApplicationContext.java:385)
	at org.springframework.boot.context.event.EventPublishingRunListener.ready(EventPublishingRunListener.java:109)
	at org.springframework.boot.SpringApplicationRunListeners.lambda$ready$6(SpringApplicationRunListeners.java:80)
	at java.base/java.lang.Iterable.forEach(Iterable.java:75)
	at org.springframework.boot.SpringApplicationRunListeners.doWithListeners(SpringApplicationRunListeners.java:118)
	at org.springframework.boot.SpringApplicationRunListeners.doWithListeners(SpringApplicationRunListeners.java:112)
	at org.springframework.boot.SpringApplicationRunListeners.ready(SpringApplicationRunListeners.java:80)
	at org.springframework.boot.SpringApplication.run(SpringApplication.java:349)
	at org.springframework.boot.SpringApplication.run(SpringApplication.java:1363)
	at org.springframework.boot.SpringApplication.run(SpringApplication.java:1352)
	at com.example.physiokalendar.PhysiokalendarApplication.main(PhysiokalendarApplication.java:12)
	at java.base/jdk.internal.reflect.NativeMethodAccessorImpl.invoke0(Native Method)
	at java.base/jdk.internal.reflect.NativeMethodAccessorImpl.invoke(NativeMethodAccessorImpl.java:77)
	at java.base/jdk.internal.reflect.DelegatingMethodAccessorImpl.invoke(DelegatingMethodAccessorImpl.java:43)
	at java.base/java.lang.reflect.Method.invoke(Method.java:568)
	at org.springframework.boot.devtools.restart.RestartLauncher.run(RestartLauncher.java:50)
2026-02-18 02:57:11.263 [restartedMain] ERROR c.e.p.s.AppointmentSeriesGeneratorJob - Error generating appointments for series 4456: failed to lazily initialize a collection of role: com.example.physiokalendar.entity.AppointmentSeries.cancellations: could not initialize proxy - no Session
org.hibernate.LazyInitializationException: failed to lazily initialize a collection of role: com.example.physiokalendar.entity.AppointmentSeries.cancellations: could not initialize proxy - no Session
	at org.hibernate.collection.spi.AbstractPersistentCollection.throwLazyInitializationException(AbstractPersistentCollection.java:636)
	at org.hibernate.collection.spi.AbstractPersistentCollection.withTemporarySessionIfNeeded(AbstractPersistentCollection.java:219)
	at org.hibernate.collection.spi.AbstractPersistentCollection.initialize(AbstractPersistentCollection.java:615)
	at org.hibernate.collection.spi.AbstractPersistentCollection.read(AbstractPersistentCollection.java:138)
	at org.hibernate.collection.spi.PersistentBag.iterator(PersistentBag.java:369)
	at java.base/java.util.Spliterators$IteratorSpliterator.estimateSize(Spliterators.java:1865)
	at java.base/java.util.Spliterator.getExactSizeIfKnown(Spliterator.java:414)
	at java.base/java.util.stream.AbstractPipeline.copyInto(AbstractPipeline.java:508)
	at java.base/java.util.stream.AbstractPipeline.wrapAndCopyInto(AbstractPipeline.java:499)
	at java.base/java.util.stream.ReduceOps$ReduceOp.evaluateSequential(ReduceOps.java:921)
	at java.base/java.util.stream.AbstractPipeline.evaluate(AbstractPipeline.java:234)
	at java.base/java.util.stream.ReferencePipeline.collect(ReferencePipeline.java:682)
	at com.example.physiokalendar.service.AppointmentSeriesGeneratorJob.generateAppointmentsForSeries(AppointmentSeriesGeneratorJob.java:151)
	at com.example.physiokalendar.service.AppointmentSeriesGeneratorJob.generateMissingAppointments(AppointmentSeriesGeneratorJob.java:107)
	at com.example.physiokalendar.service.AppointmentSeriesGeneratorJob.onApplicationReady(AppointmentSeriesGeneratorJob.java:57)
	at java.base/jdk.internal.reflect.NativeMethodAccessorImpl.invoke0(Native Method)
	at java.base/jdk.internal.reflect.NativeMethodAccessorImpl.invoke(NativeMethodAccessorImpl.java:77)
	at java.base/jdk.internal.reflect.DelegatingMethodAccessorImpl.invoke(DelegatingMethodAccessorImpl.java:43)
	at java.base/java.lang.reflect.Method.invoke(Method.java:568)
	at org.springframework.context.event.ApplicationListenerMethodAdapter.doInvoke(ApplicationListenerMethodAdapter.java:365)
	at org.springframework.context.event.ApplicationListenerMethodAdapter.processEvent(ApplicationListenerMethodAdapter.java:237)
	at org.springframework.context.event.ApplicationListenerMethodAdapter.onApplicationEvent(ApplicationListenerMethodAdapter.java:168)
	at org.springframework.context.event.SimpleApplicationEventMulticaster.doInvokeListener(SimpleApplicationEventMulticaster.java:185)
	at org.springframework.context.event.SimpleApplicationEventMulticaster.invokeListener(SimpleApplicationEventMulticaster.java:178)
	at org.springframework.context.event.SimpleApplicationEventMulticaster.multicastEvent(SimpleApplicationEventMulticaster.java:156)
	at org.springframework.context.support.AbstractApplicationContext.publishEvent(AbstractApplicationContext.java:452)
	at org.springframework.context.support.AbstractApplicationContext.publishEvent(AbstractApplicationContext.java:385)
	at org.springframework.boot.context.event.EventPublishingRunListener.ready(EventPublishingRunListener.java:109)
	at org.springframework.boot.SpringApplicationRunListeners.lambda$ready$6(SpringApplicationRunListeners.java:80)
	at java.base/java.lang.Iterable.forEach(Iterable.java:75)
	at org.springframework.boot.SpringApplicationRunListeners.doWithListeners(SpringApplicationRunListeners.java:118)
	at org.springframework.boot.SpringApplicationRunListeners.doWithListeners(SpringApplicationRunListeners.java:112)
	at org.springframework.boot.SpringApplicationRunListeners.ready(SpringApplicationRunListeners.java:80)
	at org.springframework.boot.SpringApplication.run(SpringApplication.java:349)
	at org.springframework.boot.SpringApplication.run(SpringApplication.java:1363)
	at org.springframework.boot.SpringApplication.run(SpringApplication.java:1352)
	at com.example.physiokalendar.PhysiokalendarApplication.main(PhysiokalendarApplication.java:12)
	at java.base/jdk.internal.reflect.NativeMethodAccessorImpl.invoke0(Native Method)
	at java.base/jdk.internal.reflect.NativeMethodAccessorImpl.invoke(NativeMethodAccessorImpl.java:77)
	at java.base/jdk.internal.reflect.DelegatingMethodAccessorImpl.invoke(DelegatingMethodAccessorImpl.java:43)
	at java.base/java.lang.reflect.Method.invoke(Method.java:568)
	at org.springframework.boot.devtools.restart.RestartLauncher.run(RestartLauncher.java:50)
2026-02-18 02:57:11.268 [restartedMain] ERROR c.e.p.s.AppointmentSeriesGeneratorJob - Error generating appointments for series 4457: failed to lazily initialize a collection of role: com.example.physiokalendar.entity.AppointmentSeries.cancellations: could not initialize proxy - no Session
org.hibernate.LazyInitializationException: failed to lazily initialize a collection of role: com.example.physiokalendar.entity.AppointmentSeries.cancellations: could not initialize proxy - no Session
	at org.hibernate.collection.spi.AbstractPersistentCollection.throwLazyInitializationException(AbstractPersistentCollection.java:636)
	at org.hibernate.collection.spi.AbstractPersistentCollection.withTemporarySessionIfNeeded(AbstractPersistentCollection.java:219)
	at org.hibernate.collection.spi.AbstractPersistentCollection.initialize(AbstractPersistentCollection.java:615)
	at org.hibernate.collection.spi.AbstractPersistentCollection.read(AbstractPersistentCollection.java:138)
	at org.hibernate.collection.spi.PersistentBag.iterator(PersistentBag.java:369)
	at java.base/java.util.Spliterators$IteratorSpliterator.estimateSize(Spliterators.java:1865)
	at java.base/java.util.Spliterator.getExactSizeIfKnown(Spliterator.java:414)
	at java.base/java.util.stream.AbstractPipeline.copyInto(AbstractPipeline.java:508)
	at java.base/java.util.stream.AbstractPipeline.wrapAndCopyInto(AbstractPipeline.java:499)
	at java.base/java.util.stream.ReduceOps$ReduceOp.evaluateSequential(ReduceOps.java:921)
	at java.base/java.util.stream.AbstractPipeline.evaluate(AbstractPipeline.java:234)
	at java.base/java.util.stream.ReferencePipeline.collect(ReferencePipeline.java:682)
	at com.example.physiokalendar.service.AppointmentSeriesGeneratorJob.generateAppointmentsForSeries(AppointmentSeriesGeneratorJob.java:151)
	at com.example.physiokalendar.service.AppointmentSeriesGeneratorJob.generateMissingAppointments(AppointmentSeriesGeneratorJob.java:107)
	at com.example.physiokalendar.service.AppointmentSeriesGeneratorJob.onApplicationReady(AppointmentSeriesGeneratorJob.java:57)
	at java.base/jdk.internal.reflect.NativeMethodAccessorImpl.invoke0(Native Method)
	at java.base/jdk.internal.reflect.NativeMethodAccessorImpl.invoke(NativeMethodAccessorImpl.java:77)
	at java.base/jdk.internal.reflect.DelegatingMethodAccessorImpl.invoke(DelegatingMethodAccessorImpl.java:43)
	at java.base/java.lang.reflect.Method.invoke(Method.java:568)
	at org.springframework.context.event.ApplicationListenerMethodAdapter.doInvoke(ApplicationListenerMethodAdapter.java:365)
	at org.springframework.context.event.ApplicationListenerMethodAdapter.processEvent(ApplicationListenerMethodAdapter.java:237)
	at org.springframework.context.event.ApplicationListenerMethodAdapter.onApplicationEvent(ApplicationListenerMethodAdapter.java:168)
	at org.springframework.context.event.SimpleApplicationEventMulticaster.doInvokeListener(SimpleApplicationEventMulticaster.java:185)
	at org.springframework.context.event.SimpleApplicationEventMulticaster.invokeListener(SimpleApplicationEventMulticaster.java:178)
	at org.springframework.context.event.SimpleApplicationEventMulticaster.multicastEvent(SimpleApplicationEventMulticaster.java:156)
	at org.springframework.context.support.AbstractApplicationContext.publishEvent(AbstractApplicationContext.java:452)
	at org.springframework.context.support.AbstractApplicationContext.publishEvent(AbstractApplicationContext.java:385)
	at org.springframework.boot.context.event.EventPublishingRunListener.ready(EventPublishingRunListener.java:109)
	at org.springframework.boot.SpringApplicationRunListeners.lambda$ready$6(SpringApplicationRunListeners.java:80)
	at java.base/java.lang.Iterable.forEach(Iterable.java:75)
	at org.springframework.boot.SpringApplicationRunListeners.doWithListeners(SpringApplicationRunListeners.java:118)
	at org.springframework.boot.SpringApplicationRunListeners.doWithListeners(SpringApplicationRunListeners.java:112)
	at org.springframework.boot.SpringApplicationRunListeners.ready(SpringApplicationRunListeners.java:80)
	at org.springframework.boot.SpringApplication.run(SpringApplication.java:349)
	at org.springframework.boot.SpringApplication.run(SpringApplication.java:1363)
	at org.springframework.boot.SpringApplication.run(SpringApplication.java:1352)
	at com.example.physiokalendar.PhysiokalendarApplication.main(PhysiokalendarApplication.java:12)
	at java.base/jdk.internal.reflect.NativeMethodAccessorImpl.invoke0(Native Method)
	at java.base/jdk.internal.reflect.NativeMethodAccessorImpl.invoke(NativeMethodAccessorImpl.java:77)
	at java.base/jdk.internal.reflect.DelegatingMethodAccessorImpl.invoke(DelegatingMethodAccessorImpl.java:43)
	at java.base/java.lang.reflect.Method.invoke(Method.java:568)
	at org.springframework.boot.devtools.restart.RestartLauncher.run(RestartLauncher.java:50)
2026-02-18 02:57:11.273 [restartedMain] ERROR c.e.p.s.AppointmentSeriesGeneratorJob - Error generating appointments for series 4458: failed to lazily initialize a collection of role: com.example.physiokalendar.entity.AppointmentSeries.cancellations: could not initialize proxy - no Session
org.hibernate.LazyInitializationException: failed to lazily initialize a collection of role: com.example.physiokalendar.entity.AppointmentSeries.cancellations: could not initialize proxy - no Session
	at org.hibernate.collection.spi.AbstractPersistentCollection.throwLazyInitializationException(AbstractPersistentCollection.java:636)
	at org.hibernate.collection.spi.AbstractPersistentCollection.withTemporarySessionIfNeeded(AbstractPersistentCollection.java:219)
	at org.hibernate.collection.spi.AbstractPersistentCollection.initialize(AbstractPersistentCollection.java:615)
	at org.hibernate.collection.spi.AbstractPersistentCollection.read(AbstractPersistentCollection.java:138)
	at org.hibernate.collection.spi.PersistentBag.iterator(PersistentBag.java:369)
	at java.base/java.util.Spliterators$IteratorSpliterator.estimateSize(Spliterators.java:1865)
	at java.base/java.util.Spliterator.getExactSizeIfKnown(Spliterator.java:414)
	at java.base/java.util.stream.AbstractPipeline.copyInto(AbstractPipeline.java:508)
	at java.base/java.util.stream.AbstractPipeline.wrapAndCopyInto(AbstractPipeline.java:499)
	at java.base/java.util.stream.ReduceOps$ReduceOp.evaluateSequential(ReduceOps.java:921)
	at java.base/java.util.stream.AbstractPipeline.evaluate(AbstractPipeline.java:234)
	at java.base/java.util.stream.ReferencePipeline.collect(ReferencePipeline.java:682)
	at com.example.physiokalendar.service.AppointmentSeriesGeneratorJob.generateAppointmentsForSeries(AppointmentSeriesGeneratorJob.java:151)
	at com.example.physiokalendar.service.AppointmentSeriesGeneratorJob.generateMissingAppointments(AppointmentSeriesGeneratorJob.java:107)
	at com.example.physiokalendar.service.AppointmentSeriesGeneratorJob.onApplicationReady(AppointmentSeriesGeneratorJob.java:57)
	at java.base/jdk.internal.reflect.NativeMethodAccessorImpl.invoke0(Native Method)
	at java.base/jdk.internal.reflect.NativeMethodAccessorImpl.invoke(NativeMethodAccessorImpl.java:77)
	at java.base/jdk.internal.reflect.DelegatingMethodAccessorImpl.invoke(DelegatingMethodAccessorImpl.java:43)
	at java.base/java.lang.reflect.Method.invoke(Method.java:568)
	at org.springframework.context.event.ApplicationListenerMethodAdapter.doInvoke(ApplicationListenerMethodAdapter.java:365)
	at org.springframework.context.event.ApplicationListenerMethodAdapter.processEvent(ApplicationListenerMethodAdapter.java:237)
	at org.springframework.context.event.ApplicationListenerMethodAdapter.onApplicationEvent(ApplicationListenerMethodAdapter.java:168)
	at org.springframework.context.event.SimpleApplicationEventMulticaster.doInvokeListener(SimpleApplicationEventMulticaster.java:185)
	at org.springframework.context.event.SimpleApplicationEventMulticaster.invokeListener(SimpleApplicationEventMulticaster.java:178)
	at org.springframework.context.event.SimpleApplicationEventMulticaster.multicastEvent(SimpleApplicationEventMulticaster.java:156)
	at org.springframework.context.support.AbstractApplicationContext.publishEvent(AbstractApplicationContext.java:452)
	at org.springframework.context.support.AbstractApplicationContext.publishEvent(AbstractApplicationContext.java:385)
	at org.springframework.boot.context.event.EventPublishingRunListener.ready(EventPublishingRunListener.java:109)
	at org.springframework.boot.SpringApplicationRunListeners.lambda$ready$6(SpringApplicationRunListeners.java:80)
	at java.base/java.lang.Iterable.forEach(Iterable.java:75)
	at org.springframework.boot.SpringApplicationRunListeners.doWithListeners(SpringApplicationRunListeners.java:118)
	at org.springframework.boot.SpringApplicationRunListeners.doWithListeners(SpringApplicationRunListeners.java:112)
	at org.springframework.boot.SpringApplicationRunListeners.ready(SpringApplicationRunListeners.java:80)
	at org.springframework.boot.SpringApplication.run(SpringApplication.java:349)
	at org.springframework.boot.SpringApplication.run(SpringApplication.java:1363)
	at org.springframework.boot.SpringApplication.run(SpringApplication.java:1352)
	at com.example.physiokalendar.PhysiokalendarApplication.main(PhysiokalendarApplication.java:12)
	at java.base/jdk.internal.reflect.NativeMethodAccessorImpl.invoke0(Native Method)
	at java.base/jdk.internal.reflect.NativeMethodAccessorImpl.invoke(NativeMethodAccessorImpl.java:77)
	at java.base/jdk.internal.reflect.DelegatingMethodAccessorImpl.invoke(DelegatingMethodAccessorImpl.java:43)
	at java.base/java.lang.reflect.Method.invoke(Method.java:568)
	at org.springframework.boot.devtools.restart.RestartLauncher.run(RestartLauncher.java:50)
2026-02-18 02:57:11.279 [restartedMain] ERROR c.e.p.s.AppointmentSeriesGeneratorJob - Error generating appointments for series 4459: failed to lazily initialize a collection of role: com.example.physiokalendar.entity.AppointmentSeries.cancellations: could not initialize proxy - no Session
org.hibernate.LazyInitializationException: failed to lazily initialize a collection of role: com.example.physiokalendar.entity.AppointmentSeries.cancellations: could not initialize proxy - no Session
	at org.hibernate.collection.spi.AbstractPersistentCollection.throwLazyInitializationException(AbstractPersistentCollection.java:636)
	at org.hibernate.collection.spi.AbstractPersistentCollection.withTemporarySessionIfNeeded(AbstractPersistentCollection.java:219)
	at org.hibernate.collection.spi.AbstractPersistentCollection.initialize(AbstractPersistentCollection.java:615)
	at org.hibernate.collection.spi.AbstractPersistentCollection.read(AbstractPersistentCollection.java:138)
	at org.hibernate.collection.spi.PersistentBag.iterator(PersistentBag.java:369)
	at java.base/java.util.Spliterators$IteratorSpliterator.estimateSize(Spliterators.java:1865)
	at java.base/java.util.Spliterator.getExactSizeIfKnown(Spliterator.java:414)
	at java.base/java.util.stream.AbstractPipeline.copyInto(AbstractPipeline.java:508)
	at java.base/java.util.stream.AbstractPipeline.wrapAndCopyInto(AbstractPipeline.java:499)
	at java.base/java.util.stream.ReduceOps$ReduceOp.evaluateSequential(ReduceOps.java:921)
	at java.base/java.util.stream.AbstractPipeline.evaluate(AbstractPipeline.java:234)
	at java.base/java.util.stream.ReferencePipeline.collect(ReferencePipeline.java:682)
	at com.example.physiokalendar.service.AppointmentSeriesGeneratorJob.generateAppointmentsForSeries(AppointmentSeriesGeneratorJob.java:151)
	at com.example.physiokalendar.service.AppointmentSeriesGeneratorJob.generateMissingAppointments(AppointmentSeriesGeneratorJob.java:107)
	at com.example.physiokalendar.service.AppointmentSeriesGeneratorJob.onApplicationReady(AppointmentSeriesGeneratorJob.java:57)
	at java.base/jdk.internal.reflect.NativeMethodAccessorImpl.invoke0(Native Method)
	at java.base/jdk.internal.reflect.NativeMethodAccessorImpl.invoke(NativeMethodAccessorImpl.java:77)
	at java.base/jdk.internal.reflect.DelegatingMethodAccessorImpl.invoke(DelegatingMethodAccessorImpl.java:43)
	at java.base/java.lang.reflect.Method.invoke(Method.java:568)
	at org.springframework.context.event.ApplicationListenerMethodAdapter.doInvoke(ApplicationListenerMethodAdapter.java:365)
	at org.springframework.context.event.ApplicationListenerMethodAdapter.processEvent(ApplicationListenerMethodAdapter.java:237)
	at org.springframework.context.event.ApplicationListenerMethodAdapter.onApplicationEvent(ApplicationListenerMethodAdapter.java:168)
	at org.springframework.context.event.SimpleApplicationEventMulticaster.doInvokeListener(SimpleApplicationEventMulticaster.java:185)
	at org.springframework.context.event.SimpleApplicationEventMulticaster.invokeListener(SimpleApplicationEventMulticaster.java:178)
	at org.springframework.context.event.SimpleApplicationEventMulticaster.multicastEvent(SimpleApplicationEventMulticaster.java:156)
	at org.springframework.context.support.AbstractApplicationContext.publishEvent(AbstractApplicationContext.java:452)
	at org.springframework.context.support.AbstractApplicationContext.publishEvent(AbstractApplicationContext.java:385)
	at org.springframework.boot.context.event.EventPublishingRunListener.ready(EventPublishingRunListener.java:109)
	at org.springframework.boot.SpringApplicationRunListeners.lambda$ready$6(SpringApplicationRunListeners.java:80)
	at java.base/java.lang.Iterable.forEach(Iterable.java:75)
	at org.springframework.boot.SpringApplicationRunListeners.doWithListeners(SpringApplicationRunListeners.java:118)
	at org.springframework.boot.SpringApplicationRunListeners.doWithListeners(SpringApplicationRunListeners.java:112)
	at org.springframework.boot.SpringApplicationRunListeners.ready(SpringApplicationRunListeners.java:80)
	at org.springframework.boot.SpringApplication.run(SpringApplication.java:349)
	at org.springframework.boot.SpringApplication.run(SpringApplication.java:1363)
	at org.springframework.boot.SpringApplication.run(SpringApplication.java:1352)
	at com.example.physiokalendar.PhysiokalendarApplication.main(PhysiokalendarApplication.java:12)
	at java.base/jdk.internal.reflect.NativeMethodAccessorImpl.invoke0(Native Method)
	at java.base/jdk.internal.reflect.NativeMethodAccessorImpl.invoke(NativeMethodAccessorImpl.java:77)
	at java.base/jdk.internal.reflect.DelegatingMethodAccessorImpl.invoke(DelegatingMethodAccessorImpl.java:43)
	at java.base/java.lang.reflect.Method.invoke(Method.java:568)
	at org.springframework.boot.devtools.restart.RestartLauncher.run(RestartLauncher.java:50)
2026-02-18 02:57:11.285 [restartedMain] ERROR c.e.p.s.AppointmentSeriesGeneratorJob - Error generating appointments for series 4460: failed to lazily initialize a collection of role: com.example.physiokalendar.entity.AppointmentSeries.cancellations: could not initialize proxy - no Session
org.hibernate.LazyInitializationException: failed to lazily initialize a collection of role: com.example.physiokalendar.entity.AppointmentSeries.cancellations: could not initialize proxy - no Session
	at org.hibernate.collection.spi.AbstractPersistentCollection.throwLazyInitializationException(AbstractPersistentCollection.java:636)
	at org.hibernate.collection.spi.AbstractPersistentCollection.withTemporarySessionIfNeeded(AbstractPersistentCollection.java:219)
	at org.hibernate.collection.spi.AbstractPersistentCollection.initialize(AbstractPersistentCollection.java:615)
	at org.hibernate.collection.spi.AbstractPersistentCollection.read(AbstractPersistentCollection.java:138)
	at org.hibernate.collection.spi.PersistentBag.iterator(PersistentBag.java:369)
	at java.base/java.util.Spliterators$IteratorSpliterator.estimateSize(Spliterators.java:1865)
	at java.base/java.util.Spliterator.getExactSizeIfKnown(Spliterator.java:414)
	at java.base/java.util.stream.AbstractPipeline.copyInto(AbstractPipeline.java:508)
	at java.base/java.util.stream.AbstractPipeline.wrapAndCopyInto(AbstractPipeline.java:499)
	at java.base/java.util.stream.ReduceOps$ReduceOp.evaluateSequential(ReduceOps.java:921)
	at java.base/java.util.stream.AbstractPipeline.evaluate(AbstractPipeline.java:234)
	at java.base/java.util.stream.ReferencePipeline.collect(ReferencePipeline.java:682)
	at com.example.physiokalendar.service.AppointmentSeriesGeneratorJob.generateAppointmentsForSeries(AppointmentSeriesGeneratorJob.java:151)
	at com.example.physiokalendar.service.AppointmentSeriesGeneratorJob.generateMissingAppointments(AppointmentSeriesGeneratorJob.java:107)
	at com.example.physiokalendar.service.AppointmentSeriesGeneratorJob.onApplicationReady(AppointmentSeriesGeneratorJob.java:57)
	at java.base/jdk.internal.reflect.NativeMethodAccessorImpl.invoke0(Native Method)
	at java.base/jdk.internal.reflect.NativeMethodAccessorImpl.invoke(NativeMethodAccessorImpl.java:77)
	at java.base/jdk.internal.reflect.DelegatingMethodAccessorImpl.invoke(DelegatingMethodAccessorImpl.java:43)
	at java.base/java.lang.reflect.Method.invoke(Method.java:568)
	at org.springframework.context.event.ApplicationListenerMethodAdapter.doInvoke(ApplicationListenerMethodAdapter.java:365)
	at org.springframework.context.event.ApplicationListenerMethodAdapter.processEvent(ApplicationListenerMethodAdapter.java:237)
	at org.springframework.context.event.ApplicationListenerMethodAdapter.onApplicationEvent(ApplicationListenerMethodAdapter.java:168)
	at org.springframework.context.event.SimpleApplicationEventMulticaster.doInvokeListener(SimpleApplicationEventMulticaster.java:185)
	at org.springframework.context.event.SimpleApplicationEventMulticaster.invokeListener(SimpleApplicationEventMulticaster.java:178)
	at org.springframework.context.event.SimpleApplicationEventMulticaster.multicastEvent(SimpleApplicationEventMulticaster.java:156)
	at org.springframework.context.support.AbstractApplicationContext.publishEvent(AbstractApplicationContext.java:452)
	at org.springframework.context.support.AbstractApplicationContext.publishEvent(AbstractApplicationContext.java:385)
	at org.springframework.boot.context.event.EventPublishingRunListener.ready(EventPublishingRunListener.java:109)
	at org.springframework.boot.SpringApplicationRunListeners.lambda$ready$6(SpringApplicationRunListeners.java:80)
	at java.base/java.lang.Iterable.forEach(Iterable.java:75)
	at org.springframework.boot.SpringApplicationRunListeners.doWithListeners(SpringApplicationRunListeners.java:118)
	at org.springframework.boot.SpringApplicationRunListeners.doWithListeners(SpringApplicationRunListeners.java:112)
	at org.springframework.boot.SpringApplicationRunListeners.ready(SpringApplicationRunListeners.java:80)
	at org.springframework.boot.SpringApplication.run(SpringApplication.java:349)
	at org.springframework.boot.SpringApplication.run(SpringApplication.java:1363)
	at org.springframework.boot.SpringApplication.run(SpringApplication.java:1352)
	at com.example.physiokalendar.PhysiokalendarApplication.main(PhysiokalendarApplication.java:12)
	at java.base/jdk.internal.reflect.NativeMethodAccessorImpl.invoke0(Native Method)
	at java.base/jdk.internal.reflect.NativeMethodAccessorImpl.invoke(NativeMethodAccessorImpl.java:77)
	at java.base/jdk.internal.reflect.DelegatingMethodAccessorImpl.invoke(DelegatingMethodAccessorImpl.java:43)
	at java.base/java.lang.reflect.Method.invoke(Method.java:568)
	at org.springframework.boot.devtools.restart.RestartLauncher.run(RestartLauncher.java:50)
2026-02-18 02:57:11.290 [restartedMain] ERROR c.e.p.s.AppointmentSeriesGeneratorJob - Error generating appointments for series 4461: failed to lazily initialize a collection of role: com.example.physiokalendar.entity.AppointmentSeries.cancellations: could not initialize proxy - no Session
org.hibernate.LazyInitializationException: failed to lazily initialize a collection of role: com.example.physiokalendar.entity.AppointmentSeries.cancellations: could not initialize proxy - no Session
	at org.hibernate.collection.spi.AbstractPersistentCollection.throwLazyInitializationException(AbstractPersistentCollection.java:636)
	at org.hibernate.collection.spi.AbstractPersistentCollection.withTemporarySessionIfNeeded(AbstractPersistentCollection.java:219)
	at org.hibernate.collection.spi.AbstractPersistentCollection.initialize(AbstractPersistentCollection.java:615)
	at org.hibernate.collection.spi.AbstractPersistentCollection.read(AbstractPersistentCollection.java:138)
	at org.hibernate.collection.spi.PersistentBag.iterator(PersistentBag.java:369)
	at java.base/java.util.Spliterators$IteratorSpliterator.estimateSize(Spliterators.java:1865)
	at java.base/java.util.Spliterator.getExactSizeIfKnown(Spliterator.java:414)
	at java.base/java.util.stream.AbstractPipeline.copyInto(AbstractPipeline.java:508)
	at java.base/java.util.stream.AbstractPipeline.wrapAndCopyInto(AbstractPipeline.java:499)
	at java.base/java.util.stream.ReduceOps$ReduceOp.evaluateSequential(ReduceOps.java:921)
	at java.base/java.util.stream.AbstractPipeline.evaluate(AbstractPipeline.java:234)
	at java.base/java.util.stream.ReferencePipeline.collect(ReferencePipeline.java:682)
	at com.example.physiokalendar.service.AppointmentSeriesGeneratorJob.generateAppointmentsForSeries(AppointmentSeriesGeneratorJob.java:151)
	at com.example.physiokalendar.service.AppointmentSeriesGeneratorJob.generateMissingAppointments(AppointmentSeriesGeneratorJob.java:107)
	at com.example.physiokalendar.service.AppointmentSeriesGeneratorJob.onApplicationReady(AppointmentSeriesGeneratorJob.java:57)
	at java.base/jdk.internal.reflect.NativeMethodAccessorImpl.invoke0(Native Method)
	at java.base/jdk.internal.reflect.NativeMethodAccessorImpl.invoke(NativeMethodAccessorImpl.java:77)
	at java.base/jdk.internal.reflect.DelegatingMethodAccessorImpl.invoke(DelegatingMethodAccessorImpl.java:43)
	at java.base/java.lang.reflect.Method.invoke(Method.java:568)
	at org.springframework.context.event.ApplicationListenerMethodAdapter.doInvoke(ApplicationListenerMethodAdapter.java:365)
	at org.springframework.context.event.ApplicationListenerMethodAdapter.processEvent(ApplicationListenerMethodAdapter.java:237)
	at org.springframework.context.event.ApplicationListenerMethodAdapter.onApplicationEvent(ApplicationListenerMethodAdapter.java:168)
	at org.springframework.context.event.SimpleApplicationEventMulticaster.doInvokeListener(SimpleApplicationEventMulticaster.java:185)
	at org.springframework.context.event.SimpleApplicationEventMulticaster.invokeListener(SimpleApplicationEventMulticaster.java:178)
	at org.springframework.context.event.SimpleApplicationEventMulticaster.multicastEvent(SimpleApplicationEventMulticaster.java:156)
	at org.springframework.context.support.AbstractApplicationContext.publishEvent(AbstractApplicationContext.java:452)
	at org.springframework.context.support.AbstractApplicationContext.publishEvent(AbstractApplicationContext.java:385)
	at org.springframework.boot.context.event.EventPublishingRunListener.ready(EventPublishingRunListener.java:109)
	at org.springframework.boot.SpringApplicationRunListeners.lambda$ready$6(SpringApplicationRunListeners.java:80)
	at java.base/java.lang.Iterable.forEach(Iterable.java:75)
	at org.springframework.boot.SpringApplicationRunListeners.doWithListeners(SpringApplicationRunListeners.java:118)
	at org.springframework.boot.SpringApplicationRunListeners.doWithListeners(SpringApplicationRunListeners.java:112)
	at org.springframework.boot.SpringApplicationRunListeners.ready(SpringApplicationRunListeners.java:80)
	at org.springframework.boot.SpringApplication.run(SpringApplication.java:349)
	at org.springframework.boot.SpringApplication.run(SpringApplication.java:1363)
	at org.springframework.boot.SpringApplication.run(SpringApplication.java:1352)
	at com.example.physiokalendar.PhysiokalendarApplication.main(PhysiokalendarApplication.java:12)
	at java.base/jdk.internal.reflect.NativeMethodAccessorImpl.invoke0(Native Method)
	at java.base/jdk.internal.reflect.NativeMethodAccessorImpl.invoke(NativeMethodAccessorImpl.java:77)
	at java.base/jdk.internal.reflect.DelegatingMethodAccessorImpl.invoke(DelegatingMethodAccessorImpl.java:43)
	at java.base/java.lang.reflect.Method.invoke(Method.java:568)
	at org.springframework.boot.devtools.restart.RestartLauncher.run(RestartLauncher.java:50)
2026-02-18 02:57:11.296 [restartedMain] ERROR c.e.p.s.AppointmentSeriesGeneratorJob - Error generating appointments for series 4462: failed to lazily initialize a collection of role: com.example.physiokalendar.entity.AppointmentSeries.cancellations: could not initialize proxy - no Session
org.hibernate.LazyInitializationException: failed to lazily initialize a collection of role: com.example.physiokalendar.entity.AppointmentSeries.cancellations: could not initialize proxy - no Session
	at org.hibernate.collection.spi.AbstractPersistentCollection.throwLazyInitializationException(AbstractPersistentCollection.java:636)
	at org.hibernate.collection.spi.AbstractPersistentCollection.withTemporarySessionIfNeeded(AbstractPersistentCollection.java:219)
	at org.hibernate.collection.spi.AbstractPersistentCollection.initialize(AbstractPersistentCollection.java:615)
	at org.hibernate.collection.spi.AbstractPersistentCollection.read(AbstractPersistentCollection.java:138)
	at org.hibernate.collection.spi.PersistentBag.iterator(PersistentBag.java:369)
	at java.base/java.util.Spliterators$IteratorSpliterator.estimateSize(Spliterators.java:1865)
	at java.base/java.util.Spliterator.getExactSizeIfKnown(Spliterator.java:414)
	at java.base/java.util.stream.AbstractPipeline.copyInto(AbstractPipeline.java:508)
	at java.base/java.util.stream.AbstractPipeline.wrapAndCopyInto(AbstractPipeline.java:499)
	at java.base/java.util.stream.ReduceOps$ReduceOp.evaluateSequential(ReduceOps.java:921)
	at java.base/java.util.stream.AbstractPipeline.evaluate(AbstractPipeline.java:234)
	at java.base/java.util.stream.ReferencePipeline.collect(ReferencePipeline.java:682)
	at com.example.physiokalendar.service.AppointmentSeriesGeneratorJob.generateAppointmentsForSeries(AppointmentSeriesGeneratorJob.java:151)
	at com.example.physiokalendar.service.AppointmentSeriesGeneratorJob.generateMissingAppointments(AppointmentSeriesGeneratorJob.java:107)
	at com.example.physiokalendar.service.AppointmentSeriesGeneratorJob.onApplicationReady(AppointmentSeriesGeneratorJob.java:57)
	at java.base/jdk.internal.reflect.NativeMethodAccessorImpl.invoke0(Native Method)
	at java.base/jdk.internal.reflect.NativeMethodAccessorImpl.invoke(NativeMethodAccessorImpl.java:77)
	at java.base/jdk.internal.reflect.DelegatingMethodAccessorImpl.invoke(DelegatingMethodAccessorImpl.java:43)
	at java.base/java.lang.reflect.Method.invoke(Method.java:568)
	at org.springframework.context.event.ApplicationListenerMethodAdapter.doInvoke(ApplicationListenerMethodAdapter.java:365)
	at org.springframework.context.event.ApplicationListenerMethodAdapter.processEvent(ApplicationListenerMethodAdapter.java:237)
	at org.springframework.context.event.ApplicationListenerMethodAdapter.onApplicationEvent(ApplicationListenerMethodAdapter.java:168)
	at org.springframework.context.event.SimpleApplicationEventMulticaster.doInvokeListener(SimpleApplicationEventMulticaster.java:185)
	at org.springframework.context.event.SimpleApplicationEventMulticaster.invokeListener(SimpleApplicationEventMulticaster.java:178)
	at org.springframework.context.event.SimpleApplicationEventMulticaster.multicastEvent(SimpleApplicationEventMulticaster.java:156)
	at org.springframework.context.support.AbstractApplicationContext.publishEvent(AbstractApplicationContext.java:452)
	at org.springframework.context.support.AbstractApplicationContext.publishEvent(AbstractApplicationContext.java:385)
	at org.springframework.boot.context.event.EventPublishingRunListener.ready(EventPublishingRunListener.java:109)
	at org.springframework.boot.SpringApplicationRunListeners.lambda$ready$6(SpringApplicationRunListeners.java:80)
	at java.base/java.lang.Iterable.forEach(Iterable.java:75)
	at org.springframework.boot.SpringApplicationRunListeners.doWithListeners(SpringApplicationRunListeners.java:118)
	at org.springframework.boot.SpringApplicationRunListeners.doWithListeners(SpringApplicationRunListeners.java:112)
	at org.springframework.boot.SpringApplicationRunListeners.ready(SpringApplicationRunListeners.java:80)
	at org.springframework.boot.SpringApplication.run(SpringApplication.java:349)
	at org.springframework.boot.SpringApplication.run(SpringApplication.java:1363)
	at org.springframework.boot.SpringApplication.run(SpringApplication.java:1352)
	at com.example.physiokalendar.PhysiokalendarApplication.main(PhysiokalendarApplication.java:12)
	at java.base/jdk.internal.reflect.NativeMethodAccessorImpl.invoke0(Native Method)
	at java.base/jdk.internal.reflect.NativeMethodAccessorImpl.invoke(NativeMethodAccessorImpl.java:77)
	at java.base/jdk.internal.reflect.DelegatingMethodAccessorImpl.invoke(DelegatingMethodAccessorImpl.java:43)
	at java.base/java.lang.reflect.Method.invoke(Method.java:568)
	at org.springframework.boot.devtools.restart.RestartLauncher.run(RestartLauncher.java:50)
2026-02-18 02:57:11.302 [restartedMain] ERROR c.e.p.s.AppointmentSeriesGeneratorJob - Error generating appointments for series 4463: failed to lazily initialize a collection of role: com.example.physiokalendar.entity.AppointmentSeries.cancellations: could not initialize proxy - no Session
org.hibernate.LazyInitializationException: failed to lazily initialize a collection of role: com.example.physiokalendar.entity.AppointmentSeries.cancellations: could not initialize proxy - no Session
	at org.hibernate.collection.spi.AbstractPersistentCollection.throwLazyInitializationException(AbstractPersistentCollection.java:636)
	at org.hibernate.collection.spi.AbstractPersistentCollection.withTemporarySessionIfNeeded(AbstractPersistentCollection.java:219)
	at org.hibernate.collection.spi.AbstractPersistentCollection.initialize(AbstractPersistentCollection.java:615)
	at org.hibernate.collection.spi.AbstractPersistentCollection.read(AbstractPersistentCollection.java:138)
	at org.hibernate.collection.spi.PersistentBag.iterator(PersistentBag.java:369)
	at java.base/java.util.Spliterators$IteratorSpliterator.estimateSize(Spliterators.java:1865)
	at java.base/java.util.Spliterator.getExactSizeIfKnown(Spliterator.java:414)
	at java.base/java.util.stream.AbstractPipeline.copyInto(AbstractPipeline.java:508)
	at java.base/java.util.stream.AbstractPipeline.wrapAndCopyInto(AbstractPipeline.java:499)
	at java.base/java.util.stream.ReduceOps$ReduceOp.evaluateSequential(ReduceOps.java:921)
	at java.base/java.util.stream.AbstractPipeline.evaluate(AbstractPipeline.java:234)
	at java.base/java.util.stream.ReferencePipeline.collect(ReferencePipeline.java:682)
	at com.example.physiokalendar.service.AppointmentSeriesGeneratorJob.generateAppointmentsForSeries(AppointmentSeriesGeneratorJob.java:151)
	at com.example.physiokalendar.service.AppointmentSeriesGeneratorJob.generateMissingAppointments(AppointmentSeriesGeneratorJob.java:107)
	at com.example.physiokalendar.service.AppointmentSeriesGeneratorJob.onApplicationReady(AppointmentSeriesGeneratorJob.java:57)
	at java.base/jdk.internal.reflect.NativeMethodAccessorImpl.invoke0(Native Method)
	at java.base/jdk.internal.reflect.NativeMethodAccessorImpl.invoke(NativeMethodAccessorImpl.java:77)
	at java.base/jdk.internal.reflect.DelegatingMethodAccessorImpl.invoke(DelegatingMethodAccessorImpl.java:43)
	at java.base/java.lang.reflect.Method.invoke(Method.java:568)
	at org.springframework.context.event.ApplicationListenerMethodAdapter.doInvoke(ApplicationListenerMethodAdapter.java:365)
	at org.springframework.context.event.ApplicationListenerMethodAdapter.processEvent(ApplicationListenerMethodAdapter.java:237)
	at org.springframework.context.event.ApplicationListenerMethodAdapter.onApplicationEvent(ApplicationListenerMethodAdapter.java:168)
	at org.springframework.context.event.SimpleApplicationEventMulticaster.doInvokeListener(SimpleApplicationEventMulticaster.java:185)
	at org.springframework.context.event.SimpleApplicationEventMulticaster.invokeListener(SimpleApplicationEventMulticaster.java:178)
	at org.springframework.context.event.SimpleApplicationEventMulticaster.multicastEvent(SimpleApplicationEventMulticaster.java:156)
	at org.springframework.context.support.AbstractApplicationContext.publishEvent(AbstractApplicationContext.java:452)
	at org.springframework.context.support.AbstractApplicationContext.publishEvent(AbstractApplicationContext.java:385)
	at org.springframework.boot.context.event.EventPublishingRunListener.ready(EventPublishingRunListener.java:109)
	at org.springframework.boot.SpringApplicationRunListeners.lambda$ready$6(SpringApplicationRunListeners.java:80)
	at java.base/java.lang.Iterable.forEach(Iterable.java:75)
	at org.springframework.boot.SpringApplicationRunListeners.doWithListeners(SpringApplicationRunListeners.java:118)
	at org.springframework.boot.SpringApplicationRunListeners.doWithListeners(SpringApplicationRunListeners.java:112)
	at org.springframework.boot.SpringApplicationRunListeners.ready(SpringApplicationRunListeners.java:80)
	at org.springframework.boot.SpringApplication.run(SpringApplication.java:349)
	at org.springframework.boot.SpringApplication.run(SpringApplication.java:1363)
	at org.springframework.boot.SpringApplication.run(SpringApplication.java:1352)
	at com.example.physiokalendar.PhysiokalendarApplication.main(PhysiokalendarApplication.java:12)
	at java.base/jdk.internal.reflect.NativeMethodAccessorImpl.invoke0(Native Method)
	at java.base/jdk.internal.reflect.NativeMethodAccessorImpl.invoke(NativeMethodAccessorImpl.java:77)
	at java.base/jdk.internal.reflect.DelegatingMethodAccessorImpl.invoke(DelegatingMethodAccessorImpl.java:43)
	at java.base/java.lang.reflect.Method.invoke(Method.java:568)
	at org.springframework.boot.devtools.restart.RestartLauncher.run(RestartLauncher.java:50)
2026-02-18 02:57:11.309 [restartedMain] ERROR c.e.p.s.AppointmentSeriesGeneratorJob - Error generating appointments for series 4465: failed to lazily initialize a collection of role: com.example.physiokalendar.entity.AppointmentSeries.cancellations: could not initialize proxy - no Session
org.hibernate.LazyInitializationException: failed to lazily initialize a collection of role: com.example.physiokalendar.entity.AppointmentSeries.cancellations: could not initialize proxy - no Session
	at org.hibernate.collection.spi.AbstractPersistentCollection.throwLazyInitializationException(AbstractPersistentCollection.java:636)
	at org.hibernate.collection.spi.AbstractPersistentCollection.withTemporarySessionIfNeeded(AbstractPersistentCollection.java:219)
	at org.hibernate.collection.spi.AbstractPersistentCollection.initialize(AbstractPersistentCollection.java:615)
	at org.hibernate.collection.spi.AbstractPersistentCollection.read(AbstractPersistentCollection.java:138)
	at org.hibernate.collection.spi.PersistentBag.iterator(PersistentBag.java:369)
	at java.base/java.util.Spliterators$IteratorSpliterator.estimateSize(Spliterators.java:1865)
	at java.base/java.util.Spliterator.getExactSizeIfKnown(Spliterator.java:414)
	at java.base/java.util.stream.AbstractPipeline.copyInto(AbstractPipeline.java:508)
	at java.base/java.util.stream.AbstractPipeline.wrapAndCopyInto(AbstractPipeline.java:499)
	at java.base/java.util.stream.ReduceOps$ReduceOp.evaluateSequential(ReduceOps.java:921)
	at java.base/java.util.stream.AbstractPipeline.evaluate(AbstractPipeline.java:234)
	at java.base/java.util.stream.ReferencePipeline.collect(ReferencePipeline.java:682)
	at com.example.physiokalendar.service.AppointmentSeriesGeneratorJob.generateAppointmentsForSeries(AppointmentSeriesGeneratorJob.java:151)
	at com.example.physiokalendar.service.AppointmentSeriesGeneratorJob.generateMissingAppointments(AppointmentSeriesGeneratorJob.java:107)
	at com.example.physiokalendar.service.AppointmentSeriesGeneratorJob.onApplicationReady(AppointmentSeriesGeneratorJob.java:57)
	at java.base/jdk.internal.reflect.NativeMethodAccessorImpl.invoke0(Native Method)
	at java.base/jdk.internal.reflect.NativeMethodAccessorImpl.invoke(NativeMethodAccessorImpl.java:77)
	at java.base/jdk.internal.reflect.DelegatingMethodAccessorImpl.invoke(DelegatingMethodAccessorImpl.java:43)
	at java.base/java.lang.reflect.Method.invoke(Method.java:568)
	at org.springframework.context.event.ApplicationListenerMethodAdapter.doInvoke(ApplicationListenerMethodAdapter.java:365)
	at org.springframework.context.event.ApplicationListenerMethodAdapter.processEvent(ApplicationListenerMethodAdapter.java:237)
	at org.springframework.context.event.ApplicationListenerMethodAdapter.onApplicationEvent(ApplicationListenerMethodAdapter.java:168)
	at org.springframework.context.event.SimpleApplicationEventMulticaster.doInvokeListener(SimpleApplicationEventMulticaster.java:185)
	at org.springframework.context.event.SimpleApplicationEventMulticaster.invokeListener(SimpleApplicationEventMulticaster.java:178)
	at org.springframework.context.event.SimpleApplicationEventMulticaster.multicastEvent(SimpleApplicationEventMulticaster.java:156)
	at org.springframework.context.support.AbstractApplicationContext.publishEvent(AbstractApplicationContext.java:452)
	at org.springframework.context.support.AbstractApplicationContext.publishEvent(AbstractApplicationContext.java:385)
	at org.springframework.boot.context.event.EventPublishingRunListener.ready(EventPublishingRunListener.java:109)
	at org.springframework.boot.SpringApplicationRunListeners.lambda$ready$6(SpringApplicationRunListeners.java:80)
	at java.base/java.lang.Iterable.forEach(Iterable.java:75)
	at org.springframework.boot.SpringApplicationRunListeners.doWithListeners(SpringApplicationRunListeners.java:118)
	at org.springframework.boot.SpringApplicationRunListeners.doWithListeners(SpringApplicationRunListeners.java:112)
	at org.springframework.boot.SpringApplicationRunListeners.ready(SpringApplicationRunListeners.java:80)
	at org.springframework.boot.SpringApplication.run(SpringApplication.java:349)
	at org.springframework.boot.SpringApplication.run(SpringApplication.java:1363)
	at org.springframework.boot.SpringApplication.run(SpringApplication.java:1352)
	at com.example.physiokalendar.PhysiokalendarApplication.main(PhysiokalendarApplication.java:12)
	at java.base/jdk.internal.reflect.NativeMethodAccessorImpl.invoke0(Native Method)
	at java.base/jdk.internal.reflect.NativeMethodAccessorImpl.invoke(NativeMethodAccessorImpl.java:77)
	at java.base/jdk.internal.reflect.DelegatingMethodAccessorImpl.invoke(DelegatingMethodAccessorImpl.java:43)
	at java.base/java.lang.reflect.Method.invoke(Method.java:568)
	at org.springframework.boot.devtools.restart.RestartLauncher.run(RestartLauncher.java:50)
2026-02-18 02:57:11.315 [restartedMain] ERROR c.e.p.s.AppointmentSeriesGeneratorJob - Error generating appointments for series 4466: failed to lazily initialize a collection of role: com.example.physiokalendar.entity.AppointmentSeries.cancellations: could not initialize proxy - no Session
org.hibernate.LazyInitializationException: failed to lazily initialize a collection of role: com.example.physiokalendar.entity.AppointmentSeries.cancellations: could not initialize proxy - no Session
	at org.hibernate.collection.spi.AbstractPersistentCollection.throwLazyInitializationException(AbstractPersistentCollection.java:636)
	at org.hibernate.collection.spi.AbstractPersistentCollection.withTemporarySessionIfNeeded(AbstractPersistentCollection.java:219)
	at org.hibernate.collection.spi.AbstractPersistentCollection.initialize(AbstractPersistentCollection.java:615)
	at org.hibernate.collection.spi.AbstractPersistentCollection.read(AbstractPersistentCollection.java:138)
	at org.hibernate.collection.spi.PersistentBag.iterator(PersistentBag.java:369)
	at java.base/java.util.Spliterators$IteratorSpliterator.estimateSize(Spliterators.java:1865)
	at java.base/java.util.Spliterator.getExactSizeIfKnown(Spliterator.java:414)
	at java.base/java.util.stream.AbstractPipeline.copyInto(AbstractPipeline.java:508)
	at java.base/java.util.stream.AbstractPipeline.wrapAndCopyInto(AbstractPipeline.java:499)
	at java.base/java.util.stream.ReduceOps$ReduceOp.evaluateSequential(ReduceOps.java:921)
	at java.base/java.util.stream.AbstractPipeline.evaluate(AbstractPipeline.java:234)
	at java.base/java.util.stream.ReferencePipeline.collect(ReferencePipeline.java:682)
	at com.example.physiokalendar.service.AppointmentSeriesGeneratorJob.generateAppointmentsForSeries(AppointmentSeriesGeneratorJob.java:151)
	at com.example.physiokalendar.service.AppointmentSeriesGeneratorJob.generateMissingAppointments(AppointmentSeriesGeneratorJob.java:107)
	at com.example.physiokalendar.service.AppointmentSeriesGeneratorJob.onApplicationReady(AppointmentSeriesGeneratorJob.java:57)
	at java.base/jdk.internal.reflect.NativeMethodAccessorImpl.invoke0(Native Method)
	at java.base/jdk.internal.reflect.NativeMethodAccessorImpl.invoke(NativeMethodAccessorImpl.java:77)
	at java.base/jdk.internal.reflect.DelegatingMethodAccessorImpl.invoke(DelegatingMethodAccessorImpl.java:43)
	at java.base/java.lang.reflect.Method.invoke(Method.java:568)
	at org.springframework.context.event.ApplicationListenerMethodAdapter.doInvoke(ApplicationListenerMethodAdapter.java:365)
	at org.springframework.context.event.ApplicationListenerMethodAdapter.processEvent(ApplicationListenerMethodAdapter.java:237)
	at org.springframework.context.event.ApplicationListenerMethodAdapter.onApplicationEvent(ApplicationListenerMethodAdapter.java:168)
	at org.springframework.context.event.SimpleApplicationEventMulticaster.doInvokeListener(SimpleApplicationEventMulticaster.java:185)
	at org.springframework.context.event.SimpleApplicationEventMulticaster.invokeListener(SimpleApplicationEventMulticaster.java:178)
	at org.springframework.context.event.SimpleApplicationEventMulticaster.multicastEvent(SimpleApplicationEventMulticaster.java:156)
	at org.springframework.context.support.AbstractApplicationContext.publishEvent(AbstractApplicationContext.java:452)
	at org.springframework.context.support.AbstractApplicationContext.publishEvent(AbstractApplicationContext.java:385)
	at org.springframework.boot.context.event.EventPublishingRunListener.ready(EventPublishingRunListener.java:109)
	at org.springframework.boot.SpringApplicationRunListeners.lambda$ready$6(SpringApplicationRunListeners.java:80)
	at java.base/java.lang.Iterable.forEach(Iterable.java:75)
	at org.springframework.boot.SpringApplicationRunListeners.doWithListeners(SpringApplicationRunListeners.java:118)
	at org.springframework.boot.SpringApplicationRunListeners.doWithListeners(SpringApplicationRunListeners.java:112)
	at org.springframework.boot.SpringApplicationRunListeners.ready(SpringApplicationRunListeners.java:80)
	at org.springframework.boot.SpringApplication.run(SpringApplication.java:349)
	at org.springframework.boot.SpringApplication.run(SpringApplication.java:1363)
	at org.springframework.boot.SpringApplication.run(SpringApplication.java:1352)
	at com.example.physiokalendar.PhysiokalendarApplication.main(PhysiokalendarApplication.java:12)
	at java.base/jdk.internal.reflect.NativeMethodAccessorImpl.invoke0(Native Method)
	at java.base/jdk.internal.reflect.NativeMethodAccessorImpl.invoke(NativeMethodAccessorImpl.java:77)
	at java.base/jdk.internal.reflect.DelegatingMethodAccessorImpl.invoke(DelegatingMethodAccessorImpl.java:43)
	at java.base/java.lang.reflect.Method.invoke(Method.java:568)
	at org.springframework.boot.devtools.restart.RestartLauncher.run(RestartLauncher.java:50)
2026-02-18 02:57:11.323 [restartedMain] ERROR c.e.p.s.AppointmentSeriesGeneratorJob - Error generating appointments for series 4467: failed to lazily initialize a collection of role: com.example.physiokalendar.entity.AppointmentSeries.cancellations: could not initialize proxy - no Session
org.hibernate.LazyInitializationException: failed to lazily initialize a collection of role: com.example.physiokalendar.entity.AppointmentSeries.cancellations: could not initialize proxy - no Session
	at org.hibernate.collection.spi.AbstractPersistentCollection.throwLazyInitializationException(AbstractPersistentCollection.java:636)
	at org.hibernate.collection.spi.AbstractPersistentCollection.withTemporarySessionIfNeeded(AbstractPersistentCollection.java:219)
	at org.hibernate.collection.spi.AbstractPersistentCollection.initialize(AbstractPersistentCollection.java:615)
	at org.hibernate.collection.spi.AbstractPersistentCollection.read(AbstractPersistentCollection.java:138)
	at org.hibernate.collection.spi.PersistentBag.iterator(PersistentBag.java:369)
	at java.base/java.util.Spliterators$IteratorSpliterator.estimateSize(Spliterators.java:1865)
	at java.base/java.util.Spliterator.getExactSizeIfKnown(Spliterator.java:414)
	at java.base/java.util.stream.AbstractPipeline.copyInto(AbstractPipeline.java:508)
	at java.base/java.util.stream.AbstractPipeline.wrapAndCopyInto(AbstractPipeline.java:499)
	at java.base/java.util.stream.ReduceOps$ReduceOp.evaluateSequential(ReduceOps.java:921)
	at java.base/java.util.stream.AbstractPipeline.evaluate(AbstractPipeline.java:234)
	at java.base/java.util.stream.ReferencePipeline.collect(ReferencePipeline.java:682)
	at com.example.physiokalendar.service.AppointmentSeriesGeneratorJob.generateAppointmentsForSeries(AppointmentSeriesGeneratorJob.java:151)
	at com.example.physiokalendar.service.AppointmentSeriesGeneratorJob.generateMissingAppointments(AppointmentSeriesGeneratorJob.java:107)
	at com.example.physiokalendar.service.AppointmentSeriesGeneratorJob.onApplicationReady(AppointmentSeriesGeneratorJob.java:57)
	at java.base/jdk.internal.reflect.NativeMethodAccessorImpl.invoke0(Native Method)
	at java.base/jdk.internal.reflect.NativeMethodAccessorImpl.invoke(NativeMethodAccessorImpl.java:77)
	at java.base/jdk.internal.reflect.DelegatingMethodAccessorImpl.invoke(DelegatingMethodAccessorImpl.java:43)
	at java.base/java.lang.reflect.Method.invoke(Method.java:568)
	at org.springframework.context.event.ApplicationListenerMethodAdapter.doInvoke(ApplicationListenerMethodAdapter.java:365)
	at org.springframework.context.event.ApplicationListenerMethodAdapter.processEvent(ApplicationListenerMethodAdapter.java:237)
	at org.springframework.context.event.ApplicationListenerMethodAdapter.onApplicationEvent(ApplicationListenerMethodAdapter.java:168)
	at org.springframework.context.event.SimpleApplicationEventMulticaster.doInvokeListener(SimpleApplicationEventMulticaster.java:185)
	at org.springframework.context.event.SimpleApplicationEventMulticaster.invokeListener(SimpleApplicationEventMulticaster.java:178)
	at org.springframework.context.event.SimpleApplicationEventMulticaster.multicastEvent(SimpleApplicationEventMulticaster.java:156)
	at org.springframework.context.support.AbstractApplicationContext.publishEvent(AbstractApplicationContext.java:452)
	at org.springframework.context.support.AbstractApplicationContext.publishEvent(AbstractApplicationContext.java:385)
	at org.springframework.boot.context.event.EventPublishingRunListener.ready(EventPublishingRunListener.java:109)
	at org.springframework.boot.SpringApplicationRunListeners.lambda$ready$6(SpringApplicationRunListeners.java:80)
	at java.base/java.lang.Iterable.forEach(Iterable.java:75)
	at org.springframework.boot.SpringApplicationRunListeners.doWithListeners(SpringApplicationRunListeners.java:118)
	at org.springframework.boot.SpringApplicationRunListeners.doWithListeners(SpringApplicationRunListeners.java:112)
	at org.springframework.boot.SpringApplicationRunListeners.ready(SpringApplicationRunListeners.java:80)
	at org.springframework.boot.SpringApplication.run(SpringApplication.java:349)
	at org.springframework.boot.SpringApplication.run(SpringApplication.java:1363)
	at org.springframework.boot.SpringApplication.run(SpringApplication.java:1352)
	at com.example.physiokalendar.PhysiokalendarApplication.main(PhysiokalendarApplication.java:12)
	at java.base/jdk.internal.reflect.NativeMethodAccessorImpl.invoke0(Native Method)
	at java.base/jdk.internal.reflect.NativeMethodAccessorImpl.invoke(NativeMethodAccessorImpl.java:77)
	at java.base/jdk.internal.reflect.DelegatingMethodAccessorImpl.invoke(DelegatingMethodAccessorImpl.java:43)
	at java.base/java.lang.reflect.Method.invoke(Method.java:568)
	at org.springframework.boot.devtools.restart.RestartLauncher.run(RestartLauncher.java:50)
2026-02-18 02:57:11.328 [restartedMain] ERROR c.e.p.s.AppointmentSeriesGeneratorJob - Error generating appointments for series 4468: failed to lazily initialize a collection of role: com.example.physiokalendar.entity.AppointmentSeries.cancellations: could not initialize proxy - no Session
org.hibernate.LazyInitializationException: failed to lazily initialize a collection of role: com.example.physiokalendar.entity.AppointmentSeries.cancellations: could not initialize proxy - no Session
	at org.hibernate.collection.spi.AbstractPersistentCollection.throwLazyInitializationException(AbstractPersistentCollection.java:636)
	at org.hibernate.collection.spi.AbstractPersistentCollection.withTemporarySessionIfNeeded(AbstractPersistentCollection.java:219)
	at org.hibernate.collection.spi.AbstractPersistentCollection.initialize(AbstractPersistentCollection.java:615)
	at org.hibernate.collection.spi.AbstractPersistentCollection.read(AbstractPersistentCollection.java:138)
	at org.hibernate.collection.spi.PersistentBag.iterator(PersistentBag.java:369)
	at java.base/java.util.Spliterators$IteratorSpliterator.estimateSize(Spliterators.java:1865)
	at java.base/java.util.Spliterator.getExactSizeIfKnown(Spliterator.java:414)
	at java.base/java.util.stream.AbstractPipeline.copyInto(AbstractPipeline.java:508)
	at java.base/java.util.stream.AbstractPipeline.wrapAndCopyInto(AbstractPipeline.java:499)
	at java.base/java.util.stream.ReduceOps$ReduceOp.evaluateSequential(ReduceOps.java:921)
	at java.base/java.util.stream.AbstractPipeline.evaluate(AbstractPipeline.java:234)
	at java.base/java.util.stream.ReferencePipeline.collect(ReferencePipeline.java:682)
	at com.example.physiokalendar.service.AppointmentSeriesGeneratorJob.generateAppointmentsForSeries(AppointmentSeriesGeneratorJob.java:151)
	at com.example.physiokalendar.service.AppointmentSeriesGeneratorJob.generateMissingAppointments(AppointmentSeriesGeneratorJob.java:107)
	at com.example.physiokalendar.service.AppointmentSeriesGeneratorJob.onApplicationReady(AppointmentSeriesGeneratorJob.java:57)
	at java.base/jdk.internal.reflect.NativeMethodAccessorImpl.invoke0(Native Method)
	at java.base/jdk.internal.reflect.NativeMethodAccessorImpl.invoke(NativeMethodAccessorImpl.java:77)
	at java.base/jdk.internal.reflect.DelegatingMethodAccessorImpl.invoke(DelegatingMethodAccessorImpl.java:43)
	at java.base/java.lang.reflect.Method.invoke(Method.java:568)
	at org.springframework.context.event.ApplicationListenerMethodAdapter.doInvoke(ApplicationListenerMethodAdapter.java:365)
	at org.springframework.context.event.ApplicationListenerMethodAdapter.processEvent(ApplicationListenerMethodAdapter.java:237)
	at org.springframework.context.event.ApplicationListenerMethodAdapter.onApplicationEvent(ApplicationListenerMethodAdapter.java:168)
	at org.springframework.context.event.SimpleApplicationEventMulticaster.doInvokeListener(SimpleApplicationEventMulticaster.java:185)
	at org.springframework.context.event.SimpleApplicationEventMulticaster.invokeListener(SimpleApplicationEventMulticaster.java:178)
	at org.springframework.context.event.SimpleApplicationEventMulticaster.multicastEvent(SimpleApplicationEventMulticaster.java:156)
	at org.springframework.context.support.AbstractApplicationContext.publishEvent(AbstractApplicationContext.java:452)
	at org.springframework.context.support.AbstractApplicationContext.publishEvent(AbstractApplicationContext.java:385)
	at org.springframework.boot.context.event.EventPublishingRunListener.ready(EventPublishingRunListener.java:109)
	at org.springframework.boot.SpringApplicationRunListeners.lambda$ready$6(SpringApplicationRunListeners.java:80)
	at java.base/java.lang.Iterable.forEach(Iterable.java:75)
	at org.springframework.boot.SpringApplicationRunListeners.doWithListeners(SpringApplicationRunListeners.java:118)
	at org.springframework.boot.SpringApplicationRunListeners.doWithListeners(SpringApplicationRunListeners.java:112)
	at org.springframework.boot.SpringApplicationRunListeners.ready(SpringApplicationRunListeners.java:80)
	at org.springframework.boot.SpringApplication.run(SpringApplication.java:349)
	at org.springframework.boot.SpringApplication.run(SpringApplication.java:1363)
	at org.springframework.boot.SpringApplication.run(SpringApplication.java:1352)
	at com.example.physiokalendar.PhysiokalendarApplication.main(PhysiokalendarApplication.java:12)
	at java.base/jdk.internal.reflect.NativeMethodAccessorImpl.invoke0(Native Method)
	at java.base/jdk.internal.reflect.NativeMethodAccessorImpl.invoke(NativeMethodAccessorImpl.java:77)
	at java.base/jdk.internal.reflect.DelegatingMethodAccessorImpl.invoke(DelegatingMethodAccessorImpl.java:43)
	at java.base/java.lang.reflect.Method.invoke(Method.java:568)
	at org.springframework.boot.devtools.restart.RestartLauncher.run(RestartLauncher.java:50)
2026-02-18 02:57:11.333 [restartedMain] ERROR c.e.p.s.AppointmentSeriesGeneratorJob - Error generating appointments for series 4469: failed to lazily initialize a collection of role: com.example.physiokalendar.entity.AppointmentSeries.cancellations: could not initialize proxy - no Session
org.hibernate.LazyInitializationException: failed to lazily initialize a collection of role: com.example.physiokalendar.entity.AppointmentSeries.cancellations: could not initialize proxy - no Session
	at org.hibernate.collection.spi.AbstractPersistentCollection.throwLazyInitializationException(AbstractPersistentCollection.java:636)
	at org.hibernate.collection.spi.AbstractPersistentCollection.withTemporarySessionIfNeeded(AbstractPersistentCollection.java:219)
	at org.hibernate.collection.spi.AbstractPersistentCollection.initialize(AbstractPersistentCollection.java:615)
	at org.hibernate.collection.spi.AbstractPersistentCollection.read(AbstractPersistentCollection.java:138)
	at org.hibernate.collection.spi.PersistentBag.iterator(PersistentBag.java:369)
	at java.base/java.util.Spliterators$IteratorSpliterator.estimateSize(Spliterators.java:1865)
	at java.base/java.util.Spliterator.getExactSizeIfKnown(Spliterator.java:414)
	at java.base/java.util.stream.AbstractPipeline.copyInto(AbstractPipeline.java:508)
	at java.base/java.util.stream.AbstractPipeline.wrapAndCopyInto(AbstractPipeline.java:499)
	at java.base/java.util.stream.ReduceOps$ReduceOp.evaluateSequential(ReduceOps.java:921)
	at java.base/java.util.stream.AbstractPipeline.evaluate(AbstractPipeline.java:234)
	at java.base/java.util.stream.ReferencePipeline.collect(ReferencePipeline.java:682)
	at com.example.physiokalendar.service.AppointmentSeriesGeneratorJob.generateAppointmentsForSeries(AppointmentSeriesGeneratorJob.java:151)
	at com.example.physiokalendar.service.AppointmentSeriesGeneratorJob.generateMissingAppointments(AppointmentSeriesGeneratorJob.java:107)
	at com.example.physiokalendar.service.AppointmentSeriesGeneratorJob.onApplicationReady(AppointmentSeriesGeneratorJob.java:57)
	at java.base/jdk.internal.reflect.NativeMethodAccessorImpl.invoke0(Native Method)
	at java.base/jdk.internal.reflect.NativeMethodAccessorImpl.invoke(NativeMethodAccessorImpl.java:77)
	at java.base/jdk.internal.reflect.DelegatingMethodAccessorImpl.invoke(DelegatingMethodAccessorImpl.java:43)
	at java.base/java.lang.reflect.Method.invoke(Method.java:568)
	at org.springframework.context.event.ApplicationListenerMethodAdapter.doInvoke(ApplicationListenerMethodAdapter.java:365)
	at org.springframework.context.event.ApplicationListenerMethodAdapter.processEvent(ApplicationListenerMethodAdapter.java:237)
	at org.springframework.context.event.ApplicationListenerMethodAdapter.onApplicationEvent(ApplicationListenerMethodAdapter.java:168)
	at org.springframework.context.event.SimpleApplicationEventMulticaster.doInvokeListener(SimpleApplicationEventMulticaster.java:185)
	at org.springframework.context.event.SimpleApplicationEventMulticaster.invokeListener(SimpleApplicationEventMulticaster.java:178)
	at org.springframework.context.event.SimpleApplicationEventMulticaster.multicastEvent(SimpleApplicationEventMulticaster.java:156)
	at org.springframework.context.support.AbstractApplicationContext.publishEvent(AbstractApplicationContext.java:452)
	at org.springframework.context.support.AbstractApplicationContext.publishEvent(AbstractApplicationContext.java:385)
	at org.springframework.boot.context.event.EventPublishingRunListener.ready(EventPublishingRunListener.java:109)
	at org.springframework.boot.SpringApplicationRunListeners.lambda$ready$6(SpringApplicationRunListeners.java:80)
	at java.base/java.lang.Iterable.forEach(Iterable.java:75)
	at org.springframework.boot.SpringApplicationRunListeners.doWithListeners(SpringApplicationRunListeners.java:118)
	at org.springframework.boot.SpringApplicationRunListeners.doWithListeners(SpringApplicationRunListeners.java:112)
	at org.springframework.boot.SpringApplicationRunListeners.ready(SpringApplicationRunListeners.java:80)
	at org.springframework.boot.SpringApplication.run(SpringApplication.java:349)
	at org.springframework.boot.SpringApplication.run(SpringApplication.java:1363)
	at org.springframework.boot.SpringApplication.run(SpringApplication.java:1352)
	at com.example.physiokalendar.PhysiokalendarApplication.main(PhysiokalendarApplication.java:12)
	at java.base/jdk.internal.reflect.NativeMethodAccessorImpl.invoke0(Native Method)
	at java.base/jdk.internal.reflect.NativeMethodAccessorImpl.invoke(NativeMethodAccessorImpl.java:77)
	at java.base/jdk.internal.reflect.DelegatingMethodAccessorImpl.invoke(DelegatingMethodAccessorImpl.java:43)
	at java.base/java.lang.reflect.Method.invoke(Method.java:568)
	at org.springframework.boot.devtools.restart.RestartLauncher.run(RestartLauncher.java:50)
2026-02-18 02:57:11.338 [restartedMain] ERROR c.e.p.s.AppointmentSeriesGeneratorJob - Error generating appointments for series 4470: failed to lazily initialize a collection of role: com.example.physiokalendar.entity.AppointmentSeries.cancellations: could not initialize proxy - no Session
org.hibernate.LazyInitializationException: failed to lazily initialize a collection of role: com.example.physiokalendar.entity.AppointmentSeries.cancellations: could not initialize proxy - no Session
	at org.hibernate.collection.spi.AbstractPersistentCollection.throwLazyInitializationException(AbstractPersistentCollection.java:636)
	at org.hibernate.collection.spi.AbstractPersistentCollection.withTemporarySessionIfNeeded(AbstractPersistentCollection.java:219)
	at org.hibernate.collection.spi.AbstractPersistentCollection.initialize(AbstractPersistentCollection.java:615)
	at org.hibernate.collection.spi.AbstractPersistentCollection.read(AbstractPersistentCollection.java:138)
	at org.hibernate.collection.spi.PersistentBag.iterator(PersistentBag.java:369)
	at java.base/java.util.Spliterators$IteratorSpliterator.estimateSize(Spliterators.java:1865)
	at java.base/java.util.Spliterator.getExactSizeIfKnown(Spliterator.java:414)
	at java.base/java.util.stream.AbstractPipeline.copyInto(AbstractPipeline.java:508)
	at java.base/java.util.stream.AbstractPipeline.wrapAndCopyInto(AbstractPipeline.java:499)
	at java.base/java.util.stream.ReduceOps$ReduceOp.evaluateSequential(ReduceOps.java:921)
	at java.base/java.util.stream.AbstractPipeline.evaluate(AbstractPipeline.java:234)
	at java.base/java.util.stream.ReferencePipeline.collect(ReferencePipeline.java:682)
	at com.example.physiokalendar.service.AppointmentSeriesGeneratorJob.generateAppointmentsForSeries(AppointmentSeriesGeneratorJob.java:151)
	at com.example.physiokalendar.service.AppointmentSeriesGeneratorJob.generateMissingAppointments(AppointmentSeriesGeneratorJob.java:107)
	at com.example.physiokalendar.service.AppointmentSeriesGeneratorJob.onApplicationReady(AppointmentSeriesGeneratorJob.java:57)
	at java.base/jdk.internal.reflect.NativeMethodAccessorImpl.invoke0(Native Method)
	at java.base/jdk.internal.reflect.NativeMethodAccessorImpl.invoke(NativeMethodAccessorImpl.java:77)
	at java.base/jdk.internal.reflect.DelegatingMethodAccessorImpl.invoke(DelegatingMethodAccessorImpl.java:43)
	at java.base/java.lang.reflect.Method.invoke(Method.java:568)
	at org.springframework.context.event.ApplicationListenerMethodAdapter.doInvoke(ApplicationListenerMethodAdapter.java:365)
	at org.springframework.context.event.ApplicationListenerMethodAdapter.processEvent(ApplicationListenerMethodAdapter.java:237)
	at org.springframework.context.event.ApplicationListenerMethodAdapter.onApplicationEvent(ApplicationListenerMethodAdapter.java:168)
	at org.springframework.context.event.SimpleApplicationEventMulticaster.doInvokeListener(SimpleApplicationEventMulticaster.java:185)
	at org.springframework.context.event.SimpleApplicationEventMulticaster.invokeListener(SimpleApplicationEventMulticaster.java:178)
	at org.springframework.context.event.SimpleApplicationEventMulticaster.multicastEvent(SimpleApplicationEventMulticaster.java:156)
	at org.springframework.context.support.AbstractApplicationContext.publishEvent(AbstractApplicationContext.java:452)
	at org.springframework.context.support.AbstractApplicationContext.publishEvent(AbstractApplicationContext.java:385)
	at org.springframework.boot.context.event.EventPublishingRunListener.ready(EventPublishingRunListener.java:109)
	at org.springframework.boot.SpringApplicationRunListeners.lambda$ready$6(SpringApplicationRunListeners.java:80)
	at java.base/java.lang.Iterable.forEach(Iterable.java:75)
	at org.springframework.boot.SpringApplicationRunListeners.doWithListeners(SpringApplicationRunListeners.java:118)
	at org.springframework.boot.SpringApplicationRunListeners.doWithListeners(SpringApplicationRunListeners.java:112)
	at org.springframework.boot.SpringApplicationRunListeners.ready(SpringApplicationRunListeners.java:80)
	at org.springframework.boot.SpringApplication.run(SpringApplication.java:349)
	at org.springframework.boot.SpringApplication.run(SpringApplication.java:1363)
	at org.springframework.boot.SpringApplication.run(SpringApplication.java:1352)
	at com.example.physiokalendar.PhysiokalendarApplication.main(PhysiokalendarApplication.java:12)
	at java.base/jdk.internal.reflect.NativeMethodAccessorImpl.invoke0(Native Method)
	at java.base/jdk.internal.reflect.NativeMethodAccessorImpl.invoke(NativeMethodAccessorImpl.java:77)
	at java.base/jdk.internal.reflect.DelegatingMethodAccessorImpl.invoke(DelegatingMethodAccessorImpl.java:43)
	at java.base/java.lang.reflect.Method.invoke(Method.java:568)
	at org.springframework.boot.devtools.restart.RestartLauncher.run(RestartLauncher.java:50)
2026-02-18 02:57:11.343 [restartedMain] ERROR c.e.p.s.AppointmentSeriesGeneratorJob - Error generating appointments for series 4471: failed to lazily initialize a collection of role: com.example.physiokalendar.entity.AppointmentSeries.cancellations: could not initialize proxy - no Session
org.hibernate.LazyInitializationException: failed to lazily initialize a collection of role: com.example.physiokalendar.entity.AppointmentSeries.cancellations: could not initialize proxy - no Session
	at org.hibernate.collection.spi.AbstractPersistentCollection.throwLazyInitializationException(AbstractPersistentCollection.java:636)
	at org.hibernate.collection.spi.AbstractPersistentCollection.withTemporarySessionIfNeeded(AbstractPersistentCollection.java:219)
	at org.hibernate.collection.spi.AbstractPersistentCollection.initialize(AbstractPersistentCollection.java:615)
	at org.hibernate.collection.spi.AbstractPersistentCollection.read(AbstractPersistentCollection.java:138)
	at org.hibernate.collection.spi.PersistentBag.iterator(PersistentBag.java:369)
	at java.base/java.util.Spliterators$IteratorSpliterator.estimateSize(Spliterators.java:1865)
	at java.base/java.util.Spliterator.getExactSizeIfKnown(Spliterator.java:414)
	at java.base/java.util.stream.AbstractPipeline.copyInto(AbstractPipeline.java:508)
	at java.base/java.util.stream.AbstractPipeline.wrapAndCopyInto(AbstractPipeline.java:499)
	at java.base/java.util.stream.ReduceOps$ReduceOp.evaluateSequential(ReduceOps.java:921)
	at java.base/java.util.stream.AbstractPipeline.evaluate(AbstractPipeline.java:234)
	at java.base/java.util.stream.ReferencePipeline.collect(ReferencePipeline.java:682)
	at com.example.physiokalendar.service.AppointmentSeriesGeneratorJob.generateAppointmentsForSeries(AppointmentSeriesGeneratorJob.java:151)
	at com.example.physiokalendar.service.AppointmentSeriesGeneratorJob.generateMissingAppointments(AppointmentSeriesGeneratorJob.java:107)
	at com.example.physiokalendar.service.AppointmentSeriesGeneratorJob.onApplicationReady(AppointmentSeriesGeneratorJob.java:57)
	at java.base/jdk.internal.reflect.NativeMethodAccessorImpl.invoke0(Native Method)
	at java.base/jdk.internal.reflect.NativeMethodAccessorImpl.invoke(NativeMethodAccessorImpl.java:77)
	at java.base/jdk.internal.reflect.DelegatingMethodAccessorImpl.invoke(DelegatingMethodAccessorImpl.java:43)
	at java.base/java.lang.reflect.Method.invoke(Method.java:568)
	at org.springframework.context.event.ApplicationListenerMethodAdapter.doInvoke(ApplicationListenerMethodAdapter.java:365)
	at org.springframework.context.event.ApplicationListenerMethodAdapter.processEvent(ApplicationListenerMethodAdapter.java:237)
	at org.springframework.context.event.ApplicationListenerMethodAdapter.onApplicationEvent(ApplicationListenerMethodAdapter.java:168)
	at org.springframework.context.event.SimpleApplicationEventMulticaster.doInvokeListener(SimpleApplicationEventMulticaster.java:185)
	at org.springframework.context.event.SimpleApplicationEventMulticaster.invokeListener(SimpleApplicationEventMulticaster.java:178)
	at org.springframework.context.event.SimpleApplicationEventMulticaster.multicastEvent(SimpleApplicationEventMulticaster.java:156)
	at org.springframework.context.support.AbstractApplicationContext.publishEvent(AbstractApplicationContext.java:452)
	at org.springframework.context.support.AbstractApplicationContext.publishEvent(AbstractApplicationContext.java:385)
	at org.springframework.boot.context.event.EventPublishingRunListener.ready(EventPublishingRunListener.java:109)
	at org.springframework.boot.SpringApplicationRunListeners.lambda$ready$6(SpringApplicationRunListeners.java:80)
	at java.base/java.lang.Iterable.forEach(Iterable.java:75)
	at org.springframework.boot.SpringApplicationRunListeners.doWithListeners(SpringApplicationRunListeners.java:118)
	at org.springframework.boot.SpringApplicationRunListeners.doWithListeners(SpringApplicationRunListeners.java:112)
	at org.springframework.boot.SpringApplicationRunListeners.ready(SpringApplicationRunListeners.java:80)
	at org.springframework.boot.SpringApplication.run(SpringApplication.java:349)
	at org.springframework.boot.SpringApplication.run(SpringApplication.java:1363)
	at org.springframework.boot.SpringApplication.run(SpringApplication.java:1352)
	at com.example.physiokalendar.PhysiokalendarApplication.main(PhysiokalendarApplication.java:12)
	at java.base/jdk.internal.reflect.NativeMethodAccessorImpl.invoke0(Native Method)
	at java.base/jdk.internal.reflect.NativeMethodAccessorImpl.invoke(NativeMethodAccessorImpl.java:77)
	at java.base/jdk.internal.reflect.DelegatingMethodAccessorImpl.invoke(DelegatingMethodAccessorImpl.java:43)
	at java.base/java.lang.reflect.Method.invoke(Method.java:568)
	at org.springframework.boot.devtools.restart.RestartLauncher.run(RestartLauncher.java:50)
2026-02-18 02:57:11.348 [restartedMain] ERROR c.e.p.s.AppointmentSeriesGeneratorJob - Error generating appointments for series 4472: failed to lazily initialize a collection of role: com.example.physiokalendar.entity.AppointmentSeries.cancellations: could not initialize proxy - no Session
org.hibernate.LazyInitializationException: failed to lazily initialize a collection of role: com.example.physiokalendar.entity.AppointmentSeries.cancellations: could not initialize proxy - no Session
	at org.hibernate.collection.spi.AbstractPersistentCollection.throwLazyInitializationException(AbstractPersistentCollection.java:636)
	at org.hibernate.collection.spi.AbstractPersistentCollection.withTemporarySessionIfNeeded(AbstractPersistentCollection.java:219)
	at org.hibernate.collection.spi.AbstractPersistentCollection.initialize(AbstractPersistentCollection.java:615)
	at org.hibernate.collection.spi.AbstractPersistentCollection.read(AbstractPersistentCollection.java:138)
	at org.hibernate.collection.spi.PersistentBag.iterator(PersistentBag.java:369)
	at java.base/java.util.Spliterators$IteratorSpliterator.estimateSize(Spliterators.java:1865)
	at java.base/java.util.Spliterator.getExactSizeIfKnown(Spliterator.java:414)
	at java.base/java.util.stream.AbstractPipeline.copyInto(AbstractPipeline.java:508)
	at java.base/java.util.stream.AbstractPipeline.wrapAndCopyInto(AbstractPipeline.java:499)
	at java.base/java.util.stream.ReduceOps$ReduceOp.evaluateSequential(ReduceOps.java:921)
	at java.base/java.util.stream.AbstractPipeline.evaluate(AbstractPipeline.java:234)
	at java.base/java.util.stream.ReferencePipeline.collect(ReferencePipeline.java:682)
	at com.example.physiokalendar.service.AppointmentSeriesGeneratorJob.generateAppointmentsForSeries(AppointmentSeriesGeneratorJob.java:151)
	at com.example.physiokalendar.service.AppointmentSeriesGeneratorJob.generateMissingAppointments(AppointmentSeriesGeneratorJob.java:107)
	at com.example.physiokalendar.service.AppointmentSeriesGeneratorJob.onApplicationReady(AppointmentSeriesGeneratorJob.java:57)
	at java.base/jdk.internal.reflect.NativeMethodAccessorImpl.invoke0(Native Method)
	at java.base/jdk.internal.reflect.NativeMethodAccessorImpl.invoke(NativeMethodAccessorImpl.java:77)
	at java.base/jdk.internal.reflect.DelegatingMethodAccessorImpl.invoke(DelegatingMethodAccessorImpl.java:43)
	at java.base/java.lang.reflect.Method.invoke(Method.java:568)
	at org.springframework.context.event.ApplicationListenerMethodAdapter.doInvoke(ApplicationListenerMethodAdapter.java:365)
	at org.springframework.context.event.ApplicationListenerMethodAdapter.processEvent(ApplicationListenerMethodAdapter.java:237)
	at org.springframework.context.event.ApplicationListenerMethodAdapter.onApplicationEvent(ApplicationListenerMethodAdapter.java:168)
	at org.springframework.context.event.SimpleApplicationEventMulticaster.doInvokeListener(SimpleApplicationEventMulticaster.java:185)
	at org.springframework.context.event.SimpleApplicationEventMulticaster.invokeListener(SimpleApplicationEventMulticaster.java:178)
	at org.springframework.context.event.SimpleApplicationEventMulticaster.multicastEvent(SimpleApplicationEventMulticaster.java:156)
	at org.springframework.context.support.AbstractApplicationContext.publishEvent(AbstractApplicationContext.java:452)
	at org.springframework.context.support.AbstractApplicationContext.publishEvent(AbstractApplicationContext.java:385)
	at org.springframework.boot.context.event.EventPublishingRunListener.ready(EventPublishingRunListener.java:109)
	at org.springframework.boot.SpringApplicationRunListeners.lambda$ready$6(SpringApplicationRunListeners.java:80)
	at java.base/java.lang.Iterable.forEach(Iterable.java:75)
	at org.springframework.boot.SpringApplicationRunListeners.doWithListeners(SpringApplicationRunListeners.java:118)
	at org.springframework.boot.SpringApplicationRunListeners.doWithListeners(SpringApplicationRunListeners.java:112)
	at org.springframework.boot.SpringApplicationRunListeners.ready(SpringApplicationRunListeners.java:80)
	at org.springframework.boot.SpringApplication.run(SpringApplication.java:349)
	at org.springframework.boot.SpringApplication.run(SpringApplication.java:1363)
	at org.springframework.boot.SpringApplication.run(SpringApplication.java:1352)
	at com.example.physiokalendar.PhysiokalendarApplication.main(PhysiokalendarApplication.java:12)
	at java.base/jdk.internal.reflect.NativeMethodAccessorImpl.invoke0(Native Method)
	at java.base/jdk.internal.reflect.NativeMethodAccessorImpl.invoke(NativeMethodAccessorImpl.java:77)
	at java.base/jdk.internal.reflect.DelegatingMethodAccessorImpl.invoke(DelegatingMethodAccessorImpl.java:43)
	at java.base/java.lang.reflect.Method.invoke(Method.java:568)
	at org.springframework.boot.devtools.restart.RestartLauncher.run(RestartLauncher.java:50)
2026-02-18 02:57:11.353 [restartedMain] ERROR c.e.p.s.AppointmentSeriesGeneratorJob - Error generating appointments for series 4473: failed to lazily initialize a collection of role: com.example.physiokalendar.entity.AppointmentSeries.cancellations: could not initialize proxy - no Session
org.hibernate.LazyInitializationException: failed to lazily initialize a collection of role: com.example.physiokalendar.entity.AppointmentSeries.cancellations: could not initialize proxy - no Session
	at org.hibernate.collection.spi.AbstractPersistentCollection.throwLazyInitializationException(AbstractPersistentCollection.java:636)
	at org.hibernate.collection.spi.AbstractPersistentCollection.withTemporarySessionIfNeeded(AbstractPersistentCollection.java:219)
	at org.hibernate.collection.spi.AbstractPersistentCollection.initialize(AbstractPersistentCollection.java:615)
	at org.hibernate.collection.spi.AbstractPersistentCollection.read(AbstractPersistentCollection.java:138)
	at org.hibernate.collection.spi.PersistentBag.iterator(PersistentBag.java:369)
	at java.base/java.util.Spliterators$IteratorSpliterator.estimateSize(Spliterators.java:1865)
	at java.base/java.util.Spliterator.getExactSizeIfKnown(Spliterator.java:414)
	at java.base/java.util.stream.AbstractPipeline.copyInto(AbstractPipeline.java:508)
	at java.base/java.util.stream.AbstractPipeline.wrapAndCopyInto(AbstractPipeline.java:499)
	at java.base/java.util.stream.ReduceOps$ReduceOp.evaluateSequential(ReduceOps.java:921)
	at java.base/java.util.stream.AbstractPipeline.evaluate(AbstractPipeline.java:234)
	at java.base/java.util.stream.ReferencePipeline.collect(ReferencePipeline.java:682)
	at com.example.physiokalendar.service.AppointmentSeriesGeneratorJob.generateAppointmentsForSeries(AppointmentSeriesGeneratorJob.java:151)
	at com.example.physiokalendar.service.AppointmentSeriesGeneratorJob.generateMissingAppointments(AppointmentSeriesGeneratorJob.java:107)
	at com.example.physiokalendar.service.AppointmentSeriesGeneratorJob.onApplicationReady(AppointmentSeriesGeneratorJob.java:57)
	at java.base/jdk.internal.reflect.NativeMethodAccessorImpl.invoke0(Native Method)
	at java.base/jdk.internal.reflect.NativeMethodAccessorImpl.invoke(NativeMethodAccessorImpl.java:77)
	at java.base/jdk.internal.reflect.DelegatingMethodAccessorImpl.invoke(DelegatingMethodAccessorImpl.java:43)
	at java.base/java.lang.reflect.Method.invoke(Method.java:568)
	at org.springframework.context.event.ApplicationListenerMethodAdapter.doInvoke(ApplicationListenerMethodAdapter.java:365)
	at org.springframework.context.event.ApplicationListenerMethodAdapter.processEvent(ApplicationListenerMethodAdapter.java:237)
	at org.springframework.context.event.ApplicationListenerMethodAdapter.onApplicationEvent(ApplicationListenerMethodAdapter.java:168)
	at org.springframework.context.event.SimpleApplicationEventMulticaster.doInvokeListener(SimpleApplicationEventMulticaster.java:185)
	at org.springframework.context.event.SimpleApplicationEventMulticaster.invokeListener(SimpleApplicationEventMulticaster.java:178)
	at org.springframework.context.event.SimpleApplicationEventMulticaster.multicastEvent(SimpleApplicationEventMulticaster.java:156)
	at org.springframework.context.support.AbstractApplicationContext.publishEvent(AbstractApplicationContext.java:452)
	at org.springframework.context.support.AbstractApplicationContext.publishEvent(AbstractApplicationContext.java:385)
	at org.springframework.boot.context.event.EventPublishingRunListener.ready(EventPublishingRunListener.java:109)
	at org.springframework.boot.SpringApplicationRunListeners.lambda$ready$6(SpringApplicationRunListeners.java:80)
	at java.base/java.lang.Iterable.forEach(Iterable.java:75)
	at org.springframework.boot.SpringApplicationRunListeners.doWithListeners(SpringApplicationRunListeners.java:118)
	at org.springframework.boot.SpringApplicationRunListeners.doWithListeners(SpringApplicationRunListeners.java:112)
	at org.springframework.boot.SpringApplicationRunListeners.ready(SpringApplicationRunListeners.java:80)
	at org.springframework.boot.SpringApplication.run(SpringApplication.java:349)
	at org.springframework.boot.SpringApplication.run(SpringApplication.java:1363)
	at org.springframework.boot.SpringApplication.run(SpringApplication.java:1352)
	at com.example.physiokalendar.PhysiokalendarApplication.main(PhysiokalendarApplication.java:12)
	at java.base/jdk.internal.reflect.NativeMethodAccessorImpl.invoke0(Native Method)
	at java.base/jdk.internal.reflect.NativeMethodAccessorImpl.invoke(NativeMethodAccessorImpl.java:77)
	at java.base/jdk.internal.reflect.DelegatingMethodAccessorImpl.invoke(DelegatingMethodAccessorImpl.java:43)
	at java.base/java.lang.reflect.Method.invoke(Method.java:568)
	at org.springframework.boot.devtools.restart.RestartLauncher.run(RestartLauncher.java:50)
2026-02-18 02:57:11.358 [restartedMain] ERROR c.e.p.s.AppointmentSeriesGeneratorJob - Error generating appointments for series 4474: failed to lazily initialize a collection of role: com.example.physiokalendar.entity.AppointmentSeries.cancellations: could not initialize proxy - no Session
org.hibernate.LazyInitializationException: failed to lazily initialize a collection of role: com.example.physiokalendar.entity.AppointmentSeries.cancellations: could not initialize proxy - no Session
	at org.hibernate.collection.spi.AbstractPersistentCollection.throwLazyInitializationException(AbstractPersistentCollection.java:636)
	at org.hibernate.collection.spi.AbstractPersistentCollection.withTemporarySessionIfNeeded(AbstractPersistentCollection.java:219)
	at org.hibernate.collection.spi.AbstractPersistentCollection.initialize(AbstractPersistentCollection.java:615)
	at org.hibernate.collection.spi.AbstractPersistentCollection.read(AbstractPersistentCollection.java:138)
	at org.hibernate.collection.spi.PersistentBag.iterator(PersistentBag.java:369)
	at java.base/java.util.Spliterators$IteratorSpliterator.estimateSize(Spliterators.java:1865)
	at java.base/java.util.Spliterator.getExactSizeIfKnown(Spliterator.java:414)
	at java.base/java.util.stream.AbstractPipeline.copyInto(AbstractPipeline.java:508)
	at java.base/java.util.stream.AbstractPipeline.wrapAndCopyInto(AbstractPipeline.java:499)
	at java.base/java.util.stream.ReduceOps$ReduceOp.evaluateSequential(ReduceOps.java:921)
	at java.base/java.util.stream.AbstractPipeline.evaluate(AbstractPipeline.java:234)
	at java.base/java.util.stream.ReferencePipeline.collect(ReferencePipeline.java:682)
	at com.example.physiokalendar.service.AppointmentSeriesGeneratorJob.generateAppointmentsForSeries(AppointmentSeriesGeneratorJob.java:151)
	at com.example.physiokalendar.service.AppointmentSeriesGeneratorJob.generateMissingAppointments(AppointmentSeriesGeneratorJob.java:107)
	at com.example.physiokalendar.service.AppointmentSeriesGeneratorJob.onApplicationReady(AppointmentSeriesGeneratorJob.java:57)
	at java.base/jdk.internal.reflect.NativeMethodAccessorImpl.invoke0(Native Method)
	at java.base/jdk.internal.reflect.NativeMethodAccessorImpl.invoke(NativeMethodAccessorImpl.java:77)
	at java.base/jdk.internal.reflect.DelegatingMethodAccessorImpl.invoke(DelegatingMethodAccessorImpl.java:43)
	at java.base/java.lang.reflect.Method.invoke(Method.java:568)
	at org.springframework.context.event.ApplicationListenerMethodAdapter.doInvoke(ApplicationListenerMethodAdapter.java:365)
	at org.springframework.context.event.ApplicationListenerMethodAdapter.processEvent(ApplicationListenerMethodAdapter.java:237)
	at org.springframework.context.event.ApplicationListenerMethodAdapter.onApplicationEvent(ApplicationListenerMethodAdapter.java:168)
	at org.springframework.context.event.SimpleApplicationEventMulticaster.doInvokeListener(SimpleApplicationEventMulticaster.java:185)
	at org.springframework.context.event.SimpleApplicationEventMulticaster.invokeListener(SimpleApplicationEventMulticaster.java:178)
	at org.springframework.context.event.SimpleApplicationEventMulticaster.multicastEvent(SimpleApplicationEventMulticaster.java:156)
	at org.springframework.context.support.AbstractApplicationContext.publishEvent(AbstractApplicationContext.java:452)
	at org.springframework.context.support.AbstractApplicationContext.publishEvent(AbstractApplicationContext.java:385)
	at org.springframework.boot.context.event.EventPublishingRunListener.ready(EventPublishingRunListener.java:109)
	at org.springframework.boot.SpringApplicationRunListeners.lambda$ready$6(SpringApplicationRunListeners.java:80)
	at java.base/java.lang.Iterable.forEach(Iterable.java:75)
	at org.springframework.boot.SpringApplicationRunListeners.doWithListeners(SpringApplicationRunListeners.java:118)
	at org.springframework.boot.SpringApplicationRunListeners.doWithListeners(SpringApplicationRunListeners.java:112)
	at org.springframework.boot.SpringApplicationRunListeners.ready(SpringApplicationRunListeners.java:80)
	at org.springframework.boot.SpringApplication.run(SpringApplication.java:349)
	at org.springframework.boot.SpringApplication.run(SpringApplication.java:1363)
	at org.springframework.boot.SpringApplication.run(SpringApplication.java:1352)
	at com.example.physiokalendar.PhysiokalendarApplication.main(PhysiokalendarApplication.java:12)
	at java.base/jdk.internal.reflect.NativeMethodAccessorImpl.invoke0(Native Method)
	at java.base/jdk.internal.reflect.NativeMethodAccessorImpl.invoke(NativeMethodAccessorImpl.java:77)
	at java.base/jdk.internal.reflect.DelegatingMethodAccessorImpl.invoke(DelegatingMethodAccessorImpl.java:43)
	at java.base/java.lang.reflect.Method.invoke(Method.java:568)
	at org.springframework.boot.devtools.restart.RestartLauncher.run(RestartLauncher.java:50)
2026-02-18 02:57:11.363 [restartedMain] ERROR c.e.p.s.AppointmentSeriesGeneratorJob - Error generating appointments for series 4475: failed to lazily initialize a collection of role: com.example.physiokalendar.entity.AppointmentSeries.cancellations: could not initialize proxy - no Session
org.hibernate.LazyInitializationException: failed to lazily initialize a collection of role: com.example.physiokalendar.entity.AppointmentSeries.cancellations: could not initialize proxy - no Session
	at org.hibernate.collection.spi.AbstractPersistentCollection.throwLazyInitializationException(AbstractPersistentCollection.java:636)
	at org.hibernate.collection.spi.AbstractPersistentCollection.withTemporarySessionIfNeeded(AbstractPersistentCollection.java:219)
	at org.hibernate.collection.spi.AbstractPersistentCollection.initialize(AbstractPersistentCollection.java:615)
	at org.hibernate.collection.spi.AbstractPersistentCollection.read(AbstractPersistentCollection.java:138)
	at org.hibernate.collection.spi.PersistentBag.iterator(PersistentBag.java:369)
	at java.base/java.util.Spliterators$IteratorSpliterator.estimateSize(Spliterators.java:1865)
	at java.base/java.util.Spliterator.getExactSizeIfKnown(Spliterator.java:414)
	at java.base/java.util.stream.AbstractPipeline.copyInto(AbstractPipeline.java:508)
	at java.base/java.util.stream.AbstractPipeline.wrapAndCopyInto(AbstractPipeline.java:499)
	at java.base/java.util.stream.ReduceOps$ReduceOp.evaluateSequential(ReduceOps.java:921)
	at java.base/java.util.stream.AbstractPipeline.evaluate(AbstractPipeline.java:234)
	at java.base/java.util.stream.ReferencePipeline.collect(ReferencePipeline.java:682)
	at com.example.physiokalendar.service.AppointmentSeriesGeneratorJob.generateAppointmentsForSeries(AppointmentSeriesGeneratorJob.java:151)
	at com.example.physiokalendar.service.AppointmentSeriesGeneratorJob.generateMissingAppointments(AppointmentSeriesGeneratorJob.java:107)
	at com.example.physiokalendar.service.AppointmentSeriesGeneratorJob.onApplicationReady(AppointmentSeriesGeneratorJob.java:57)
	at java.base/jdk.internal.reflect.NativeMethodAccessorImpl.invoke0(Native Method)
	at java.base/jdk.internal.reflect.NativeMethodAccessorImpl.invoke(NativeMethodAccessorImpl.java:77)
	at java.base/jdk.internal.reflect.DelegatingMethodAccessorImpl.invoke(DelegatingMethodAccessorImpl.java:43)
	at java.base/java.lang.reflect.Method.invoke(Method.java:568)
	at org.springframework.context.event.ApplicationListenerMethodAdapter.doInvoke(ApplicationListenerMethodAdapter.java:365)
	at org.springframework.context.event.ApplicationListenerMethodAdapter.processEvent(ApplicationListenerMethodAdapter.java:237)
	at org.springframework.context.event.ApplicationListenerMethodAdapter.onApplicationEvent(ApplicationListenerMethodAdapter.java:168)
	at org.springframework.context.event.SimpleApplicationEventMulticaster.doInvokeListener(SimpleApplicationEventMulticaster.java:185)
	at org.springframework.context.event.SimpleApplicationEventMulticaster.invokeListener(SimpleApplicationEventMulticaster.java:178)
	at org.springframework.context.event.SimpleApplicationEventMulticaster.multicastEvent(SimpleApplicationEventMulticaster.java:156)
	at org.springframework.context.support.AbstractApplicationContext.publishEvent(AbstractApplicationContext.java:452)
	at org.springframework.context.support.AbstractApplicationContext.publishEvent(AbstractApplicationContext.java:385)
	at org.springframework.boot.context.event.EventPublishingRunListener.ready(EventPublishingRunListener.java:109)
	at org.springframework.boot.SpringApplicationRunListeners.lambda$ready$6(SpringApplicationRunListeners.java:80)
	at java.base/java.lang.Iterable.forEach(Iterable.java:75)
	at org.springframework.boot.SpringApplicationRunListeners.doWithListeners(SpringApplicationRunListeners.java:118)
	at org.springframework.boot.SpringApplicationRunListeners.doWithListeners(SpringApplicationRunListeners.java:112)
	at org.springframework.boot.SpringApplicationRunListeners.ready(SpringApplicationRunListeners.java:80)
	at org.springframework.boot.SpringApplication.run(SpringApplication.java:349)
	at org.springframework.boot.SpringApplication.run(SpringApplication.java:1363)
	at org.springframework.boot.SpringApplication.run(SpringApplication.java:1352)
	at com.example.physiokalendar.PhysiokalendarApplication.main(PhysiokalendarApplication.java:12)
	at java.base/jdk.internal.reflect.NativeMethodAccessorImpl.invoke0(Native Method)
	at java.base/jdk.internal.reflect.NativeMethodAccessorImpl.invoke(NativeMethodAccessorImpl.java:77)
	at java.base/jdk.internal.reflect.DelegatingMethodAccessorImpl.invoke(DelegatingMethodAccessorImpl.java:43)
	at java.base/java.lang.reflect.Method.invoke(Method.java:568)
	at org.springframework.boot.devtools.restart.RestartLauncher.run(RestartLauncher.java:50)
2026-02-18 02:57:11.368 [restartedMain] ERROR c.e.p.s.AppointmentSeriesGeneratorJob - Error generating appointments for series 4476: failed to lazily initialize a collection of role: com.example.physiokalendar.entity.AppointmentSeries.cancellations: could not initialize proxy - no Session
org.hibernate.LazyInitializationException: failed to lazily initialize a collection of role: com.example.physiokalendar.entity.AppointmentSeries.cancellations: could not initialize proxy - no Session
	at org.hibernate.collection.spi.AbstractPersistentCollection.throwLazyInitializationException(AbstractPersistentCollection.java:636)
	at org.hibernate.collection.spi.AbstractPersistentCollection.withTemporarySessionIfNeeded(AbstractPersistentCollection.java:219)
	at org.hibernate.collection.spi.AbstractPersistentCollection.initialize(AbstractPersistentCollection.java:615)
	at org.hibernate.collection.spi.AbstractPersistentCollection.read(AbstractPersistentCollection.java:138)
	at org.hibernate.collection.spi.PersistentBag.iterator(PersistentBag.java:369)
	at java.base/java.util.Spliterators$IteratorSpliterator.estimateSize(Spliterators.java:1865)
	at java.base/java.util.Spliterator.getExactSizeIfKnown(Spliterator.java:414)
	at java.base/java.util.stream.AbstractPipeline.copyInto(AbstractPipeline.java:508)
	at java.base/java.util.stream.AbstractPipeline.wrapAndCopyInto(AbstractPipeline.java:499)
	at java.base/java.util.stream.ReduceOps$ReduceOp.evaluateSequential(ReduceOps.java:921)
	at java.base/java.util.stream.AbstractPipeline.evaluate(AbstractPipeline.java:234)
	at java.base/java.util.stream.ReferencePipeline.collect(ReferencePipeline.java:682)
	at com.example.physiokalendar.service.AppointmentSeriesGeneratorJob.generateAppointmentsForSeries(AppointmentSeriesGeneratorJob.java:151)
	at com.example.physiokalendar.service.AppointmentSeriesGeneratorJob.generateMissingAppointments(AppointmentSeriesGeneratorJob.java:107)
	at com.example.physiokalendar.service.AppointmentSeriesGeneratorJob.onApplicationReady(AppointmentSeriesGeneratorJob.java:57)
	at java.base/jdk.internal.reflect.NativeMethodAccessorImpl.invoke0(Native Method)
	at java.base/jdk.internal.reflect.NativeMethodAccessorImpl.invoke(NativeMethodAccessorImpl.java:77)
	at java.base/jdk.internal.reflect.DelegatingMethodAccessorImpl.invoke(DelegatingMethodAccessorImpl.java:43)
	at java.base/java.lang.reflect.Method.invoke(Method.java:568)
	at org.springframework.context.event.ApplicationListenerMethodAdapter.doInvoke(ApplicationListenerMethodAdapter.java:365)
	at org.springframework.context.event.ApplicationListenerMethodAdapter.processEvent(ApplicationListenerMethodAdapter.java:237)
	at org.springframework.context.event.ApplicationListenerMethodAdapter.onApplicationEvent(ApplicationListenerMethodAdapter.java:168)
	at org.springframework.context.event.SimpleApplicationEventMulticaster.doInvokeListener(SimpleApplicationEventMulticaster.java:185)
	at org.springframework.context.event.SimpleApplicationEventMulticaster.invokeListener(SimpleApplicationEventMulticaster.java:178)
	at org.springframework.context.event.SimpleApplicationEventMulticaster.multicastEvent(SimpleApplicationEventMulticaster.java:156)
	at org.springframework.context.support.AbstractApplicationContext.publishEvent(AbstractApplicationContext.java:452)
	at org.springframework.context.support.AbstractApplicationContext.publishEvent(AbstractApplicationContext.java:385)
	at org.springframework.boot.context.event.EventPublishingRunListener.ready(EventPublishingRunListener.java:109)
	at org.springframework.boot.SpringApplicationRunListeners.lambda$ready$6(SpringApplicationRunListeners.java:80)
	at java.base/java.lang.Iterable.forEach(Iterable.java:75)
	at org.springframework.boot.SpringApplicationRunListeners.doWithListeners(SpringApplicationRunListeners.java:118)
	at org.springframework.boot.SpringApplicationRunListeners.doWithListeners(SpringApplicationRunListeners.java:112)
	at org.springframework.boot.SpringApplicationRunListeners.ready(SpringApplicationRunListeners.java:80)
	at org.springframework.boot.SpringApplication.run(SpringApplication.java:349)
	at org.springframework.boot.SpringApplication.run(SpringApplication.java:1363)
	at org.springframework.boot.SpringApplication.run(SpringApplication.java:1352)
	at com.example.physiokalendar.PhysiokalendarApplication.main(PhysiokalendarApplication.java:12)
	at java.base/jdk.internal.reflect.NativeMethodAccessorImpl.invoke0(Native Method)
	at java.base/jdk.internal.reflect.NativeMethodAccessorImpl.invoke(NativeMethodAccessorImpl.java:77)
	at java.base/jdk.internal.reflect.DelegatingMethodAccessorImpl.invoke(DelegatingMethodAccessorImpl.java:43)
	at java.base/java.lang.reflect.Method.invoke(Method.java:568)
	at org.springframework.boot.devtools.restart.RestartLauncher.run(RestartLauncher.java:50)
2026-02-18 02:57:11.372 [restartedMain] ERROR c.e.p.s.AppointmentSeriesGeneratorJob - Error generating appointments for series 4477: failed to lazily initialize a collection of role: com.example.physiokalendar.entity.AppointmentSeries.cancellations: could not initialize proxy - no Session
org.hibernate.LazyInitializationException: failed to lazily initialize a collection of role: com.example.physiokalendar.entity.AppointmentSeries.cancellations: could not initialize proxy - no Session
	at org.hibernate.collection.spi.AbstractPersistentCollection.throwLazyInitializationException(AbstractPersistentCollection.java:636)
	at org.hibernate.collection.spi.AbstractPersistentCollection.withTemporarySessionIfNeeded(AbstractPersistentCollection.java:219)
	at org.hibernate.collection.spi.AbstractPersistentCollection.initialize(AbstractPersistentCollection.java:615)
	at org.hibernate.collection.spi.AbstractPersistentCollection.read(AbstractPersistentCollection.java:138)
	at org.hibernate.collection.spi.PersistentBag.iterator(PersistentBag.java:369)
	at java.base/java.util.Spliterators$IteratorSpliterator.estimateSize(Spliterators.java:1865)
	at java.base/java.util.Spliterator.getExactSizeIfKnown(Spliterator.java:414)
	at java.base/java.util.stream.AbstractPipeline.copyInto(AbstractPipeline.java:508)
	at java.base/java.util.stream.AbstractPipeline.wrapAndCopyInto(AbstractPipeline.java:499)
	at java.base/java.util.stream.ReduceOps$ReduceOp.evaluateSequential(ReduceOps.java:921)
	at java.base/java.util.stream.AbstractPipeline.evaluate(AbstractPipeline.java:234)
	at java.base/java.util.stream.ReferencePipeline.collect(ReferencePipeline.java:682)
	at com.example.physiokalendar.service.AppointmentSeriesGeneratorJob.generateAppointmentsForSeries(AppointmentSeriesGeneratorJob.java:151)
	at com.example.physiokalendar.service.AppointmentSeriesGeneratorJob.generateMissingAppointments(AppointmentSeriesGeneratorJob.java:107)
	at com.example.physiokalendar.service.AppointmentSeriesGeneratorJob.onApplicationReady(AppointmentSeriesGeneratorJob.java:57)
	at java.base/jdk.internal.reflect.NativeMethodAccessorImpl.invoke0(Native Method)
	at java.base/jdk.internal.reflect.NativeMethodAccessorImpl.invoke(NativeMethodAccessorImpl.java:77)
	at java.base/jdk.internal.reflect.DelegatingMethodAccessorImpl.invoke(DelegatingMethodAccessorImpl.java:43)
	at java.base/java.lang.reflect.Method.invoke(Method.java:568)
	at org.springframework.context.event.ApplicationListenerMethodAdapter.doInvoke(ApplicationListenerMethodAdapter.java:365)
	at org.springframework.context.event.ApplicationListenerMethodAdapter.processEvent(ApplicationListenerMethodAdapter.java:237)
	at org.springframework.context.event.ApplicationListenerMethodAdapter.onApplicationEvent(ApplicationListenerMethodAdapter.java:168)
	at org.springframework.context.event.SimpleApplicationEventMulticaster.doInvokeListener(SimpleApplicationEventMulticaster.java:185)
	at org.springframework.context.event.SimpleApplicationEventMulticaster.invokeListener(SimpleApplicationEventMulticaster.java:178)
	at org.springframework.context.event.SimpleApplicationEventMulticaster.multicastEvent(SimpleApplicationEventMulticaster.java:156)
	at org.springframework.context.support.AbstractApplicationContext.publishEvent(AbstractApplicationContext.java:452)
	at org.springframework.context.support.AbstractApplicationContext.publishEvent(AbstractApplicationContext.java:385)
	at org.springframework.boot.context.event.EventPublishingRunListener.ready(EventPublishingRunListener.java:109)
	at org.springframework.boot.SpringApplicationRunListeners.lambda$ready$6(SpringApplicationRunListeners.java:80)
	at java.base/java.lang.Iterable.forEach(Iterable.java:75)
	at org.springframework.boot.SpringApplicationRunListeners.doWithListeners(SpringApplicationRunListeners.java:118)
	at org.springframework.boot.SpringApplicationRunListeners.doWithListeners(SpringApplicationRunListeners.java:112)
	at org.springframework.boot.SpringApplicationRunListeners.ready(SpringApplicationRunListeners.java:80)
	at org.springframework.boot.SpringApplication.run(SpringApplication.java:349)
	at org.springframework.boot.SpringApplication.run(SpringApplication.java:1363)
	at org.springframework.boot.SpringApplication.run(SpringApplication.java:1352)
	at com.example.physiokalendar.PhysiokalendarApplication.main(PhysiokalendarApplication.java:12)
	at java.base/jdk.internal.reflect.NativeMethodAccessorImpl.invoke0(Native Method)
	at java.base/jdk.internal.reflect.NativeMethodAccessorImpl.invoke(NativeMethodAccessorImpl.java:77)
	at java.base/jdk.internal.reflect.DelegatingMethodAccessorImpl.invoke(DelegatingMethodAccessorImpl.java:43)
	at java.base/java.lang.reflect.Method.invoke(Method.java:568)
	at org.springframework.boot.devtools.restart.RestartLauncher.run(RestartLauncher.java:50)
2026-02-18 02:57:11.377 [restartedMain] ERROR c.e.p.s.AppointmentSeriesGeneratorJob - Error generating appointments for series 4478: failed to lazily initialize a collection of role: com.example.physiokalendar.entity.AppointmentSeries.cancellations: could not initialize proxy - no Session
org.hibernate.LazyInitializationException: failed to lazily initialize a collection of role: com.example.physiokalendar.entity.AppointmentSeries.cancellations: could not initialize proxy - no Session
	at org.hibernate.collection.spi.AbstractPersistentCollection.throwLazyInitializationException(AbstractPersistentCollection.java:636)
	at org.hibernate.collection.spi.AbstractPersistentCollection.withTemporarySessionIfNeeded(AbstractPersistentCollection.java:219)
	at org.hibernate.collection.spi.AbstractPersistentCollection.initialize(AbstractPersistentCollection.java:615)
	at org.hibernate.collection.spi.AbstractPersistentCollection.read(AbstractPersistentCollection.java:138)
	at org.hibernate.collection.spi.PersistentBag.iterator(PersistentBag.java:369)
	at java.base/java.util.Spliterators$IteratorSpliterator.estimateSize(Spliterators.java:1865)
	at java.base/java.util.Spliterator.getExactSizeIfKnown(Spliterator.java:414)
	at java.base/java.util.stream.AbstractPipeline.copyInto(AbstractPipeline.java:508)
	at java.base/java.util.stream.AbstractPipeline.wrapAndCopyInto(AbstractPipeline.java:499)
	at java.base/java.util.stream.ReduceOps$ReduceOp.evaluateSequential(ReduceOps.java:921)
	at java.base/java.util.stream.AbstractPipeline.evaluate(AbstractPipeline.java:234)
	at java.base/java.util.stream.ReferencePipeline.collect(ReferencePipeline.java:682)
	at com.example.physiokalendar.service.AppointmentSeriesGeneratorJob.generateAppointmentsForSeries(AppointmentSeriesGeneratorJob.java:151)
	at com.example.physiokalendar.service.AppointmentSeriesGeneratorJob.generateMissingAppointments(AppointmentSeriesGeneratorJob.java:107)
	at com.example.physiokalendar.service.AppointmentSeriesGeneratorJob.onApplicationReady(AppointmentSeriesGeneratorJob.java:57)
	at java.base/jdk.internal.reflect.NativeMethodAccessorImpl.invoke0(Native Method)
	at java.base/jdk.internal.reflect.NativeMethodAccessorImpl.invoke(NativeMethodAccessorImpl.java:77)
	at java.base/jdk.internal.reflect.DelegatingMethodAccessorImpl.invoke(DelegatingMethodAccessorImpl.java:43)
	at java.base/java.lang.reflect.Method.invoke(Method.java:568)
	at org.springframework.context.event.ApplicationListenerMethodAdapter.doInvoke(ApplicationListenerMethodAdapter.java:365)
	at org.springframework.context.event.ApplicationListenerMethodAdapter.processEvent(ApplicationListenerMethodAdapter.java:237)
	at org.springframework.context.event.ApplicationListenerMethodAdapter.onApplicationEvent(ApplicationListenerMethodAdapter.java:168)
	at org.springframework.context.event.SimpleApplicationEventMulticaster.doInvokeListener(SimpleApplicationEventMulticaster.java:185)
	at org.springframework.context.event.SimpleApplicationEventMulticaster.invokeListener(SimpleApplicationEventMulticaster.java:178)
	at org.springframework.context.event.SimpleApplicationEventMulticaster.multicastEvent(SimpleApplicationEventMulticaster.java:156)
	at org.springframework.context.support.AbstractApplicationContext.publishEvent(AbstractApplicationContext.java:452)
	at org.springframework.context.support.AbstractApplicationContext.publishEvent(AbstractApplicationContext.java:385)
	at org.springframework.boot.context.event.EventPublishingRunListener.ready(EventPublishingRunListener.java:109)
	at org.springframework.boot.SpringApplicationRunListeners.lambda$ready$6(SpringApplicationRunListeners.java:80)
	at java.base/java.lang.Iterable.forEach(Iterable.java:75)
	at org.springframework.boot.SpringApplicationRunListeners.doWithListeners(SpringApplicationRunListeners.java:118)
	at org.springframework.boot.SpringApplicationRunListeners.doWithListeners(SpringApplicationRunListeners.java:112)
	at org.springframework.boot.SpringApplicationRunListeners.ready(SpringApplicationRunListeners.java:80)
	at org.springframework.boot.SpringApplication.run(SpringApplication.java:349)
	at org.springframework.boot.SpringApplication.run(SpringApplication.java:1363)
	at org.springframework.boot.SpringApplication.run(SpringApplication.java:1352)
	at com.example.physiokalendar.PhysiokalendarApplication.main(PhysiokalendarApplication.java:12)
	at java.base/jdk.internal.reflect.NativeMethodAccessorImpl.invoke0(Native Method)
	at java.base/jdk.internal.reflect.NativeMethodAccessorImpl.invoke(NativeMethodAccessorImpl.java:77)
	at java.base/jdk.internal.reflect.DelegatingMethodAccessorImpl.invoke(DelegatingMethodAccessorImpl.java:43)
	at java.base/java.lang.reflect.Method.invoke(Method.java:568)
	at org.springframework.boot.devtools.restart.RestartLauncher.run(RestartLauncher.java:50)
2026-02-18 02:57:11.382 [restartedMain] ERROR c.e.p.s.AppointmentSeriesGeneratorJob - Error generating appointments for series 4479: failed to lazily initialize a collection of role: com.example.physiokalendar.entity.AppointmentSeries.cancellations: could not initialize proxy - no Session
org.hibernate.LazyInitializationException: failed to lazily initialize a collection of role: com.example.physiokalendar.entity.AppointmentSeries.cancellations: could not initialize proxy - no Session
	at org.hibernate.collection.spi.AbstractPersistentCollection.throwLazyInitializationException(AbstractPersistentCollection.java:636)
	at org.hibernate.collection.spi.AbstractPersistentCollection.withTemporarySessionIfNeeded(AbstractPersistentCollection.java:219)
	at org.hibernate.collection.spi.AbstractPersistentCollection.initialize(AbstractPersistentCollection.java:615)
	at org.hibernate.collection.spi.AbstractPersistentCollection.read(AbstractPersistentCollection.java:138)
	at org.hibernate.collection.spi.PersistentBag.iterator(PersistentBag.java:369)
	at java.base/java.util.Spliterators$IteratorSpliterator.estimateSize(Spliterators.java:1865)
	at java.base/java.util.Spliterator.getExactSizeIfKnown(Spliterator.java:414)
	at java.base/java.util.stream.AbstractPipeline.copyInto(AbstractPipeline.java:508)
	at java.base/java.util.stream.AbstractPipeline.wrapAndCopyInto(AbstractPipeline.java:499)
	at java.base/java.util.stream.ReduceOps$ReduceOp.evaluateSequential(ReduceOps.java:921)
	at java.base/java.util.stream.AbstractPipeline.evaluate(AbstractPipeline.java:234)
	at java.base/java.util.stream.ReferencePipeline.collect(ReferencePipeline.java:682)
	at com.example.physiokalendar.service.AppointmentSeriesGeneratorJob.generateAppointmentsForSeries(AppointmentSeriesGeneratorJob.java:151)
	at com.example.physiokalendar.service.AppointmentSeriesGeneratorJob.generateMissingAppointments(AppointmentSeriesGeneratorJob.java:107)
	at com.example.physiokalendar.service.AppointmentSeriesGeneratorJob.onApplicationReady(AppointmentSeriesGeneratorJob.java:57)
	at java.base/jdk.internal.reflect.NativeMethodAccessorImpl.invoke0(Native Method)
	at java.base/jdk.internal.reflect.NativeMethodAccessorImpl.invoke(NativeMethodAccessorImpl.java:77)
	at java.base/jdk.internal.reflect.DelegatingMethodAccessorImpl.invoke(DelegatingMethodAccessorImpl.java:43)
	at java.base/java.lang.reflect.Method.invoke(Method.java:568)
	at org.springframework.context.event.ApplicationListenerMethodAdapter.doInvoke(ApplicationListenerMethodAdapter.java:365)
	at org.springframework.context.event.ApplicationListenerMethodAdapter.processEvent(ApplicationListenerMethodAdapter.java:237)
	at org.springframework.context.event.ApplicationListenerMethodAdapter.onApplicationEvent(ApplicationListenerMethodAdapter.java:168)
	at org.springframework.context.event.SimpleApplicationEventMulticaster.doInvokeListener(SimpleApplicationEventMulticaster.java:185)
	at org.springframework.context.event.SimpleApplicationEventMulticaster.invokeListener(SimpleApplicationEventMulticaster.java:178)
	at org.springframework.context.event.SimpleApplicationEventMulticaster.multicastEvent(SimpleApplicationEventMulticaster.java:156)
	at org.springframework.context.support.AbstractApplicationContext.publishEvent(AbstractApplicationContext.java:452)
	at org.springframework.context.support.AbstractApplicationContext.publishEvent(AbstractApplicationContext.java:385)
	at org.springframework.boot.context.event.EventPublishingRunListener.ready(EventPublishingRunListener.java:109)
	at org.springframework.boot.SpringApplicationRunListeners.lambda$ready$6(SpringApplicationRunListeners.java:80)
	at java.base/java.lang.Iterable.forEach(Iterable.java:75)
	at org.springframework.boot.SpringApplicationRunListeners.doWithListeners(SpringApplicationRunListeners.java:118)
	at org.springframework.boot.SpringApplicationRunListeners.doWithListeners(SpringApplicationRunListeners.java:112)
	at org.springframework.boot.SpringApplicationRunListeners.ready(SpringApplicationRunListeners.java:80)
	at org.springframework.boot.SpringApplication.run(SpringApplication.java:349)
	at org.springframework.boot.SpringApplication.run(SpringApplication.java:1363)
	at org.springframework.boot.SpringApplication.run(SpringApplication.java:1352)
	at com.example.physiokalendar.PhysiokalendarApplication.main(PhysiokalendarApplication.java:12)
	at java.base/jdk.internal.reflect.NativeMethodAccessorImpl.invoke0(Native Method)
	at java.base/jdk.internal.reflect.NativeMethodAccessorImpl.invoke(NativeMethodAccessorImpl.java:77)
	at java.base/jdk.internal.reflect.DelegatingMethodAccessorImpl.invoke(DelegatingMethodAccessorImpl.java:43)
	at java.base/java.lang.reflect.Method.invoke(Method.java:568)
	at org.springframework.boot.devtools.restart.RestartLauncher.run(RestartLauncher.java:50)
2026-02-18 02:57:11.387 [restartedMain] ERROR c.e.p.s.AppointmentSeriesGeneratorJob - Error generating appointments for series 4480: failed to lazily initialize a collection of role: com.example.physiokalendar.entity.AppointmentSeries.cancellations: could not initialize proxy - no Session
org.hibernate.LazyInitializationException: failed to lazily initialize a collection of role: com.example.physiokalendar.entity.AppointmentSeries.cancellations: could not initialize proxy - no Session
	at org.hibernate.collection.spi.AbstractPersistentCollection.throwLazyInitializationException(AbstractPersistentCollection.java:636)
	at org.hibernate.collection.spi.AbstractPersistentCollection.withTemporarySessionIfNeeded(AbstractPersistentCollection.java:219)
	at org.hibernate.collection.spi.AbstractPersistentCollection.initialize(AbstractPersistentCollection.java:615)
	at org.hibernate.collection.spi.AbstractPersistentCollection.read(AbstractPersistentCollection.java:138)
	at org.hibernate.collection.spi.PersistentBag.iterator(PersistentBag.java:369)
	at java.base/java.util.Spliterators$IteratorSpliterator.estimateSize(Spliterators.java:1865)
	at java.base/java.util.Spliterator.getExactSizeIfKnown(Spliterator.java:414)
	at java.base/java.util.stream.AbstractPipeline.copyInto(AbstractPipeline.java:508)
	at java.base/java.util.stream.AbstractPipeline.wrapAndCopyInto(AbstractPipeline.java:499)
	at java.base/java.util.stream.ReduceOps$ReduceOp.evaluateSequential(ReduceOps.java:921)
	at java.base/java.util.stream.AbstractPipeline.evaluate(AbstractPipeline.java:234)
	at java.base/java.util.stream.ReferencePipeline.collect(ReferencePipeline.java:682)
	at com.example.physiokalendar.service.AppointmentSeriesGeneratorJob.generateAppointmentsForSeries(AppointmentSeriesGeneratorJob.java:151)
	at com.example.physiokalendar.service.AppointmentSeriesGeneratorJob.generateMissingAppointments(AppointmentSeriesGeneratorJob.java:107)
	at com.example.physiokalendar.service.AppointmentSeriesGeneratorJob.onApplicationReady(AppointmentSeriesGeneratorJob.java:57)
	at java.base/jdk.internal.reflect.NativeMethodAccessorImpl.invoke0(Native Method)
	at java.base/jdk.internal.reflect.NativeMethodAccessorImpl.invoke(NativeMethodAccessorImpl.java:77)
	at java.base/jdk.internal.reflect.DelegatingMethodAccessorImpl.invoke(DelegatingMethodAccessorImpl.java:43)
	at java.base/java.lang.reflect.Method.invoke(Method.java:568)
	at org.springframework.context.event.ApplicationListenerMethodAdapter.doInvoke(ApplicationListenerMethodAdapter.java:365)
	at org.springframework.context.event.ApplicationListenerMethodAdapter.processEvent(ApplicationListenerMethodAdapter.java:237)
	at org.springframework.context.event.ApplicationListenerMethodAdapter.onApplicationEvent(ApplicationListenerMethodAdapter.java:168)
	at org.springframework.context.event.SimpleApplicationEventMulticaster.doInvokeListener(SimpleApplicationEventMulticaster.java:185)
	at org.springframework.context.event.SimpleApplicationEventMulticaster.invokeListener(SimpleApplicationEventMulticaster.java:178)
	at org.springframework.context.event.SimpleApplicationEventMulticaster.multicastEvent(SimpleApplicationEventMulticaster.java:156)
	at org.springframework.context.support.AbstractApplicationContext.publishEvent(AbstractApplicationContext.java:452)
	at org.springframework.context.support.AbstractApplicationContext.publishEvent(AbstractApplicationContext.java:385)
	at org.springframework.boot.context.event.EventPublishingRunListener.ready(EventPublishingRunListener.java:109)
	at org.springframework.boot.SpringApplicationRunListeners.lambda$ready$6(SpringApplicationRunListeners.java:80)
	at java.base/java.lang.Iterable.forEach(Iterable.java:75)
	at org.springframework.boot.SpringApplicationRunListeners.doWithListeners(SpringApplicationRunListeners.java:118)
	at org.springframework.boot.SpringApplicationRunListeners.doWithListeners(SpringApplicationRunListeners.java:112)
	at org.springframework.boot.SpringApplicationRunListeners.ready(SpringApplicationRunListeners.java:80)
	at org.springframework.boot.SpringApplication.run(SpringApplication.java:349)
	at org.springframework.boot.SpringApplication.run(SpringApplication.java:1363)
	at org.springframework.boot.SpringApplication.run(SpringApplication.java:1352)
	at com.example.physiokalendar.PhysiokalendarApplication.main(PhysiokalendarApplication.java:12)
	at java.base/jdk.internal.reflect.NativeMethodAccessorImpl.invoke0(Native Method)
	at java.base/jdk.internal.reflect.NativeMethodAccessorImpl.invoke(NativeMethodAccessorImpl.java:77)
	at java.base/jdk.internal.reflect.DelegatingMethodAccessorImpl.invoke(DelegatingMethodAccessorImpl.java:43)
	at java.base/java.lang.reflect.Method.invoke(Method.java:568)
	at org.springframework.boot.devtools.restart.RestartLauncher.run(RestartLauncher.java:50)
2026-02-18 02:57:11.391 [restartedMain] ERROR c.e.p.s.AppointmentSeriesGeneratorJob - Error generating appointments for series 4481: failed to lazily initialize a collection of role: com.example.physiokalendar.entity.AppointmentSeries.cancellations: could not initialize proxy - no Session
org.hibernate.LazyInitializationException: failed to lazily initialize a collection of role: com.example.physiokalendar.entity.AppointmentSeries.cancellations: could not initialize proxy - no Session
	at org.hibernate.collection.spi.AbstractPersistentCollection.throwLazyInitializationException(AbstractPersistentCollection.java:636)
	at org.hibernate.collection.spi.AbstractPersistentCollection.withTemporarySessionIfNeeded(AbstractPersistentCollection.java:219)
	at org.hibernate.collection.spi.AbstractPersistentCollection.initialize(AbstractPersistentCollection.java:615)
	at org.hibernate.collection.spi.AbstractPersistentCollection.read(AbstractPersistentCollection.java:138)
	at org.hibernate.collection.spi.PersistentBag.iterator(PersistentBag.java:369)
	at java.base/java.util.Spliterators$IteratorSpliterator.estimateSize(Spliterators.java:1865)
	at java.base/java.util.Spliterator.getExactSizeIfKnown(Spliterator.java:414)
	at java.base/java.util.stream.AbstractPipeline.copyInto(AbstractPipeline.java:508)
	at java.base/java.util.stream.AbstractPipeline.wrapAndCopyInto(AbstractPipeline.java:499)
	at java.base/java.util.stream.ReduceOps$ReduceOp.evaluateSequential(ReduceOps.java:921)
	at java.base/java.util.stream.AbstractPipeline.evaluate(AbstractPipeline.java:234)
	at java.base/java.util.stream.ReferencePipeline.collect(ReferencePipeline.java:682)
	at com.example.physiokalendar.service.AppointmentSeriesGeneratorJob.generateAppointmentsForSeries(AppointmentSeriesGeneratorJob.java:151)
	at com.example.physiokalendar.service.AppointmentSeriesGeneratorJob.generateMissingAppointments(AppointmentSeriesGeneratorJob.java:107)
	at com.example.physiokalendar.service.AppointmentSeriesGeneratorJob.onApplicationReady(AppointmentSeriesGeneratorJob.java:57)
	at java.base/jdk.internal.reflect.NativeMethodAccessorImpl.invoke0(Native Method)
	at java.base/jdk.internal.reflect.NativeMethodAccessorImpl.invoke(NativeMethodAccessorImpl.java:77)
	at java.base/jdk.internal.reflect.DelegatingMethodAccessorImpl.invoke(DelegatingMethodAccessorImpl.java:43)
	at java.base/java.lang.reflect.Method.invoke(Method.java:568)
	at org.springframework.context.event.ApplicationListenerMethodAdapter.doInvoke(ApplicationListenerMethodAdapter.java:365)
	at org.springframework.context.event.ApplicationListenerMethodAdapter.processEvent(ApplicationListenerMethodAdapter.java:237)
	at org.springframework.context.event.ApplicationListenerMethodAdapter.onApplicationEvent(ApplicationListenerMethodAdapter.java:168)
	at org.springframework.context.event.SimpleApplicationEventMulticaster.doInvokeListener(SimpleApplicationEventMulticaster.java:185)
	at org.springframework.context.event.SimpleApplicationEventMulticaster.invokeListener(SimpleApplicationEventMulticaster.java:178)
	at org.springframework.context.event.SimpleApplicationEventMulticaster.multicastEvent(SimpleApplicationEventMulticaster.java:156)
	at org.springframework.context.support.AbstractApplicationContext.publishEvent(AbstractApplicationContext.java:452)
	at org.springframework.context.support.AbstractApplicationContext.publishEvent(AbstractApplicationContext.java:385)
	at org.springframework.boot.context.event.EventPublishingRunListener.ready(EventPublishingRunListener.java:109)
	at org.springframework.boot.SpringApplicationRunListeners.lambda$ready$6(SpringApplicationRunListeners.java:80)
	at java.base/java.lang.Iterable.forEach(Iterable.java:75)
	at org.springframework.boot.SpringApplicationRunListeners.doWithListeners(SpringApplicationRunListeners.java:118)
	at org.springframework.boot.SpringApplicationRunListeners.doWithListeners(SpringApplicationRunListeners.java:112)
	at org.springframework.boot.SpringApplicationRunListeners.ready(SpringApplicationRunListeners.java:80)
	at org.springframework.boot.SpringApplication.run(SpringApplication.java:349)
	at org.springframework.boot.SpringApplication.run(SpringApplication.java:1363)
	at org.springframework.boot.SpringApplication.run(SpringApplication.java:1352)
	at com.example.physiokalendar.PhysiokalendarApplication.main(PhysiokalendarApplication.java:12)
	at java.base/jdk.internal.reflect.NativeMethodAccessorImpl.invoke0(Native Method)
	at java.base/jdk.internal.reflect.NativeMethodAccessorImpl.invoke(NativeMethodAccessorImpl.java:77)
	at java.base/jdk.internal.reflect.DelegatingMethodAccessorImpl.invoke(DelegatingMethodAccessorImpl.java:43)
	at java.base/java.lang.reflect.Method.invoke(Method.java:568)
	at org.springframework.boot.devtools.restart.RestartLauncher.run(RestartLauncher.java:50)
2026-02-18 02:57:11.396 [restartedMain] ERROR c.e.p.s.AppointmentSeriesGeneratorJob - Error generating appointments for series 4482: failed to lazily initialize a collection of role: com.example.physiokalendar.entity.AppointmentSeries.cancellations: could not initialize proxy - no Session
org.hibernate.LazyInitializationException: failed to lazily initialize a collection of role: com.example.physiokalendar.entity.AppointmentSeries.cancellations: could not initialize proxy - no Session
	at org.hibernate.collection.spi.AbstractPersistentCollection.throwLazyInitializationException(AbstractPersistentCollection.java:636)
	at org.hibernate.collection.spi.AbstractPersistentCollection.withTemporarySessionIfNeeded(AbstractPersistentCollection.java:219)
	at org.hibernate.collection.spi.AbstractPersistentCollection.initialize(AbstractPersistentCollection.java:615)
	at org.hibernate.collection.spi.AbstractPersistentCollection.read(AbstractPersistentCollection.java:138)
	at org.hibernate.collection.spi.PersistentBag.iterator(PersistentBag.java:369)
	at java.base/java.util.Spliterators$IteratorSpliterator.estimateSize(Spliterators.java:1865)
	at java.base/java.util.Spliterator.getExactSizeIfKnown(Spliterator.java:414)
	at java.base/java.util.stream.AbstractPipeline.copyInto(AbstractPipeline.java:508)
	at java.base/java.util.stream.AbstractPipeline.wrapAndCopyInto(AbstractPipeline.java:499)
	at java.base/java.util.stream.ReduceOps$ReduceOp.evaluateSequential(ReduceOps.java:921)
	at java.base/java.util.stream.AbstractPipeline.evaluate(AbstractPipeline.java:234)
	at java.base/java.util.stream.ReferencePipeline.collect(ReferencePipeline.java:682)
	at com.example.physiokalendar.service.AppointmentSeriesGeneratorJob.generateAppointmentsForSeries(AppointmentSeriesGeneratorJob.java:151)
	at com.example.physiokalendar.service.AppointmentSeriesGeneratorJob.generateMissingAppointments(AppointmentSeriesGeneratorJob.java:107)
	at com.example.physiokalendar.service.AppointmentSeriesGeneratorJob.onApplicationReady(AppointmentSeriesGeneratorJob.java:57)
	at java.base/jdk.internal.reflect.NativeMethodAccessorImpl.invoke0(Native Method)
	at java.base/jdk.internal.reflect.NativeMethodAccessorImpl.invoke(NativeMethodAccessorImpl.java:77)
	at java.base/jdk.internal.reflect.DelegatingMethodAccessorImpl.invoke(DelegatingMethodAccessorImpl.java:43)
	at java.base/java.lang.reflect.Method.invoke(Method.java:568)
	at org.springframework.context.event.ApplicationListenerMethodAdapter.doInvoke(ApplicationListenerMethodAdapter.java:365)
	at org.springframework.context.event.ApplicationListenerMethodAdapter.processEvent(ApplicationListenerMethodAdapter.java:237)
	at org.springframework.context.event.ApplicationListenerMethodAdapter.onApplicationEvent(ApplicationListenerMethodAdapter.java:168)
	at org.springframework.context.event.SimpleApplicationEventMulticaster.doInvokeListener(SimpleApplicationEventMulticaster.java:185)
	at org.springframework.context.event.SimpleApplicationEventMulticaster.invokeListener(SimpleApplicationEventMulticaster.java:178)
	at org.springframework.context.event.SimpleApplicationEventMulticaster.multicastEvent(SimpleApplicationEventMulticaster.java:156)
	at org.springframework.context.support.AbstractApplicationContext.publishEvent(AbstractApplicationContext.java:452)
	at org.springframework.context.support.AbstractApplicationContext.publishEvent(AbstractApplicationContext.java:385)
	at org.springframework.boot.context.event.EventPublishingRunListener.ready(EventPublishingRunListener.java:109)
	at org.springframework.boot.SpringApplicationRunListeners.lambda$ready$6(SpringApplicationRunListeners.java:80)
	at java.base/java.lang.Iterable.forEach(Iterable.java:75)
	at org.springframework.boot.SpringApplicationRunListeners.doWithListeners(SpringApplicationRunListeners.java:118)
	at org.springframework.boot.SpringApplicationRunListeners.doWithListeners(SpringApplicationRunListeners.java:112)
	at org.springframework.boot.SpringApplicationRunListeners.ready(SpringApplicationRunListeners.java:80)
	at org.springframework.boot.SpringApplication.run(SpringApplication.java:349)
	at org.springframework.boot.SpringApplication.run(SpringApplication.java:1363)
	at org.springframework.boot.SpringApplication.run(SpringApplication.java:1352)
	at com.example.physiokalendar.PhysiokalendarApplication.main(PhysiokalendarApplication.java:12)
	at java.base/jdk.internal.reflect.NativeMethodAccessorImpl.invoke0(Native Method)
	at java.base/jdk.internal.reflect.NativeMethodAccessorImpl.invoke(NativeMethodAccessorImpl.java:77)
	at java.base/jdk.internal.reflect.DelegatingMethodAccessorImpl.invoke(DelegatingMethodAccessorImpl.java:43)
	at java.base/java.lang.reflect.Method.invoke(Method.java:568)
	at org.springframework.boot.devtools.restart.RestartLauncher.run(RestartLauncher.java:50)
2026-02-18 02:57:11.402 [restartedMain] ERROR c.e.p.s.AppointmentSeriesGeneratorJob - Error generating appointments for series 4483: failed to lazily initialize a collection of role: com.example.physiokalendar.entity.AppointmentSeries.cancellations: could not initialize proxy - no Session
org.hibernate.LazyInitializationException: failed to lazily initialize a collection of role: com.example.physiokalendar.entity.AppointmentSeries.cancellations: could not initialize proxy - no Session
	at org.hibernate.collection.spi.AbstractPersistentCollection.throwLazyInitializationException(AbstractPersistentCollection.java:636)
	at org.hibernate.collection.spi.AbstractPersistentCollection.withTemporarySessionIfNeeded(AbstractPersistentCollection.java:219)
	at org.hibernate.collection.spi.AbstractPersistentCollection.initialize(AbstractPersistentCollection.java:615)
	at org.hibernate.collection.spi.AbstractPersistentCollection.read(AbstractPersistentCollection.java:138)
	at org.hibernate.collection.spi.PersistentBag.iterator(PersistentBag.java:369)
	at java.base/java.util.Spliterators$IteratorSpliterator.estimateSize(Spliterators.java:1865)
	at java.base/java.util.Spliterator.getExactSizeIfKnown(Spliterator.java:414)
	at java.base/java.util.stream.AbstractPipeline.copyInto(AbstractPipeline.java:508)
	at java.base/java.util.stream.AbstractPipeline.wrapAndCopyInto(AbstractPipeline.java:499)
	at java.base/java.util.stream.ReduceOps$ReduceOp.evaluateSequential(ReduceOps.java:921)
	at java.base/java.util.stream.AbstractPipeline.evaluate(AbstractPipeline.java:234)
	at java.base/java.util.stream.ReferencePipeline.collect(ReferencePipeline.java:682)
	at com.example.physiokalendar.service.AppointmentSeriesGeneratorJob.generateAppointmentsForSeries(AppointmentSeriesGeneratorJob.java:151)
	at com.example.physiokalendar.service.AppointmentSeriesGeneratorJob.generateMissingAppointments(AppointmentSeriesGeneratorJob.java:107)
	at com.example.physiokalendar.service.AppointmentSeriesGeneratorJob.onApplicationReady(AppointmentSeriesGeneratorJob.java:57)
	at java.base/jdk.internal.reflect.NativeMethodAccessorImpl.invoke0(Native Method)
	at java.base/jdk.internal.reflect.NativeMethodAccessorImpl.invoke(NativeMethodAccessorImpl.java:77)
	at java.base/jdk.internal.reflect.DelegatingMethodAccessorImpl.invoke(DelegatingMethodAccessorImpl.java:43)
	at java.base/java.lang.reflect.Method.invoke(Method.java:568)
	at org.springframework.context.event.ApplicationListenerMethodAdapter.doInvoke(ApplicationListenerMethodAdapter.java:365)
	at org.springframework.context.event.ApplicationListenerMethodAdapter.processEvent(ApplicationListenerMethodAdapter.java:237)
	at org.springframework.context.event.ApplicationListenerMethodAdapter.onApplicationEvent(ApplicationListenerMethodAdapter.java:168)
	at org.springframework.context.event.SimpleApplicationEventMulticaster.doInvokeListener(SimpleApplicationEventMulticaster.java:185)
	at org.springframework.context.event.SimpleApplicationEventMulticaster.invokeListener(SimpleApplicationEventMulticaster.java:178)
	at org.springframework.context.event.SimpleApplicationEventMulticaster.multicastEvent(SimpleApplicationEventMulticaster.java:156)
	at org.springframework.context.support.AbstractApplicationContext.publishEvent(AbstractApplicationContext.java:452)
	at org.springframework.context.support.AbstractApplicationContext.publishEvent(AbstractApplicationContext.java:385)
	at org.springframework.boot.context.event.EventPublishingRunListener.ready(EventPublishingRunListener.java:109)
	at org.springframework.boot.SpringApplicationRunListeners.lambda$ready$6(SpringApplicationRunListeners.java:80)
	at java.base/java.lang.Iterable.forEach(Iterable.java:75)
	at org.springframework.boot.SpringApplicationRunListeners.doWithListeners(SpringApplicationRunListeners.java:118)
	at org.springframework.boot.SpringApplicationRunListeners.doWithListeners(SpringApplicationRunListeners.java:112)
	at org.springframework.boot.SpringApplicationRunListeners.ready(SpringApplicationRunListeners.java:80)
	at org.springframework.boot.SpringApplication.run(SpringApplication.java:349)
	at org.springframework.boot.SpringApplication.run(SpringApplication.java:1363)
	at org.springframework.boot.SpringApplication.run(SpringApplication.java:1352)
	at com.example.physiokalendar.PhysiokalendarApplication.main(PhysiokalendarApplication.java:12)
	at java.base/jdk.internal.reflect.NativeMethodAccessorImpl.invoke0(Native Method)
	at java.base/jdk.internal.reflect.NativeMethodAccessorImpl.invoke(NativeMethodAccessorImpl.java:77)
	at java.base/jdk.internal.reflect.DelegatingMethodAccessorImpl.invoke(DelegatingMethodAccessorImpl.java:43)
	at java.base/java.lang.reflect.Method.invoke(Method.java:568)
	at org.springframework.boot.devtools.restart.RestartLauncher.run(RestartLauncher.java:50)
2026-02-18 02:57:11.407 [restartedMain] ERROR c.e.p.s.AppointmentSeriesGeneratorJob - Error generating appointments for series 4484: failed to lazily initialize a collection of role: com.example.physiokalendar.entity.AppointmentSeries.cancellations: could not initialize proxy - no Session
org.hibernate.LazyInitializationException: failed to lazily initialize a collection of role: com.example.physiokalendar.entity.AppointmentSeries.cancellations: could not initialize proxy - no Session
	at org.hibernate.collection.spi.AbstractPersistentCollection.throwLazyInitializationException(AbstractPersistentCollection.java:636)
	at org.hibernate.collection.spi.AbstractPersistentCollection.withTemporarySessionIfNeeded(AbstractPersistentCollection.java:219)
	at org.hibernate.collection.spi.AbstractPersistentCollection.initialize(AbstractPersistentCollection.java:615)
	at org.hibernate.collection.spi.AbstractPersistentCollection.read(AbstractPersistentCollection.java:138)
	at org.hibernate.collection.spi.PersistentBag.iterator(PersistentBag.java:369)
	at java.base/java.util.Spliterators$IteratorSpliterator.estimateSize(Spliterators.java:1865)
	at java.base/java.util.Spliterator.getExactSizeIfKnown(Spliterator.java:414)
	at java.base/java.util.stream.AbstractPipeline.copyInto(AbstractPipeline.java:508)
	at java.base/java.util.stream.AbstractPipeline.wrapAndCopyInto(AbstractPipeline.java:499)
	at java.base/java.util.stream.ReduceOps$ReduceOp.evaluateSequential(ReduceOps.java:921)
	at java.base/java.util.stream.AbstractPipeline.evaluate(AbstractPipeline.java:234)
	at java.base/java.util.stream.ReferencePipeline.collect(ReferencePipeline.java:682)
	at com.example.physiokalendar.service.AppointmentSeriesGeneratorJob.generateAppointmentsForSeries(AppointmentSeriesGeneratorJob.java:151)
	at com.example.physiokalendar.service.AppointmentSeriesGeneratorJob.generateMissingAppointments(AppointmentSeriesGeneratorJob.java:107)
	at com.example.physiokalendar.service.AppointmentSeriesGeneratorJob.onApplicationReady(AppointmentSeriesGeneratorJob.java:57)
	at java.base/jdk.internal.reflect.NativeMethodAccessorImpl.invoke0(Native Method)
	at java.base/jdk.internal.reflect.NativeMethodAccessorImpl.invoke(NativeMethodAccessorImpl.java:77)
	at java.base/jdk.internal.reflect.DelegatingMethodAccessorImpl.invoke(DelegatingMethodAccessorImpl.java:43)
	at java.base/java.lang.reflect.Method.invoke(Method.java:568)
	at org.springframework.context.event.ApplicationListenerMethodAdapter.doInvoke(ApplicationListenerMethodAdapter.java:365)
	at org.springframework.context.event.ApplicationListenerMethodAdapter.processEvent(ApplicationListenerMethodAdapter.java:237)
	at org.springframework.context.event.ApplicationListenerMethodAdapter.onApplicationEvent(ApplicationListenerMethodAdapter.java:168)
	at org.springframework.context.event.SimpleApplicationEventMulticaster.doInvokeListener(SimpleApplicationEventMulticaster.java:185)
	at org.springframework.context.event.SimpleApplicationEventMulticaster.invokeListener(SimpleApplicationEventMulticaster.java:178)
	at org.springframework.context.event.SimpleApplicationEventMulticaster.multicastEvent(SimpleApplicationEventMulticaster.java:156)
	at org.springframework.context.support.AbstractApplicationContext.publishEvent(AbstractApplicationContext.java:452)
	at org.springframework.context.support.AbstractApplicationContext.publishEvent(AbstractApplicationContext.java:385)
	at org.springframework.boot.context.event.EventPublishingRunListener.ready(EventPublishingRunListener.java:109)
	at org.springframework.boot.SpringApplicationRunListeners.lambda$ready$6(SpringApplicationRunListeners.java:80)
	at java.base/java.lang.Iterable.forEach(Iterable.java:75)
	at org.springframework.boot.SpringApplicationRunListeners.doWithListeners(SpringApplicationRunListeners.java:118)
	at org.springframework.boot.SpringApplicationRunListeners.doWithListeners(SpringApplicationRunListeners.java:112)
	at org.springframework.boot.SpringApplicationRunListeners.ready(SpringApplicationRunListeners.java:80)
	at org.springframework.boot.SpringApplication.run(SpringApplication.java:349)
	at org.springframework.boot.SpringApplication.run(SpringApplication.java:1363)
	at org.springframework.boot.SpringApplication.run(SpringApplication.java:1352)
	at com.example.physiokalendar.PhysiokalendarApplication.main(PhysiokalendarApplication.java:12)
	at java.base/jdk.internal.reflect.NativeMethodAccessorImpl.invoke0(Native Method)
	at java.base/jdk.internal.reflect.NativeMethodAccessorImpl.invoke(NativeMethodAccessorImpl.java:77)
	at java.base/jdk.internal.reflect.DelegatingMethodAccessorImpl.invoke(DelegatingMethodAccessorImpl.java:43)
	at java.base/java.lang.reflect.Method.invoke(Method.java:568)
	at org.springframework.boot.devtools.restart.RestartLauncher.run(RestartLauncher.java:50)
2026-02-18 02:57:11.412 [restartedMain] ERROR c.e.p.s.AppointmentSeriesGeneratorJob - Error generating appointments for series 4485: failed to lazily initialize a collection of role: com.example.physiokalendar.entity.AppointmentSeries.cancellations: could not initialize proxy - no Session
org.hibernate.LazyInitializationException: failed to lazily initialize a collection of role: com.example.physiokalendar.entity.AppointmentSeries.cancellations: could not initialize proxy - no Session
	at org.hibernate.collection.spi.AbstractPersistentCollection.throwLazyInitializationException(AbstractPersistentCollection.java:636)
	at org.hibernate.collection.spi.AbstractPersistentCollection.withTemporarySessionIfNeeded(AbstractPersistentCollection.java:219)
	at org.hibernate.collection.spi.AbstractPersistentCollection.initialize(AbstractPersistentCollection.java:615)
	at org.hibernate.collection.spi.AbstractPersistentCollection.read(AbstractPersistentCollection.java:138)
	at org.hibernate.collection.spi.PersistentBag.iterator(PersistentBag.java:369)
	at java.base/java.util.Spliterators$IteratorSpliterator.estimateSize(Spliterators.java:1865)
	at java.base/java.util.Spliterator.getExactSizeIfKnown(Spliterator.java:414)
	at java.base/java.util.stream.AbstractPipeline.copyInto(AbstractPipeline.java:508)
	at java.base/java.util.stream.AbstractPipeline.wrapAndCopyInto(AbstractPipeline.java:499)
	at java.base/java.util.stream.ReduceOps$ReduceOp.evaluateSequential(ReduceOps.java:921)
	at java.base/java.util.stream.AbstractPipeline.evaluate(AbstractPipeline.java:234)
	at java.base/java.util.stream.ReferencePipeline.collect(ReferencePipeline.java:682)
	at com.example.physiokalendar.service.AppointmentSeriesGeneratorJob.generateAppointmentsForSeries(AppointmentSeriesGeneratorJob.java:151)
	at com.example.physiokalendar.service.AppointmentSeriesGeneratorJob.generateMissingAppointments(AppointmentSeriesGeneratorJob.java:107)
	at com.example.physiokalendar.service.AppointmentSeriesGeneratorJob.onApplicationReady(AppointmentSeriesGeneratorJob.java:57)
	at java.base/jdk.internal.reflect.NativeMethodAccessorImpl.invoke0(Native Method)
	at java.base/jdk.internal.reflect.NativeMethodAccessorImpl.invoke(NativeMethodAccessorImpl.java:77)
	at java.base/jdk.internal.reflect.DelegatingMethodAccessorImpl.invoke(DelegatingMethodAccessorImpl.java:43)
	at java.base/java.lang.reflect.Method.invoke(Method.java:568)
	at org.springframework.context.event.ApplicationListenerMethodAdapter.doInvoke(ApplicationListenerMethodAdapter.java:365)
	at org.springframework.context.event.ApplicationListenerMethodAdapter.processEvent(ApplicationListenerMethodAdapter.java:237)
	at org.springframework.context.event.ApplicationListenerMethodAdapter.onApplicationEvent(ApplicationListenerMethodAdapter.java:168)
	at org.springframework.context.event.SimpleApplicationEventMulticaster.doInvokeListener(SimpleApplicationEventMulticaster.java:185)
	at org.springframework.context.event.SimpleApplicationEventMulticaster.invokeListener(SimpleApplicationEventMulticaster.java:178)
	at org.springframework.context.event.SimpleApplicationEventMulticaster.multicastEvent(SimpleApplicationEventMulticaster.java:156)
	at org.springframework.context.support.AbstractApplicationContext.publishEvent(AbstractApplicationContext.java:452)
	at org.springframework.context.support.AbstractApplicationContext.publishEvent(AbstractApplicationContext.java:385)
	at org.springframework.boot.context.event.EventPublishingRunListener.ready(EventPublishingRunListener.java:109)
	at org.springframework.boot.SpringApplicationRunListeners.lambda$ready$6(SpringApplicationRunListeners.java:80)
	at java.base/java.lang.Iterable.forEach(Iterable.java:75)
	at org.springframework.boot.SpringApplicationRunListeners.doWithListeners(SpringApplicationRunListeners.java:118)
	at org.springframework.boot.SpringApplicationRunListeners.doWithListeners(SpringApplicationRunListeners.java:112)
	at org.springframework.boot.SpringApplicationRunListeners.ready(SpringApplicationRunListeners.java:80)
	at org.springframework.boot.SpringApplication.run(SpringApplication.java:349)
	at org.springframework.boot.SpringApplication.run(SpringApplication.java:1363)
	at org.springframework.boot.SpringApplication.run(SpringApplication.java:1352)
	at com.example.physiokalendar.PhysiokalendarApplication.main(PhysiokalendarApplication.java:12)
	at java.base/jdk.internal.reflect.NativeMethodAccessorImpl.invoke0(Native Method)
	at java.base/jdk.internal.reflect.NativeMethodAccessorImpl.invoke(NativeMethodAccessorImpl.java:77)
	at java.base/jdk.internal.reflect.DelegatingMethodAccessorImpl.invoke(DelegatingMethodAccessorImpl.java:43)
	at java.base/java.lang.reflect.Method.invoke(Method.java:568)
	at org.springframework.boot.devtools.restart.RestartLauncher.run(RestartLauncher.java:50)
2026-02-18 02:57:11.416 [restartedMain] ERROR c.e.p.s.AppointmentSeriesGeneratorJob - Error generating appointments for series 4486: failed to lazily initialize a collection of role: com.example.physiokalendar.entity.AppointmentSeries.cancellations: could not initialize proxy - no Session
org.hibernate.LazyInitializationException: failed to lazily initialize a collection of role: com.example.physiokalendar.entity.AppointmentSeries.cancellations: could not initialize proxy - no Session
	at org.hibernate.collection.spi.AbstractPersistentCollection.throwLazyInitializationException(AbstractPersistentCollection.java:636)
	at org.hibernate.collection.spi.AbstractPersistentCollection.withTemporarySessionIfNeeded(AbstractPersistentCollection.java:219)
	at org.hibernate.collection.spi.AbstractPersistentCollection.initialize(AbstractPersistentCollection.java:615)
	at org.hibernate.collection.spi.AbstractPersistentCollection.read(AbstractPersistentCollection.java:138)
	at org.hibernate.collection.spi.PersistentBag.iterator(PersistentBag.java:369)
	at java.base/java.util.Spliterators$IteratorSpliterator.estimateSize(Spliterators.java:1865)
	at java.base/java.util.Spliterator.getExactSizeIfKnown(Spliterator.java:414)
	at java.base/java.util.stream.AbstractPipeline.copyInto(AbstractPipeline.java:508)
	at java.base/java.util.stream.AbstractPipeline.wrapAndCopyInto(AbstractPipeline.java:499)
	at java.base/java.util.stream.ReduceOps$ReduceOp.evaluateSequential(ReduceOps.java:921)
	at java.base/java.util.stream.AbstractPipeline.evaluate(AbstractPipeline.java:234)
	at java.base/java.util.stream.ReferencePipeline.collect(ReferencePipeline.java:682)
	at com.example.physiokalendar.service.AppointmentSeriesGeneratorJob.generateAppointmentsForSeries(AppointmentSeriesGeneratorJob.java:151)
	at com.example.physiokalendar.service.AppointmentSeriesGeneratorJob.generateMissingAppointments(AppointmentSeriesGeneratorJob.java:107)
	at com.example.physiokalendar.service.AppointmentSeriesGeneratorJob.onApplicationReady(AppointmentSeriesGeneratorJob.java:57)
	at java.base/jdk.internal.reflect.NativeMethodAccessorImpl.invoke0(Native Method)
	at java.base/jdk.internal.reflect.NativeMethodAccessorImpl.invoke(NativeMethodAccessorImpl.java:77)
	at java.base/jdk.internal.reflect.DelegatingMethodAccessorImpl.invoke(DelegatingMethodAccessorImpl.java:43)
	at java.base/java.lang.reflect.Method.invoke(Method.java:568)
	at org.springframework.context.event.ApplicationListenerMethodAdapter.doInvoke(ApplicationListenerMethodAdapter.java:365)
	at org.springframework.context.event.ApplicationListenerMethodAdapter.processEvent(ApplicationListenerMethodAdapter.java:237)
	at org.springframework.context.event.ApplicationListenerMethodAdapter.onApplicationEvent(ApplicationListenerMethodAdapter.java:168)
	at org.springframework.context.event.SimpleApplicationEventMulticaster.doInvokeListener(SimpleApplicationEventMulticaster.java:185)
	at org.springframework.context.event.SimpleApplicationEventMulticaster.invokeListener(SimpleApplicationEventMulticaster.java:178)
	at org.springframework.context.event.SimpleApplicationEventMulticaster.multicastEvent(SimpleApplicationEventMulticaster.java:156)
	at org.springframework.context.support.AbstractApplicationContext.publishEvent(AbstractApplicationContext.java:452)
	at org.springframework.context.support.AbstractApplicationContext.publishEvent(AbstractApplicationContext.java:385)
	at org.springframework.boot.context.event.EventPublishingRunListener.ready(EventPublishingRunListener.java:109)
	at org.springframework.boot.SpringApplicationRunListeners.lambda$ready$6(SpringApplicationRunListeners.java:80)
	at java.base/java.lang.Iterable.forEach(Iterable.java:75)
	at org.springframework.boot.SpringApplicationRunListeners.doWithListeners(SpringApplicationRunListeners.java:118)
	at org.springframework.boot.SpringApplicationRunListeners.doWithListeners(SpringApplicationRunListeners.java:112)
	at org.springframework.boot.SpringApplicationRunListeners.ready(SpringApplicationRunListeners.java:80)
	at org.springframework.boot.SpringApplication.run(SpringApplication.java:349)
	at org.springframework.boot.SpringApplication.run(SpringApplication.java:1363)
	at org.springframework.boot.SpringApplication.run(SpringApplication.java:1352)
	at com.example.physiokalendar.PhysiokalendarApplication.main(PhysiokalendarApplication.java:12)
	at java.base/jdk.internal.reflect.NativeMethodAccessorImpl.invoke0(Native Method)
	at java.base/jdk.internal.reflect.NativeMethodAccessorImpl.invoke(NativeMethodAccessorImpl.java:77)
	at java.base/jdk.internal.reflect.DelegatingMethodAccessorImpl.invoke(DelegatingMethodAccessorImpl.java:43)
	at java.base/java.lang.reflect.Method.invoke(Method.java:568)
	at org.springframework.boot.devtools.restart.RestartLauncher.run(RestartLauncher.java:50)
2026-02-18 02:57:11.422 [restartedMain] ERROR c.e.p.s.AppointmentSeriesGeneratorJob - Error generating appointments for series 4487: failed to lazily initialize a collection of role: com.example.physiokalendar.entity.AppointmentSeries.cancellations: could not initialize proxy - no Session
org.hibernate.LazyInitializationException: failed to lazily initialize a collection of role: com.example.physiokalendar.entity.AppointmentSeries.cancellations: could not initialize proxy - no Session
	at org.hibernate.collection.spi.AbstractPersistentCollection.throwLazyInitializationException(AbstractPersistentCollection.java:636)
	at org.hibernate.collection.spi.AbstractPersistentCollection.withTemporarySessionIfNeeded(AbstractPersistentCollection.java:219)
	at org.hibernate.collection.spi.AbstractPersistentCollection.initialize(AbstractPersistentCollection.java:615)
	at org.hibernate.collection.spi.AbstractPersistentCollection.read(AbstractPersistentCollection.java:138)
	at org.hibernate.collection.spi.PersistentBag.iterator(PersistentBag.java:369)
	at java.base/java.util.Spliterators$IteratorSpliterator.estimateSize(Spliterators.java:1865)
	at java.base/java.util.Spliterator.getExactSizeIfKnown(Spliterator.java:414)
	at java.base/java.util.stream.AbstractPipeline.copyInto(AbstractPipeline.java:508)
	at java.base/java.util.stream.AbstractPipeline.wrapAndCopyInto(AbstractPipeline.java:499)
	at java.base/java.util.stream.ReduceOps$ReduceOp.evaluateSequential(ReduceOps.java:921)
	at java.base/java.util.stream.AbstractPipeline.evaluate(AbstractPipeline.java:234)
	at java.base/java.util.stream.ReferencePipeline.collect(ReferencePipeline.java:682)
	at com.example.physiokalendar.service.AppointmentSeriesGeneratorJob.generateAppointmentsForSeries(AppointmentSeriesGeneratorJob.java:151)
	at com.example.physiokalendar.service.AppointmentSeriesGeneratorJob.generateMissingAppointments(AppointmentSeriesGeneratorJob.java:107)
	at com.example.physiokalendar.service.AppointmentSeriesGeneratorJob.onApplicationReady(AppointmentSeriesGeneratorJob.java:57)
	at java.base/jdk.internal.reflect.NativeMethodAccessorImpl.invoke0(Native Method)
	at java.base/jdk.internal.reflect.NativeMethodAccessorImpl.invoke(NativeMethodAccessorImpl.java:77)
	at java.base/jdk.internal.reflect.DelegatingMethodAccessorImpl.invoke(DelegatingMethodAccessorImpl.java:43)
	at java.base/java.lang.reflect.Method.invoke(Method.java:568)
	at org.springframework.context.event.ApplicationListenerMethodAdapter.doInvoke(ApplicationListenerMethodAdapter.java:365)
	at org.springframework.context.event.ApplicationListenerMethodAdapter.processEvent(ApplicationListenerMethodAdapter.java:237)
	at org.springframework.context.event.ApplicationListenerMethodAdapter.onApplicationEvent(ApplicationListenerMethodAdapter.java:168)
	at org.springframework.context.event.SimpleApplicationEventMulticaster.doInvokeListener(SimpleApplicationEventMulticaster.java:185)
	at org.springframework.context.event.SimpleApplicationEventMulticaster.invokeListener(SimpleApplicationEventMulticaster.java:178)
	at org.springframework.context.event.SimpleApplicationEventMulticaster.multicastEvent(SimpleApplicationEventMulticaster.java:156)
	at org.springframework.context.support.AbstractApplicationContext.publishEvent(AbstractApplicationContext.java:452)
	at org.springframework.context.support.AbstractApplicationContext.publishEvent(AbstractApplicationContext.java:385)
	at org.springframework.boot.context.event.EventPublishingRunListener.ready(EventPublishingRunListener.java:109)
	at org.springframework.boot.SpringApplicationRunListeners.lambda$ready$6(SpringApplicationRunListeners.java:80)
	at java.base/java.lang.Iterable.forEach(Iterable.java:75)
	at org.springframework.boot.SpringApplicationRunListeners.doWithListeners(SpringApplicationRunListeners.java:118)
	at org.springframework.boot.SpringApplicationRunListeners.doWithListeners(SpringApplicationRunListeners.java:112)
	at org.springframework.boot.SpringApplicationRunListeners.ready(SpringApplicationRunListeners.java:80)
	at org.springframework.boot.SpringApplication.run(SpringApplication.java:349)
	at org.springframework.boot.SpringApplication.run(SpringApplication.java:1363)
	at org.springframework.boot.SpringApplication.run(SpringApplication.java:1352)
	at com.example.physiokalendar.PhysiokalendarApplication.main(PhysiokalendarApplication.java:12)
	at java.base/jdk.internal.reflect.NativeMethodAccessorImpl.invoke0(Native Method)
	at java.base/jdk.internal.reflect.NativeMethodAccessorImpl.invoke(NativeMethodAccessorImpl.java:77)
	at java.base/jdk.internal.reflect.DelegatingMethodAccessorImpl.invoke(DelegatingMethodAccessorImpl.java:43)
	at java.base/java.lang.reflect.Method.invoke(Method.java:568)
	at org.springframework.boot.devtools.restart.RestartLauncher.run(RestartLauncher.java:50)
2026-02-18 02:57:11.426 [restartedMain] ERROR c.e.p.s.AppointmentSeriesGeneratorJob - Error generating appointments for series 4488: failed to lazily initialize a collection of role: com.example.physiokalendar.entity.AppointmentSeries.cancellations: could not initialize proxy - no Session
org.hibernate.LazyInitializationException: failed to lazily initialize a collection of role: com.example.physiokalendar.entity.AppointmentSeries.cancellations: could not initialize proxy - no Session
	at org.hibernate.collection.spi.AbstractPersistentCollection.throwLazyInitializationException(AbstractPersistentCollection.java:636)
	at org.hibernate.collection.spi.AbstractPersistentCollection.withTemporarySessionIfNeeded(AbstractPersistentCollection.java:219)
	at org.hibernate.collection.spi.AbstractPersistentCollection.initialize(AbstractPersistentCollection.java:615)
	at org.hibernate.collection.spi.AbstractPersistentCollection.read(AbstractPersistentCollection.java:138)
	at org.hibernate.collection.spi.PersistentBag.iterator(PersistentBag.java:369)
	at java.base/java.util.Spliterators$IteratorSpliterator.estimateSize(Spliterators.java:1865)
	at java.base/java.util.Spliterator.getExactSizeIfKnown(Spliterator.java:414)
	at java.base/java.util.stream.AbstractPipeline.copyInto(AbstractPipeline.java:508)
	at java.base/java.util.stream.AbstractPipeline.wrapAndCopyInto(AbstractPipeline.java:499)
	at java.base/java.util.stream.ReduceOps$ReduceOp.evaluateSequential(ReduceOps.java:921)
	at java.base/java.util.stream.AbstractPipeline.evaluate(AbstractPipeline.java:234)
	at java.base/java.util.stream.ReferencePipeline.collect(ReferencePipeline.java:682)
	at com.example.physiokalendar.service.AppointmentSeriesGeneratorJob.generateAppointmentsForSeries(AppointmentSeriesGeneratorJob.java:151)
	at com.example.physiokalendar.service.AppointmentSeriesGeneratorJob.generateMissingAppointments(AppointmentSeriesGeneratorJob.java:107)
	at com.example.physiokalendar.service.AppointmentSeriesGeneratorJob.onApplicationReady(AppointmentSeriesGeneratorJob.java:57)
	at java.base/jdk.internal.reflect.NativeMethodAccessorImpl.invoke0(Native Method)
	at java.base/jdk.internal.reflect.NativeMethodAccessorImpl.invoke(NativeMethodAccessorImpl.java:77)
	at java.base/jdk.internal.reflect.DelegatingMethodAccessorImpl.invoke(DelegatingMethodAccessorImpl.java:43)
	at java.base/java.lang.reflect.Method.invoke(Method.java:568)
	at org.springframework.context.event.ApplicationListenerMethodAdapter.doInvoke(ApplicationListenerMethodAdapter.java:365)
	at org.springframework.context.event.ApplicationListenerMethodAdapter.processEvent(ApplicationListenerMethodAdapter.java:237)
	at org.springframework.context.event.ApplicationListenerMethodAdapter.onApplicationEvent(ApplicationListenerMethodAdapter.java:168)
	at org.springframework.context.event.SimpleApplicationEventMulticaster.doInvokeListener(SimpleApplicationEventMulticaster.java:185)
	at org.springframework.context.event.SimpleApplicationEventMulticaster.invokeListener(SimpleApplicationEventMulticaster.java:178)
	at org.springframework.context.event.SimpleApplicationEventMulticaster.multicastEvent(SimpleApplicationEventMulticaster.java:156)
	at org.springframework.context.support.AbstractApplicationContext.publishEvent(AbstractApplicationContext.java:452)
	at org.springframework.context.support.AbstractApplicationContext.publishEvent(AbstractApplicationContext.java:385)
	at org.springframework.boot.context.event.EventPublishingRunListener.ready(EventPublishingRunListener.java:109)
	at org.springframework.boot.SpringApplicationRunListeners.lambda$ready$6(SpringApplicationRunListeners.java:80)
	at java.base/java.lang.Iterable.forEach(Iterable.java:75)
	at org.springframework.boot.SpringApplicationRunListeners.doWithListeners(SpringApplicationRunListeners.java:118)
	at org.springframework.boot.SpringApplicationRunListeners.doWithListeners(SpringApplicationRunListeners.java:112)
	at org.springframework.boot.SpringApplicationRunListeners.ready(SpringApplicationRunListeners.java:80)
	at org.springframework.boot.SpringApplication.run(SpringApplication.java:349)
	at org.springframework.boot.SpringApplication.run(SpringApplication.java:1363)
	at org.springframework.boot.SpringApplication.run(SpringApplication.java:1352)
	at com.example.physiokalendar.PhysiokalendarApplication.main(PhysiokalendarApplication.java:12)
	at java.base/jdk.internal.reflect.NativeMethodAccessorImpl.invoke0(Native Method)
	at java.base/jdk.internal.reflect.NativeMethodAccessorImpl.invoke(NativeMethodAccessorImpl.java:77)
	at java.base/jdk.internal.reflect.DelegatingMethodAccessorImpl.invoke(DelegatingMethodAccessorImpl.java:43)
	at java.base/java.lang.reflect.Method.invoke(Method.java:568)
	at org.springframework.boot.devtools.restart.RestartLauncher.run(RestartLauncher.java:50)
2026-02-18 02:57:11.430 [restartedMain] ERROR c.e.p.s.AppointmentSeriesGeneratorJob - Error generating appointments for series 4489: failed to lazily initialize a collection of role: com.example.physiokalendar.entity.AppointmentSeries.cancellations: could not initialize proxy - no Session
org.hibernate.LazyInitializationException: failed to lazily initialize a collection of role: com.example.physiokalendar.entity.AppointmentSeries.cancellations: could not initialize proxy - no Session
	at org.hibernate.collection.spi.AbstractPersistentCollection.throwLazyInitializationException(AbstractPersistentCollection.java:636)
	at org.hibernate.collection.spi.AbstractPersistentCollection.withTemporarySessionIfNeeded(AbstractPersistentCollection.java:219)
	at org.hibernate.collection.spi.AbstractPersistentCollection.initialize(AbstractPersistentCollection.java:615)
	at org.hibernate.collection.spi.AbstractPersistentCollection.read(AbstractPersistentCollection.java:138)
	at org.hibernate.collection.spi.PersistentBag.iterator(PersistentBag.java:369)
	at java.base/java.util.Spliterators$IteratorSpliterator.estimateSize(Spliterators.java:1865)
	at java.base/java.util.Spliterator.getExactSizeIfKnown(Spliterator.java:414)
	at java.base/java.util.stream.AbstractPipeline.copyInto(AbstractPipeline.java:508)
	at java.base/java.util.stream.AbstractPipeline.wrapAndCopyInto(AbstractPipeline.java:499)
	at java.base/java.util.stream.ReduceOps$ReduceOp.evaluateSequential(ReduceOps.java:921)
	at java.base/java.util.stream.AbstractPipeline.evaluate(AbstractPipeline.java:234)
	at java.base/java.util.stream.ReferencePipeline.collect(ReferencePipeline.java:682)
	at com.example.physiokalendar.service.AppointmentSeriesGeneratorJob.generateAppointmentsForSeries(AppointmentSeriesGeneratorJob.java:151)
	at com.example.physiokalendar.service.AppointmentSeriesGeneratorJob.generateMissingAppointments(AppointmentSeriesGeneratorJob.java:107)
	at com.example.physiokalendar.service.AppointmentSeriesGeneratorJob.onApplicationReady(AppointmentSeriesGeneratorJob.java:57)
	at java.base/jdk.internal.reflect.NativeMethodAccessorImpl.invoke0(Native Method)
	at java.base/jdk.internal.reflect.NativeMethodAccessorImpl.invoke(NativeMethodAccessorImpl.java:77)
	at java.base/jdk.internal.reflect.DelegatingMethodAccessorImpl.invoke(DelegatingMethodAccessorImpl.java:43)
	at java.base/java.lang.reflect.Method.invoke(Method.java:568)
	at org.springframework.context.event.ApplicationListenerMethodAdapter.doInvoke(ApplicationListenerMethodAdapter.java:365)
	at org.springframework.context.event.ApplicationListenerMethodAdapter.processEvent(ApplicationListenerMethodAdapter.java:237)
	at org.springframework.context.event.ApplicationListenerMethodAdapter.onApplicationEvent(ApplicationListenerMethodAdapter.java:168)
	at org.springframework.context.event.SimpleApplicationEventMulticaster.doInvokeListener(SimpleApplicationEventMulticaster.java:185)
	at org.springframework.context.event.SimpleApplicationEventMulticaster.invokeListener(SimpleApplicationEventMulticaster.java:178)
	at org.springframework.context.event.SimpleApplicationEventMulticaster.multicastEvent(SimpleApplicationEventMulticaster.java:156)
	at org.springframework.context.support.AbstractApplicationContext.publishEvent(AbstractApplicationContext.java:452)
	at org.springframework.context.support.AbstractApplicationContext.publishEvent(AbstractApplicationContext.java:385)
	at org.springframework.boot.context.event.EventPublishingRunListener.ready(EventPublishingRunListener.java:109)
	at org.springframework.boot.SpringApplicationRunListeners.lambda$ready$6(SpringApplicationRunListeners.java:80)
	at java.base/java.lang.Iterable.forEach(Iterable.java:75)
	at org.springframework.boot.SpringApplicationRunListeners.doWithListeners(SpringApplicationRunListeners.java:118)
	at org.springframework.boot.SpringApplicationRunListeners.doWithListeners(SpringApplicationRunListeners.java:112)
	at org.springframework.boot.SpringApplicationRunListeners.ready(SpringApplicationRunListeners.java:80)
	at org.springframework.boot.SpringApplication.run(SpringApplication.java:349)
	at org.springframework.boot.SpringApplication.run(SpringApplication.java:1363)
	at org.springframework.boot.SpringApplication.run(SpringApplication.java:1352)
	at com.example.physiokalendar.PhysiokalendarApplication.main(PhysiokalendarApplication.java:12)
	at java.base/jdk.internal.reflect.NativeMethodAccessorImpl.invoke0(Native Method)
	at java.base/jdk.internal.reflect.NativeMethodAccessorImpl.invoke(NativeMethodAccessorImpl.java:77)
	at java.base/jdk.internal.reflect.DelegatingMethodAccessorImpl.invoke(DelegatingMethodAccessorImpl.java:43)
	at java.base/java.lang.reflect.Method.invoke(Method.java:568)
	at org.springframework.boot.devtools.restart.RestartLauncher.run(RestartLauncher.java:50)
2026-02-18 02:57:11.435 [restartedMain] ERROR c.e.p.s.AppointmentSeriesGeneratorJob - Error generating appointments for series 4490: failed to lazily initialize a collection of role: com.example.physiokalendar.entity.AppointmentSeries.cancellations: could not initialize proxy - no Session
org.hibernate.LazyInitializationException: failed to lazily initialize a collection of role: com.example.physiokalendar.entity.AppointmentSeries.cancellations: could not initialize proxy - no Session
	at org.hibernate.collection.spi.AbstractPersistentCollection.throwLazyInitializationException(AbstractPersistentCollection.java:636)
	at org.hibernate.collection.spi.AbstractPersistentCollection.withTemporarySessionIfNeeded(AbstractPersistentCollection.java:219)
	at org.hibernate.collection.spi.AbstractPersistentCollection.initialize(AbstractPersistentCollection.java:615)
	at org.hibernate.collection.spi.AbstractPersistentCollection.read(AbstractPersistentCollection.java:138)
	at org.hibernate.collection.spi.PersistentBag.iterator(PersistentBag.java:369)
	at java.base/java.util.Spliterators$IteratorSpliterator.estimateSize(Spliterators.java:1865)
	at java.base/java.util.Spliterator.getExactSizeIfKnown(Spliterator.java:414)
	at java.base/java.util.stream.AbstractPipeline.copyInto(AbstractPipeline.java:508)
	at java.base/java.util.stream.AbstractPipeline.wrapAndCopyInto(AbstractPipeline.java:499)
	at java.base/java.util.stream.ReduceOps$ReduceOp.evaluateSequential(ReduceOps.java:921)
	at java.base/java.util.stream.AbstractPipeline.evaluate(AbstractPipeline.java:234)
	at java.base/java.util.stream.ReferencePipeline.collect(ReferencePipeline.java:682)
	at com.example.physiokalendar.service.AppointmentSeriesGeneratorJob.generateAppointmentsForSeries(AppointmentSeriesGeneratorJob.java:151)
	at com.example.physiokalendar.service.AppointmentSeriesGeneratorJob.generateMissingAppointments(AppointmentSeriesGeneratorJob.java:107)
	at com.example.physiokalendar.service.AppointmentSeriesGeneratorJob.onApplicationReady(AppointmentSeriesGeneratorJob.java:57)
	at java.base/jdk.internal.reflect.NativeMethodAccessorImpl.invoke0(Native Method)
	at java.base/jdk.internal.reflect.NativeMethodAccessorImpl.invoke(NativeMethodAccessorImpl.java:77)
	at java.base/jdk.internal.reflect.DelegatingMethodAccessorImpl.invoke(DelegatingMethodAccessorImpl.java:43)
	at java.base/java.lang.reflect.Method.invoke(Method.java:568)
	at org.springframework.context.event.ApplicationListenerMethodAdapter.doInvoke(ApplicationListenerMethodAdapter.java:365)
	at org.springframework.context.event.ApplicationListenerMethodAdapter.processEvent(ApplicationListenerMethodAdapter.java:237)
	at org.springframework.context.event.ApplicationListenerMethodAdapter.onApplicationEvent(ApplicationListenerMethodAdapter.java:168)
	at org.springframework.context.event.SimpleApplicationEventMulticaster.doInvokeListener(SimpleApplicationEventMulticaster.java:185)
	at org.springframework.context.event.SimpleApplicationEventMulticaster.invokeListener(SimpleApplicationEventMulticaster.java:178)
	at org.springframework.context.event.SimpleApplicationEventMulticaster.multicastEvent(SimpleApplicationEventMulticaster.java:156)
	at org.springframework.context.support.AbstractApplicationContext.publishEvent(AbstractApplicationContext.java:452)
	at org.springframework.context.support.AbstractApplicationContext.publishEvent(AbstractApplicationContext.java:385)
	at org.springframework.boot.context.event.EventPublishingRunListener.ready(EventPublishingRunListener.java:109)
	at org.springframework.boot.SpringApplicationRunListeners.lambda$ready$6(SpringApplicationRunListeners.java:80)
	at java.base/java.lang.Iterable.forEach(Iterable.java:75)
	at org.springframework.boot.SpringApplicationRunListeners.doWithListeners(SpringApplicationRunListeners.java:118)
	at org.springframework.boot.SpringApplicationRunListeners.doWithListeners(SpringApplicationRunListeners.java:112)
	at org.springframework.boot.SpringApplicationRunListeners.ready(SpringApplicationRunListeners.java:80)
	at org.springframework.boot.SpringApplication.run(SpringApplication.java:349)
	at org.springframework.boot.SpringApplication.run(SpringApplication.java:1363)
	at org.springframework.boot.SpringApplication.run(SpringApplication.java:1352)
	at com.example.physiokalendar.PhysiokalendarApplication.main(PhysiokalendarApplication.java:12)
	at java.base/jdk.internal.reflect.NativeMethodAccessorImpl.invoke0(Native Method)
	at java.base/jdk.internal.reflect.NativeMethodAccessorImpl.invoke(NativeMethodAccessorImpl.java:77)
	at java.base/jdk.internal.reflect.DelegatingMethodAccessorImpl.invoke(DelegatingMethodAccessorImpl.java:43)
	at java.base/java.lang.reflect.Method.invoke(Method.java:568)
	at org.springframework.boot.devtools.restart.RestartLauncher.run(RestartLauncher.java:50)
2026-02-18 02:57:11.439 [restartedMain] ERROR c.e.p.s.AppointmentSeriesGeneratorJob - Error generating appointments for series 4491: failed to lazily initialize a collection of role: com.example.physiokalendar.entity.AppointmentSeries.cancellations: could not initialize proxy - no Session
org.hibernate.LazyInitializationException: failed to lazily initialize a collection of role: com.example.physiokalendar.entity.AppointmentSeries.cancellations: could not initialize proxy - no Session
	at org.hibernate.collection.spi.AbstractPersistentCollection.throwLazyInitializationException(AbstractPersistentCollection.java:636)
	at org.hibernate.collection.spi.AbstractPersistentCollection.withTemporarySessionIfNeeded(AbstractPersistentCollection.java:219)
	at org.hibernate.collection.spi.AbstractPersistentCollection.initialize(AbstractPersistentCollection.java:615)
	at org.hibernate.collection.spi.AbstractPersistentCollection.read(AbstractPersistentCollection.java:138)
	at org.hibernate.collection.spi.PersistentBag.iterator(PersistentBag.java:369)
	at java.base/java.util.Spliterators$IteratorSpliterator.estimateSize(Spliterators.java:1865)
	at java.base/java.util.Spliterator.getExactSizeIfKnown(Spliterator.java:414)
	at java.base/java.util.stream.AbstractPipeline.copyInto(AbstractPipeline.java:508)
	at java.base/java.util.stream.AbstractPipeline.wrapAndCopyInto(AbstractPipeline.java:499)
	at java.base/java.util.stream.ReduceOps$ReduceOp.evaluateSequential(ReduceOps.java:921)
	at java.base/java.util.stream.AbstractPipeline.evaluate(AbstractPipeline.java:234)
	at java.base/java.util.stream.ReferencePipeline.collect(ReferencePipeline.java:682)
	at com.example.physiokalendar.service.AppointmentSeriesGeneratorJob.generateAppointmentsForSeries(AppointmentSeriesGeneratorJob.java:151)
	at com.example.physiokalendar.service.AppointmentSeriesGeneratorJob.generateMissingAppointments(AppointmentSeriesGeneratorJob.java:107)
	at com.example.physiokalendar.service.AppointmentSeriesGeneratorJob.onApplicationReady(AppointmentSeriesGeneratorJob.java:57)
	at java.base/jdk.internal.reflect.NativeMethodAccessorImpl.invoke0(Native Method)
	at java.base/jdk.internal.reflect.NativeMethodAccessorImpl.invoke(NativeMethodAccessorImpl.java:77)
	at java.base/jdk.internal.reflect.DelegatingMethodAccessorImpl.invoke(DelegatingMethodAccessorImpl.java:43)
	at java.base/java.lang.reflect.Method.invoke(Method.java:568)
	at org.springframework.context.event.ApplicationListenerMethodAdapter.doInvoke(ApplicationListenerMethodAdapter.java:365)
	at org.springframework.context.event.ApplicationListenerMethodAdapter.processEvent(ApplicationListenerMethodAdapter.java:237)
	at org.springframework.context.event.ApplicationListenerMethodAdapter.onApplicationEvent(ApplicationListenerMethodAdapter.java:168)
	at org.springframework.context.event.SimpleApplicationEventMulticaster.doInvokeListener(SimpleApplicationEventMulticaster.java:185)
	at org.springframework.context.event.SimpleApplicationEventMulticaster.invokeListener(SimpleApplicationEventMulticaster.java:178)
	at org.springframework.context.event.SimpleApplicationEventMulticaster.multicastEvent(SimpleApplicationEventMulticaster.java:156)
	at org.springframework.context.support.AbstractApplicationContext.publishEvent(AbstractApplicationContext.java:452)
	at org.springframework.context.support.AbstractApplicationContext.publishEvent(AbstractApplicationContext.java:385)
	at org.springframework.boot.context.event.EventPublishingRunListener.ready(EventPublishingRunListener.java:109)
	at org.springframework.boot.SpringApplicationRunListeners.lambda$ready$6(SpringApplicationRunListeners.java:80)
	at java.base/java.lang.Iterable.forEach(Iterable.java:75)
	at org.springframework.boot.SpringApplicationRunListeners.doWithListeners(SpringApplicationRunListeners.java:118)
	at org.springframework.boot.SpringApplicationRunListeners.doWithListeners(SpringApplicationRunListeners.java:112)
	at org.springframework.boot.SpringApplicationRunListeners.ready(SpringApplicationRunListeners.java:80)
	at org.springframework.boot.SpringApplication.run(SpringApplication.java:349)
	at org.springframework.boot.SpringApplication.run(SpringApplication.java:1363)
	at org.springframework.boot.SpringApplication.run(SpringApplication.java:1352)
	at com.example.physiokalendar.PhysiokalendarApplication.main(PhysiokalendarApplication.java:12)
	at java.base/jdk.internal.reflect.NativeMethodAccessorImpl.invoke0(Native Method)
	at java.base/jdk.internal.reflect.NativeMethodAccessorImpl.invoke(NativeMethodAccessorImpl.java:77)
	at java.base/jdk.internal.reflect.DelegatingMethodAccessorImpl.invoke(DelegatingMethodAccessorImpl.java:43)
	at java.base/java.lang.reflect.Method.invoke(Method.java:568)
	at org.springframework.boot.devtools.restart.RestartLauncher.run(RestartLauncher.java:50)
2026-02-18 02:57:11.444 [restartedMain] ERROR c.e.p.s.AppointmentSeriesGeneratorJob - Error generating appointments for series 4492: failed to lazily initialize a collection of role: com.example.physiokalendar.entity.AppointmentSeries.cancellations: could not initialize proxy - no Session
org.hibernate.LazyInitializationException: failed to lazily initialize a collection of role: com.example.physiokalendar.entity.AppointmentSeries.cancellations: could not initialize proxy - no Session
	at org.hibernate.collection.spi.AbstractPersistentCollection.throwLazyInitializationException(AbstractPersistentCollection.java:636)
	at org.hibernate.collection.spi.AbstractPersistentCollection.withTemporarySessionIfNeeded(AbstractPersistentCollection.java:219)
	at org.hibernate.collection.spi.AbstractPersistentCollection.initialize(AbstractPersistentCollection.java:615)
	at org.hibernate.collection.spi.AbstractPersistentCollection.read(AbstractPersistentCollection.java:138)
	at org.hibernate.collection.spi.PersistentBag.iterator(PersistentBag.java:369)
	at java.base/java.util.Spliterators$IteratorSpliterator.estimateSize(Spliterators.java:1865)
	at java.base/java.util.Spliterator.getExactSizeIfKnown(Spliterator.java:414)
	at java.base/java.util.stream.AbstractPipeline.copyInto(AbstractPipeline.java:508)
	at java.base/java.util.stream.AbstractPipeline.wrapAndCopyInto(AbstractPipeline.java:499)
	at java.base/java.util.stream.ReduceOps$ReduceOp.evaluateSequential(ReduceOps.java:921)
	at java.base/java.util.stream.AbstractPipeline.evaluate(AbstractPipeline.java:234)
	at java.base/java.util.stream.ReferencePipeline.collect(ReferencePipeline.java:682)
	at com.example.physiokalendar.service.AppointmentSeriesGeneratorJob.generateAppointmentsForSeries(AppointmentSeriesGeneratorJob.java:151)
	at com.example.physiokalendar.service.AppointmentSeriesGeneratorJob.generateMissingAppointments(AppointmentSeriesGeneratorJob.java:107)
	at com.example.physiokalendar.service.AppointmentSeriesGeneratorJob.onApplicationReady(AppointmentSeriesGeneratorJob.java:57)
	at java.base/jdk.internal.reflect.NativeMethodAccessorImpl.invoke0(Native Method)
	at java.base/jdk.internal.reflect.NativeMethodAccessorImpl.invoke(NativeMethodAccessorImpl.java:77)
	at java.base/jdk.internal.reflect.DelegatingMethodAccessorImpl.invoke(DelegatingMethodAccessorImpl.java:43)
	at java.base/java.lang.reflect.Method.invoke(Method.java:568)
	at org.springframework.context.event.ApplicationListenerMethodAdapter.doInvoke(ApplicationListenerMethodAdapter.java:365)
	at org.springframework.context.event.ApplicationListenerMethodAdapter.processEvent(ApplicationListenerMethodAdapter.java:237)
	at org.springframework.context.event.ApplicationListenerMethodAdapter.onApplicationEvent(ApplicationListenerMethodAdapter.java:168)
	at org.springframework.context.event.SimpleApplicationEventMulticaster.doInvokeListener(SimpleApplicationEventMulticaster.java:185)
	at org.springframework.context.event.SimpleApplicationEventMulticaster.invokeListener(SimpleApplicationEventMulticaster.java:178)
	at org.springframework.context.event.SimpleApplicationEventMulticaster.multicastEvent(SimpleApplicationEventMulticaster.java:156)
	at org.springframework.context.support.AbstractApplicationContext.publishEvent(AbstractApplicationContext.java:452)
	at org.springframework.context.support.AbstractApplicationContext.publishEvent(AbstractApplicationContext.java:385)
	at org.springframework.boot.context.event.EventPublishingRunListener.ready(EventPublishingRunListener.java:109)
	at org.springframework.boot.SpringApplicationRunListeners.lambda$ready$6(SpringApplicationRunListeners.java:80)
	at java.base/java.lang.Iterable.forEach(Iterable.java:75)
	at org.springframework.boot.SpringApplicationRunListeners.doWithListeners(SpringApplicationRunListeners.java:118)
	at org.springframework.boot.SpringApplicationRunListeners.doWithListeners(SpringApplicationRunListeners.java:112)
	at org.springframework.boot.SpringApplicationRunListeners.ready(SpringApplicationRunListeners.java:80)
	at org.springframework.boot.SpringApplication.run(SpringApplication.java:349)
	at org.springframework.boot.SpringApplication.run(SpringApplication.java:1363)
	at org.springframework.boot.SpringApplication.run(SpringApplication.java:1352)
	at com.example.physiokalendar.PhysiokalendarApplication.main(PhysiokalendarApplication.java:12)
	at java.base/jdk.internal.reflect.NativeMethodAccessorImpl.invoke0(Native Method)
	at java.base/jdk.internal.reflect.NativeMethodAccessorImpl.invoke(NativeMethodAccessorImpl.java:77)
	at java.base/jdk.internal.reflect.DelegatingMethodAccessorImpl.invoke(DelegatingMethodAccessorImpl.java:43)
	at java.base/java.lang.reflect.Method.invoke(Method.java:568)
	at org.springframework.boot.devtools.restart.RestartLauncher.run(RestartLauncher.java:50)
2026-02-18 02:57:11.448 [restartedMain] ERROR c.e.p.s.AppointmentSeriesGeneratorJob - Error generating appointments for series 4493: failed to lazily initialize a collection of role: com.example.physiokalendar.entity.AppointmentSeries.cancellations: could not initialize proxy - no Session
org.hibernate.LazyInitializationException: failed to lazily initialize a collection of role: com.example.physiokalendar.entity.AppointmentSeries.cancellations: could not initialize proxy - no Session
	at org.hibernate.collection.spi.AbstractPersistentCollection.throwLazyInitializationException(AbstractPersistentCollection.java:636)
	at org.hibernate.collection.spi.AbstractPersistentCollection.withTemporarySessionIfNeeded(AbstractPersistentCollection.java:219)
	at org.hibernate.collection.spi.AbstractPersistentCollection.initialize(AbstractPersistentCollection.java:615)
	at org.hibernate.collection.spi.AbstractPersistentCollection.read(AbstractPersistentCollection.java:138)
	at org.hibernate.collection.spi.PersistentBag.iterator(PersistentBag.java:369)
	at java.base/java.util.Spliterators$IteratorSpliterator.estimateSize(Spliterators.java:1865)
	at java.base/java.util.Spliterator.getExactSizeIfKnown(Spliterator.java:414)
	at java.base/java.util.stream.AbstractPipeline.copyInto(AbstractPipeline.java:508)
	at java.base/java.util.stream.AbstractPipeline.wrapAndCopyInto(AbstractPipeline.java:499)
	at java.base/java.util.stream.ReduceOps$ReduceOp.evaluateSequential(ReduceOps.java:921)
	at java.base/java.util.stream.AbstractPipeline.evaluate(AbstractPipeline.java:234)
	at java.base/java.util.stream.ReferencePipeline.collect(ReferencePipeline.java:682)
	at com.example.physiokalendar.service.AppointmentSeriesGeneratorJob.generateAppointmentsForSeries(AppointmentSeriesGeneratorJob.java:151)
	at com.example.physiokalendar.service.AppointmentSeriesGeneratorJob.generateMissingAppointments(AppointmentSeriesGeneratorJob.java:107)
	at com.example.physiokalendar.service.AppointmentSeriesGeneratorJob.onApplicationReady(AppointmentSeriesGeneratorJob.java:57)
	at java.base/jdk.internal.reflect.NativeMethodAccessorImpl.invoke0(Native Method)
	at java.base/jdk.internal.reflect.NativeMethodAccessorImpl.invoke(NativeMethodAccessorImpl.java:77)
	at java.base/jdk.internal.reflect.DelegatingMethodAccessorImpl.invoke(DelegatingMethodAccessorImpl.java:43)
	at java.base/java.lang.reflect.Method.invoke(Method.java:568)
	at org.springframework.context.event.ApplicationListenerMethodAdapter.doInvoke(ApplicationListenerMethodAdapter.java:365)
	at org.springframework.context.event.ApplicationListenerMethodAdapter.processEvent(ApplicationListenerMethodAdapter.java:237)
	at org.springframework.context.event.ApplicationListenerMethodAdapter.onApplicationEvent(ApplicationListenerMethodAdapter.java:168)
	at org.springframework.context.event.SimpleApplicationEventMulticaster.doInvokeListener(SimpleApplicationEventMulticaster.java:185)
	at org.springframework.context.event.SimpleApplicationEventMulticaster.invokeListener(SimpleApplicationEventMulticaster.java:178)
	at org.springframework.context.event.SimpleApplicationEventMulticaster.multicastEvent(SimpleApplicationEventMulticaster.java:156)
	at org.springframework.context.support.AbstractApplicationContext.publishEvent(AbstractApplicationContext.java:452)
	at org.springframework.context.support.AbstractApplicationContext.publishEvent(AbstractApplicationContext.java:385)
	at org.springframework.boot.context.event.EventPublishingRunListener.ready(EventPublishingRunListener.java:109)
	at org.springframework.boot.SpringApplicationRunListeners.lambda$ready$6(SpringApplicationRunListeners.java:80)
	at java.base/java.lang.Iterable.forEach(Iterable.java:75)
	at org.springframework.boot.SpringApplicationRunListeners.doWithListeners(SpringApplicationRunListeners.java:118)
	at org.springframework.boot.SpringApplicationRunListeners.doWithListeners(SpringApplicationRunListeners.java:112)
	at org.springframework.boot.SpringApplicationRunListeners.ready(SpringApplicationRunListeners.java:80)
	at org.springframework.boot.SpringApplication.run(SpringApplication.java:349)
	at org.springframework.boot.SpringApplication.run(SpringApplication.java:1363)
	at org.springframework.boot.SpringApplication.run(SpringApplication.java:1352)
	at com.example.physiokalendar.PhysiokalendarApplication.main(PhysiokalendarApplication.java:12)
	at java.base/jdk.internal.reflect.NativeMethodAccessorImpl.invoke0(Native Method)
	at java.base/jdk.internal.reflect.NativeMethodAccessorImpl.invoke(NativeMethodAccessorImpl.java:77)
	at java.base/jdk.internal.reflect.DelegatingMethodAccessorImpl.invoke(DelegatingMethodAccessorImpl.java:43)
	at java.base/java.lang.reflect.Method.invoke(Method.java:568)
	at org.springframework.boot.devtools.restart.RestartLauncher.run(RestartLauncher.java:50)
2026-02-18 02:57:11.453 [restartedMain] ERROR c.e.p.s.AppointmentSeriesGeneratorJob - Error generating appointments for series 4494: failed to lazily initialize a collection of role: com.example.physiokalendar.entity.AppointmentSeries.cancellations: could not initialize proxy - no Session
org.hibernate.LazyInitializationException: failed to lazily initialize a collection of role: com.example.physiokalendar.entity.AppointmentSeries.cancellations: could not initialize proxy - no Session
	at org.hibernate.collection.spi.AbstractPersistentCollection.throwLazyInitializationException(AbstractPersistentCollection.java:636)
	at org.hibernate.collection.spi.AbstractPersistentCollection.withTemporarySessionIfNeeded(AbstractPersistentCollection.java:219)
	at org.hibernate.collection.spi.AbstractPersistentCollection.initialize(AbstractPersistentCollection.java:615)
	at org.hibernate.collection.spi.AbstractPersistentCollection.read(AbstractPersistentCollection.java:138)
	at org.hibernate.collection.spi.PersistentBag.iterator(PersistentBag.java:369)
	at java.base/java.util.Spliterators$IteratorSpliterator.estimateSize(Spliterators.java:1865)
	at java.base/java.util.Spliterator.getExactSizeIfKnown(Spliterator.java:414)
	at java.base/java.util.stream.AbstractPipeline.copyInto(AbstractPipeline.java:508)
	at java.base/java.util.stream.AbstractPipeline.wrapAndCopyInto(AbstractPipeline.java:499)
	at java.base/java.util.stream.ReduceOps$ReduceOp.evaluateSequential(ReduceOps.java:921)
	at java.base/java.util.stream.AbstractPipeline.evaluate(AbstractPipeline.java:234)
	at java.base/java.util.stream.ReferencePipeline.collect(ReferencePipeline.java:682)
	at com.example.physiokalendar.service.AppointmentSeriesGeneratorJob.generateAppointmentsForSeries(AppointmentSeriesGeneratorJob.java:151)
	at com.example.physiokalendar.service.AppointmentSeriesGeneratorJob.generateMissingAppointments(AppointmentSeriesGeneratorJob.java:107)
	at com.example.physiokalendar.service.AppointmentSeriesGeneratorJob.onApplicationReady(AppointmentSeriesGeneratorJob.java:57)
	at java.base/jdk.internal.reflect.NativeMethodAccessorImpl.invoke0(Native Method)
	at java.base/jdk.internal.reflect.NativeMethodAccessorImpl.invoke(NativeMethodAccessorImpl.java:77)
	at java.base/jdk.internal.reflect.DelegatingMethodAccessorImpl.invoke(DelegatingMethodAccessorImpl.java:43)
	at java.base/java.lang.reflect.Method.invoke(Method.java:568)
	at org.springframework.context.event.ApplicationListenerMethodAdapter.doInvoke(ApplicationListenerMethodAdapter.java:365)
	at org.springframework.context.event.ApplicationListenerMethodAdapter.processEvent(ApplicationListenerMethodAdapter.java:237)
	at org.springframework.context.event.ApplicationListenerMethodAdapter.onApplicationEvent(ApplicationListenerMethodAdapter.java:168)
	at org.springframework.context.event.SimpleApplicationEventMulticaster.doInvokeListener(SimpleApplicationEventMulticaster.java:185)
	at org.springframework.context.event.SimpleApplicationEventMulticaster.invokeListener(SimpleApplicationEventMulticaster.java:178)
	at org.springframework.context.event.SimpleApplicationEventMulticaster.multicastEvent(SimpleApplicationEventMulticaster.java:156)
	at org.springframework.context.support.AbstractApplicationContext.publishEvent(AbstractApplicationContext.java:452)
	at org.springframework.context.support.AbstractApplicationContext.publishEvent(AbstractApplicationContext.java:385)
	at org.springframework.boot.context.event.EventPublishingRunListener.ready(EventPublishingRunListener.java:109)
	at org.springframework.boot.SpringApplicationRunListeners.lambda$ready$6(SpringApplicationRunListeners.java:80)
	at java.base/java.lang.Iterable.forEach(Iterable.java:75)
	at org.springframework.boot.SpringApplicationRunListeners.doWithListeners(SpringApplicationRunListeners.java:118)
	at org.springframework.boot.SpringApplicationRunListeners.doWithListeners(SpringApplicationRunListeners.java:112)
	at org.springframework.boot.SpringApplicationRunListeners.ready(SpringApplicationRunListeners.java:80)
	at org.springframework.boot.SpringApplication.run(SpringApplication.java:349)
	at org.springframework.boot.SpringApplication.run(SpringApplication.java:1363)
	at org.springframework.boot.SpringApplication.run(SpringApplication.java:1352)
	at com.example.physiokalendar.PhysiokalendarApplication.main(PhysiokalendarApplication.java:12)
	at java.base/jdk.internal.reflect.NativeMethodAccessorImpl.invoke0(Native Method)
	at java.base/jdk.internal.reflect.NativeMethodAccessorImpl.invoke(NativeMethodAccessorImpl.java:77)
	at java.base/jdk.internal.reflect.DelegatingMethodAccessorImpl.invoke(DelegatingMethodAccessorImpl.java:43)
	at java.base/java.lang.reflect.Method.invoke(Method.java:568)
	at org.springframework.boot.devtools.restart.RestartLauncher.run(RestartLauncher.java:50)
2026-02-18 02:57:11.458 [restartedMain] ERROR c.e.p.s.AppointmentSeriesGeneratorJob - Error generating appointments for series 4495: failed to lazily initialize a collection of role: com.example.physiokalendar.entity.AppointmentSeries.cancellations: could not initialize proxy - no Session
org.hibernate.LazyInitializationException: failed to lazily initialize a collection of role: com.example.physiokalendar.entity.AppointmentSeries.cancellations: could not initialize proxy - no Session
	at org.hibernate.collection.spi.AbstractPersistentCollection.throwLazyInitializationException(AbstractPersistentCollection.java:636)
	at org.hibernate.collection.spi.AbstractPersistentCollection.withTemporarySessionIfNeeded(AbstractPersistentCollection.java:219)
	at org.hibernate.collection.spi.AbstractPersistentCollection.initialize(AbstractPersistentCollection.java:615)
	at org.hibernate.collection.spi.AbstractPersistentCollection.read(AbstractPersistentCollection.java:138)
	at org.hibernate.collection.spi.PersistentBag.iterator(PersistentBag.java:369)
	at java.base/java.util.Spliterators$IteratorSpliterator.estimateSize(Spliterators.java:1865)
	at java.base/java.util.Spliterator.getExactSizeIfKnown(Spliterator.java:414)
	at java.base/java.util.stream.AbstractPipeline.copyInto(AbstractPipeline.java:508)
	at java.base/java.util.stream.AbstractPipeline.wrapAndCopyInto(AbstractPipeline.java:499)
	at java.base/java.util.stream.ReduceOps$ReduceOp.evaluateSequential(ReduceOps.java:921)
	at java.base/java.util.stream.AbstractPipeline.evaluate(AbstractPipeline.java:234)
	at java.base/java.util.stream.ReferencePipeline.collect(ReferencePipeline.java:682)
	at com.example.physiokalendar.service.AppointmentSeriesGeneratorJob.generateAppointmentsForSeries(AppointmentSeriesGeneratorJob.java:151)
	at com.example.physiokalendar.service.AppointmentSeriesGeneratorJob.generateMissingAppointments(AppointmentSeriesGeneratorJob.java:107)
	at com.example.physiokalendar.service.AppointmentSeriesGeneratorJob.onApplicationReady(AppointmentSeriesGeneratorJob.java:57)
	at java.base/jdk.internal.reflect.NativeMethodAccessorImpl.invoke0(Native Method)
	at java.base/jdk.internal.reflect.NativeMethodAccessorImpl.invoke(NativeMethodAccessorImpl.java:77)
	at java.base/jdk.internal.reflect.DelegatingMethodAccessorImpl.invoke(DelegatingMethodAccessorImpl.java:43)
	at java.base/java.lang.reflect.Method.invoke(Method.java:568)
	at org.springframework.context.event.ApplicationListenerMethodAdapter.doInvoke(ApplicationListenerMethodAdapter.java:365)
	at org.springframework.context.event.ApplicationListenerMethodAdapter.processEvent(ApplicationListenerMethodAdapter.java:237)
	at org.springframework.context.event.ApplicationListenerMethodAdapter.onApplicationEvent(ApplicationListenerMethodAdapter.java:168)
	at org.springframework.context.event.SimpleApplicationEventMulticaster.doInvokeListener(SimpleApplicationEventMulticaster.java:185)
	at org.springframework.context.event.SimpleApplicationEventMulticaster.invokeListener(SimpleApplicationEventMulticaster.java:178)
	at org.springframework.context.event.SimpleApplicationEventMulticaster.multicastEvent(SimpleApplicationEventMulticaster.java:156)
	at org.springframework.context.support.AbstractApplicationContext.publishEvent(AbstractApplicationContext.java:452)
	at org.springframework.context.support.AbstractApplicationContext.publishEvent(AbstractApplicationContext.java:385)
	at org.springframework.boot.context.event.EventPublishingRunListener.ready(EventPublishingRunListener.java:109)
	at org.springframework.boot.SpringApplicationRunListeners.lambda$ready$6(SpringApplicationRunListeners.java:80)
	at java.base/java.lang.Iterable.forEach(Iterable.java:75)
	at org.springframework.boot.SpringApplicationRunListeners.doWithListeners(SpringApplicationRunListeners.java:118)
	at org.springframework.boot.SpringApplicationRunListeners.doWithListeners(SpringApplicationRunListeners.java:112)
	at org.springframework.boot.SpringApplicationRunListeners.ready(SpringApplicationRunListeners.java:80)
	at org.springframework.boot.SpringApplication.run(SpringApplication.java:349)
	at org.springframework.boot.SpringApplication.run(SpringApplication.java:1363)
	at org.springframework.boot.SpringApplication.run(SpringApplication.java:1352)
	at com.example.physiokalendar.PhysiokalendarApplication.main(PhysiokalendarApplication.java:12)
	at java.base/jdk.internal.reflect.NativeMethodAccessorImpl.invoke0(Native Method)
	at java.base/jdk.internal.reflect.NativeMethodAccessorImpl.invoke(NativeMethodAccessorImpl.java:77)
	at java.base/jdk.internal.reflect.DelegatingMethodAccessorImpl.invoke(DelegatingMethodAccessorImpl.java:43)
	at java.base/java.lang.reflect.Method.invoke(Method.java:568)
	at org.springframework.boot.devtools.restart.RestartLauncher.run(RestartLauncher.java:50)
2026-02-18 02:57:11.462 [restartedMain] ERROR c.e.p.s.AppointmentSeriesGeneratorJob - Error generating appointments for series 4496: failed to lazily initialize a collection of role: com.example.physiokalendar.entity.AppointmentSeries.cancellations: could not initialize proxy - no Session
org.hibernate.LazyInitializationException: failed to lazily initialize a collection of role: com.example.physiokalendar.entity.AppointmentSeries.cancellations: could not initialize proxy - no Session
	at org.hibernate.collection.spi.AbstractPersistentCollection.throwLazyInitializationException(AbstractPersistentCollection.java:636)
	at org.hibernate.collection.spi.AbstractPersistentCollection.withTemporarySessionIfNeeded(AbstractPersistentCollection.java:219)
	at org.hibernate.collection.spi.AbstractPersistentCollection.initialize(AbstractPersistentCollection.java:615)
	at org.hibernate.collection.spi.AbstractPersistentCollection.read(AbstractPersistentCollection.java:138)
	at org.hibernate.collection.spi.PersistentBag.iterator(PersistentBag.java:369)
	at java.base/java.util.Spliterators$IteratorSpliterator.estimateSize(Spliterators.java:1865)
	at java.base/java.util.Spliterator.getExactSizeIfKnown(Spliterator.java:414)
	at java.base/java.util.stream.AbstractPipeline.copyInto(AbstractPipeline.java:508)
	at java.base/java.util.stream.AbstractPipeline.wrapAndCopyInto(AbstractPipeline.java:499)
	at java.base/java.util.stream.ReduceOps$ReduceOp.evaluateSequential(ReduceOps.java:921)
	at java.base/java.util.stream.AbstractPipeline.evaluate(AbstractPipeline.java:234)
	at java.base/java.util.stream.ReferencePipeline.collect(ReferencePipeline.java:682)
	at com.example.physiokalendar.service.AppointmentSeriesGeneratorJob.generateAppointmentsForSeries(AppointmentSeriesGeneratorJob.java:151)
	at com.example.physiokalendar.service.AppointmentSeriesGeneratorJob.generateMissingAppointments(AppointmentSeriesGeneratorJob.java:107)
	at com.example.physiokalendar.service.AppointmentSeriesGeneratorJob.onApplicationReady(AppointmentSeriesGeneratorJob.java:57)
	at java.base/jdk.internal.reflect.NativeMethodAccessorImpl.invoke0(Native Method)
	at java.base/jdk.internal.reflect.NativeMethodAccessorImpl.invoke(NativeMethodAccessorImpl.java:77)
	at java.base/jdk.internal.reflect.DelegatingMethodAccessorImpl.invoke(DelegatingMethodAccessorImpl.java:43)
	at java.base/java.lang.reflect.Method.invoke(Method.java:568)
	at org.springframework.context.event.ApplicationListenerMethodAdapter.doInvoke(ApplicationListenerMethodAdapter.java:365)
	at org.springframework.context.event.ApplicationListenerMethodAdapter.processEvent(ApplicationListenerMethodAdapter.java:237)
	at org.springframework.context.event.ApplicationListenerMethodAdapter.onApplicationEvent(ApplicationListenerMethodAdapter.java:168)
	at org.springframework.context.event.SimpleApplicationEventMulticaster.doInvokeListener(SimpleApplicationEventMulticaster.java:185)
	at org.springframework.context.event.SimpleApplicationEventMulticaster.invokeListener(SimpleApplicationEventMulticaster.java:178)
	at org.springframework.context.event.SimpleApplicationEventMulticaster.multicastEvent(SimpleApplicationEventMulticaster.java:156)
	at org.springframework.context.support.AbstractApplicationContext.publishEvent(AbstractApplicationContext.java:452)
	at org.springframework.context.support.AbstractApplicationContext.publishEvent(AbstractApplicationContext.java:385)
	at org.springframework.boot.context.event.EventPublishingRunListener.ready(EventPublishingRunListener.java:109)
	at org.springframework.boot.SpringApplicationRunListeners.lambda$ready$6(SpringApplicationRunListeners.java:80)
	at java.base/java.lang.Iterable.forEach(Iterable.java:75)
	at org.springframework.boot.SpringApplicationRunListeners.doWithListeners(SpringApplicationRunListeners.java:118)
	at org.springframework.boot.SpringApplicationRunListeners.doWithListeners(SpringApplicationRunListeners.java:112)
	at org.springframework.boot.SpringApplicationRunListeners.ready(SpringApplicationRunListeners.java:80)
	at org.springframework.boot.SpringApplication.run(SpringApplication.java:349)
	at org.springframework.boot.SpringApplication.run(SpringApplication.java:1363)
	at org.springframework.boot.SpringApplication.run(SpringApplication.java:1352)
	at com.example.physiokalendar.PhysiokalendarApplication.main(PhysiokalendarApplication.java:12)
	at java.base/jdk.internal.reflect.NativeMethodAccessorImpl.invoke0(Native Method)
	at java.base/jdk.internal.reflect.NativeMethodAccessorImpl.invoke(NativeMethodAccessorImpl.java:77)
	at java.base/jdk.internal.reflect.DelegatingMethodAccessorImpl.invoke(DelegatingMethodAccessorImpl.java:43)
	at java.base/java.lang.reflect.Method.invoke(Method.java:568)
	at org.springframework.boot.devtools.restart.RestartLauncher.run(RestartLauncher.java:50)
2026-02-18 02:57:11.466 [restartedMain] ERROR c.e.p.s.AppointmentSeriesGeneratorJob - Error generating appointments for series 4497: failed to lazily initialize a collection of role: com.example.physiokalendar.entity.AppointmentSeries.cancellations: could not initialize proxy - no Session
org.hibernate.LazyInitializationException: failed to lazily initialize a collection of role: com.example.physiokalendar.entity.AppointmentSeries.cancellations: could not initialize proxy - no Session
	at org.hibernate.collection.spi.AbstractPersistentCollection.throwLazyInitializationException(AbstractPersistentCollection.java:636)
	at org.hibernate.collection.spi.AbstractPersistentCollection.withTemporarySessionIfNeeded(AbstractPersistentCollection.java:219)
	at org.hibernate.collection.spi.AbstractPersistentCollection.initialize(AbstractPersistentCollection.java:615)
	at org.hibernate.collection.spi.AbstractPersistentCollection.read(AbstractPersistentCollection.java:138)
	at org.hibernate.collection.spi.PersistentBag.iterator(PersistentBag.java:369)
	at java.base/java.util.Spliterators$IteratorSpliterator.estimateSize(Spliterators.java:1865)
	at java.base/java.util.Spliterator.getExactSizeIfKnown(Spliterator.java:414)
	at java.base/java.util.stream.AbstractPipeline.copyInto(AbstractPipeline.java:508)
	at java.base/java.util.stream.AbstractPipeline.wrapAndCopyInto(AbstractPipeline.java:499)
	at java.base/java.util.stream.ReduceOps$ReduceOp.evaluateSequential(ReduceOps.java:921)
	at java.base/java.util.stream.AbstractPipeline.evaluate(AbstractPipeline.java:234)
	at java.base/java.util.stream.ReferencePipeline.collect(ReferencePipeline.java:682)
	at com.example.physiokalendar.service.AppointmentSeriesGeneratorJob.generateAppointmentsForSeries(AppointmentSeriesGeneratorJob.java:151)
	at com.example.physiokalendar.service.AppointmentSeriesGeneratorJob.generateMissingAppointments(AppointmentSeriesGeneratorJob.java:107)
	at com.example.physiokalendar.service.AppointmentSeriesGeneratorJob.onApplicationReady(AppointmentSeriesGeneratorJob.java:57)
	at java.base/jdk.internal.reflect.NativeMethodAccessorImpl.invoke0(Native Method)
	at java.base/jdk.internal.reflect.NativeMethodAccessorImpl.invoke(NativeMethodAccessorImpl.java:77)
	at java.base/jdk.internal.reflect.DelegatingMethodAccessorImpl.invoke(DelegatingMethodAccessorImpl.java:43)
	at java.base/java.lang.reflect.Method.invoke(Method.java:568)
	at org.springframework.context.event.ApplicationListenerMethodAdapter.doInvoke(ApplicationListenerMethodAdapter.java:365)
	at org.springframework.context.event.ApplicationListenerMethodAdapter.processEvent(ApplicationListenerMethodAdapter.java:237)
	at org.springframework.context.event.ApplicationListenerMethodAdapter.onApplicationEvent(ApplicationListenerMethodAdapter.java:168)
	at org.springframework.context.event.SimpleApplicationEventMulticaster.doInvokeListener(SimpleApplicationEventMulticaster.java:185)
	at org.springframework.context.event.SimpleApplicationEventMulticaster.invokeListener(SimpleApplicationEventMulticaster.java:178)
	at org.springframework.context.event.SimpleApplicationEventMulticaster.multicastEvent(SimpleApplicationEventMulticaster.java:156)
	at org.springframework.context.support.AbstractApplicationContext.publishEvent(AbstractApplicationContext.java:452)
	at org.springframework.context.support.AbstractApplicationContext.publishEvent(AbstractApplicationContext.java:385)
	at org.springframework.boot.context.event.EventPublishingRunListener.ready(EventPublishingRunListener.java:109)
	at org.springframework.boot.SpringApplicationRunListeners.lambda$ready$6(SpringApplicationRunListeners.java:80)
	at java.base/java.lang.Iterable.forEach(Iterable.java:75)
	at org.springframework.boot.SpringApplicationRunListeners.doWithListeners(SpringApplicationRunListeners.java:118)
	at org.springframework.boot.SpringApplicationRunListeners.doWithListeners(SpringApplicationRunListeners.java:112)
	at org.springframework.boot.SpringApplicationRunListeners.ready(SpringApplicationRunListeners.java:80)
	at org.springframework.boot.SpringApplication.run(SpringApplication.java:349)
	at org.springframework.boot.SpringApplication.run(SpringApplication.java:1363)
	at org.springframework.boot.SpringApplication.run(SpringApplication.java:1352)
	at com.example.physiokalendar.PhysiokalendarApplication.main(PhysiokalendarApplication.java:12)
	at java.base/jdk.internal.reflect.NativeMethodAccessorImpl.invoke0(Native Method)
	at java.base/jdk.internal.reflect.NativeMethodAccessorImpl.invoke(NativeMethodAccessorImpl.java:77)
	at java.base/jdk.internal.reflect.DelegatingMethodAccessorImpl.invoke(DelegatingMethodAccessorImpl.java:43)
	at java.base/java.lang.reflect.Method.invoke(Method.java:568)
	at org.springframework.boot.devtools.restart.RestartLauncher.run(RestartLauncher.java:50)
2026-02-18 02:57:11.470 [restartedMain] ERROR c.e.p.s.AppointmentSeriesGeneratorJob - Error generating appointments for series 4498: failed to lazily initialize a collection of role: com.example.physiokalendar.entity.AppointmentSeries.cancellations: could not initialize proxy - no Session
org.hibernate.LazyInitializationException: failed to lazily initialize a collection of role: com.example.physiokalendar.entity.AppointmentSeries.cancellations: could not initialize proxy - no Session
	at org.hibernate.collection.spi.AbstractPersistentCollection.throwLazyInitializationException(AbstractPersistentCollection.java:636)
	at org.hibernate.collection.spi.AbstractPersistentCollection.withTemporarySessionIfNeeded(AbstractPersistentCollection.java:219)
	at org.hibernate.collection.spi.AbstractPersistentCollection.initialize(AbstractPersistentCollection.java:615)
	at org.hibernate.collection.spi.AbstractPersistentCollection.read(AbstractPersistentCollection.java:138)
	at org.hibernate.collection.spi.PersistentBag.iterator(PersistentBag.java:369)
	at java.base/java.util.Spliterators$IteratorSpliterator.estimateSize(Spliterators.java:1865)
	at java.base/java.util.Spliterator.getExactSizeIfKnown(Spliterator.java:414)
	at java.base/java.util.stream.AbstractPipeline.copyInto(AbstractPipeline.java:508)
	at java.base/java.util.stream.AbstractPipeline.wrapAndCopyInto(AbstractPipeline.java:499)
	at java.base/java.util.stream.ReduceOps$ReduceOp.evaluateSequential(ReduceOps.java:921)
	at java.base/java.util.stream.AbstractPipeline.evaluate(AbstractPipeline.java:234)
	at java.base/java.util.stream.ReferencePipeline.collect(ReferencePipeline.java:682)
	at com.example.physiokalendar.service.AppointmentSeriesGeneratorJob.generateAppointmentsForSeries(AppointmentSeriesGeneratorJob.java:151)
	at com.example.physiokalendar.service.AppointmentSeriesGeneratorJob.generateMissingAppointments(AppointmentSeriesGeneratorJob.java:107)
	at com.example.physiokalendar.service.AppointmentSeriesGeneratorJob.onApplicationReady(AppointmentSeriesGeneratorJob.java:57)
	at java.base/jdk.internal.reflect.NativeMethodAccessorImpl.invoke0(Native Method)
	at java.base/jdk.internal.reflect.NativeMethodAccessorImpl.invoke(NativeMethodAccessorImpl.java:77)
	at java.base/jdk.internal.reflect.DelegatingMethodAccessorImpl.invoke(DelegatingMethodAccessorImpl.java:43)
	at java.base/java.lang.reflect.Method.invoke(Method.java:568)
	at org.springframework.context.event.ApplicationListenerMethodAdapter.doInvoke(ApplicationListenerMethodAdapter.java:365)
	at org.springframework.context.event.ApplicationListenerMethodAdapter.processEvent(ApplicationListenerMethodAdapter.java:237)
	at org.springframework.context.event.ApplicationListenerMethodAdapter.onApplicationEvent(ApplicationListenerMethodAdapter.java:168)
	at org.springframework.context.event.SimpleApplicationEventMulticaster.doInvokeListener(SimpleApplicationEventMulticaster.java:185)
	at org.springframework.context.event.SimpleApplicationEventMulticaster.invokeListener(SimpleApplicationEventMulticaster.java:178)
	at org.springframework.context.event.SimpleApplicationEventMulticaster.multicastEvent(SimpleApplicationEventMulticaster.java:156)
	at org.springframework.context.support.AbstractApplicationContext.publishEvent(AbstractApplicationContext.java:452)
	at org.springframework.context.support.AbstractApplicationContext.publishEvent(AbstractApplicationContext.java:385)
	at org.springframework.boot.context.event.EventPublishingRunListener.ready(EventPublishingRunListener.java:109)
	at org.springframework.boot.SpringApplicationRunListeners.lambda$ready$6(SpringApplicationRunListeners.java:80)
	at java.base/java.lang.Iterable.forEach(Iterable.java:75)
	at org.springframework.boot.SpringApplicationRunListeners.doWithListeners(SpringApplicationRunListeners.java:118)
	at org.springframework.boot.SpringApplicationRunListeners.doWithListeners(SpringApplicationRunListeners.java:112)
	at org.springframework.boot.SpringApplicationRunListeners.ready(SpringApplicationRunListeners.java:80)
	at org.springframework.boot.SpringApplication.run(SpringApplication.java:349)
	at org.springframework.boot.SpringApplication.run(SpringApplication.java:1363)
	at org.springframework.boot.SpringApplication.run(SpringApplication.java:1352)
	at com.example.physiokalendar.PhysiokalendarApplication.main(PhysiokalendarApplication.java:12)
	at java.base/jdk.internal.reflect.NativeMethodAccessorImpl.invoke0(Native Method)
	at java.base/jdk.internal.reflect.NativeMethodAccessorImpl.invoke(NativeMethodAccessorImpl.java:77)
	at java.base/jdk.internal.reflect.DelegatingMethodAccessorImpl.invoke(DelegatingMethodAccessorImpl.java:43)
	at java.base/java.lang.reflect.Method.invoke(Method.java:568)
	at org.springframework.boot.devtools.restart.RestartLauncher.run(RestartLauncher.java:50)
2026-02-18 02:57:11.474 [restartedMain] ERROR c.e.p.s.AppointmentSeriesGeneratorJob - Error generating appointments for series 4499: failed to lazily initialize a collection of role: com.example.physiokalendar.entity.AppointmentSeries.cancellations: could not initialize proxy - no Session
org.hibernate.LazyInitializationException: failed to lazily initialize a collection of role: com.example.physiokalendar.entity.AppointmentSeries.cancellations: could not initialize proxy - no Session
	at org.hibernate.collection.spi.AbstractPersistentCollection.throwLazyInitializationException(AbstractPersistentCollection.java:636)
	at org.hibernate.collection.spi.AbstractPersistentCollection.withTemporarySessionIfNeeded(AbstractPersistentCollection.java:219)
	at org.hibernate.collection.spi.AbstractPersistentCollection.initialize(AbstractPersistentCollection.java:615)
	at org.hibernate.collection.spi.AbstractPersistentCollection.read(AbstractPersistentCollection.java:138)
	at org.hibernate.collection.spi.PersistentBag.iterator(PersistentBag.java:369)
	at java.base/java.util.Spliterators$IteratorSpliterator.estimateSize(Spliterators.java:1865)
	at java.base/java.util.Spliterator.getExactSizeIfKnown(Spliterator.java:414)
	at java.base/java.util.stream.AbstractPipeline.copyInto(AbstractPipeline.java:508)
	at java.base/java.util.stream.AbstractPipeline.wrapAndCopyInto(AbstractPipeline.java:499)
	at java.base/java.util.stream.ReduceOps$ReduceOp.evaluateSequential(ReduceOps.java:921)
	at java.base/java.util.stream.AbstractPipeline.evaluate(AbstractPipeline.java:234)
	at java.base/java.util.stream.ReferencePipeline.collect(ReferencePipeline.java:682)
	at com.example.physiokalendar.service.AppointmentSeriesGeneratorJob.generateAppointmentsForSeries(AppointmentSeriesGeneratorJob.java:151)
	at com.example.physiokalendar.service.AppointmentSeriesGeneratorJob.generateMissingAppointments(AppointmentSeriesGeneratorJob.java:107)
	at com.example.physiokalendar.service.AppointmentSeriesGeneratorJob.onApplicationReady(AppointmentSeriesGeneratorJob.java:57)
	at java.base/jdk.internal.reflect.NativeMethodAccessorImpl.invoke0(Native Method)
	at java.base/jdk.internal.reflect.NativeMethodAccessorImpl.invoke(NativeMethodAccessorImpl.java:77)
	at java.base/jdk.internal.reflect.DelegatingMethodAccessorImpl.invoke(DelegatingMethodAccessorImpl.java:43)
	at java.base/java.lang.reflect.Method.invoke(Method.java:568)
	at org.springframework.context.event.ApplicationListenerMethodAdapter.doInvoke(ApplicationListenerMethodAdapter.java:365)
	at org.springframework.context.event.ApplicationListenerMethodAdapter.processEvent(ApplicationListenerMethodAdapter.java:237)
	at org.springframework.context.event.ApplicationListenerMethodAdapter.onApplicationEvent(ApplicationListenerMethodAdapter.java:168)
	at org.springframework.context.event.SimpleApplicationEventMulticaster.doInvokeListener(SimpleApplicationEventMulticaster.java:185)
	at org.springframework.context.event.SimpleApplicationEventMulticaster.invokeListener(SimpleApplicationEventMulticaster.java:178)
	at org.springframework.context.event.SimpleApplicationEventMulticaster.multicastEvent(SimpleApplicationEventMulticaster.java:156)
	at org.springframework.context.support.AbstractApplicationContext.publishEvent(AbstractApplicationContext.java:452)
	at org.springframework.context.support.AbstractApplicationContext.publishEvent(AbstractApplicationContext.java:385)
	at org.springframework.boot.context.event.EventPublishingRunListener.ready(EventPublishingRunListener.java:109)
	at org.springframework.boot.SpringApplicationRunListeners.lambda$ready$6(SpringApplicationRunListeners.java:80)
	at java.base/java.lang.Iterable.forEach(Iterable.java:75)
	at org.springframework.boot.SpringApplicationRunListeners.doWithListeners(SpringApplicationRunListeners.java:118)
	at org.springframework.boot.SpringApplicationRunListeners.doWithListeners(SpringApplicationRunListeners.java:112)
	at org.springframework.boot.SpringApplicationRunListeners.ready(SpringApplicationRunListeners.java:80)
	at org.springframework.boot.SpringApplication.run(SpringApplication.java:349)
	at org.springframework.boot.SpringApplication.run(SpringApplication.java:1363)
	at org.springframework.boot.SpringApplication.run(SpringApplication.java:1352)
	at com.example.physiokalendar.PhysiokalendarApplication.main(PhysiokalendarApplication.java:12)
	at java.base/jdk.internal.reflect.NativeMethodAccessorImpl.invoke0(Native Method)
	at java.base/jdk.internal.reflect.NativeMethodAccessorImpl.invoke(NativeMethodAccessorImpl.java:77)
	at java.base/jdk.internal.reflect.DelegatingMethodAccessorImpl.invoke(DelegatingMethodAccessorImpl.java:43)
	at java.base/java.lang.reflect.Method.invoke(Method.java:568)
	at org.springframework.boot.devtools.restart.RestartLauncher.run(RestartLauncher.java:50)
2026-02-18 02:57:11.478 [restartedMain] ERROR c.e.p.s.AppointmentSeriesGeneratorJob - Error generating appointments for series 4500: failed to lazily initialize a collection of role: com.example.physiokalendar.entity.AppointmentSeries.cancellations: could not initialize proxy - no Session
org.hibernate.LazyInitializationException: failed to lazily initialize a collection of role: com.example.physiokalendar.entity.AppointmentSeries.cancellations: could not initialize proxy - no Session
	at org.hibernate.collection.spi.AbstractPersistentCollection.throwLazyInitializationException(AbstractPersistentCollection.java:636)
	at org.hibernate.collection.spi.AbstractPersistentCollection.withTemporarySessionIfNeeded(AbstractPersistentCollection.java:219)
	at org.hibernate.collection.spi.AbstractPersistentCollection.initialize(AbstractPersistentCollection.java:615)
	at org.hibernate.collection.spi.AbstractPersistentCollection.read(AbstractPersistentCollection.java:138)
	at org.hibernate.collection.spi.PersistentBag.iterator(PersistentBag.java:369)
	at java.base/java.util.Spliterators$IteratorSpliterator.estimateSize(Spliterators.java:1865)
	at java.base/java.util.Spliterator.getExactSizeIfKnown(Spliterator.java:414)
	at java.base/java.util.stream.AbstractPipeline.copyInto(AbstractPipeline.java:508)
	at java.base/java.util.stream.AbstractPipeline.wrapAndCopyInto(AbstractPipeline.java:499)
	at java.base/java.util.stream.ReduceOps$ReduceOp.evaluateSequential(ReduceOps.java:921)
	at java.base/java.util.stream.AbstractPipeline.evaluate(AbstractPipeline.java:234)
	at java.base/java.util.stream.ReferencePipeline.collect(ReferencePipeline.java:682)
	at com.example.physiokalendar.service.AppointmentSeriesGeneratorJob.generateAppointmentsForSeries(AppointmentSeriesGeneratorJob.java:151)
	at com.example.physiokalendar.service.AppointmentSeriesGeneratorJob.generateMissingAppointments(AppointmentSeriesGeneratorJob.java:107)
	at com.example.physiokalendar.service.AppointmentSeriesGeneratorJob.onApplicationReady(AppointmentSeriesGeneratorJob.java:57)
	at java.base/jdk.internal.reflect.NativeMethodAccessorImpl.invoke0(Native Method)
	at java.base/jdk.internal.reflect.NativeMethodAccessorImpl.invoke(NativeMethodAccessorImpl.java:77)
	at java.base/jdk.internal.reflect.DelegatingMethodAccessorImpl.invoke(DelegatingMethodAccessorImpl.java:43)
	at java.base/java.lang.reflect.Method.invoke(Method.java:568)
	at org.springframework.context.event.ApplicationListenerMethodAdapter.doInvoke(ApplicationListenerMethodAdapter.java:365)
	at org.springframework.context.event.ApplicationListenerMethodAdapter.processEvent(ApplicationListenerMethodAdapter.java:237)
	at org.springframework.context.event.ApplicationListenerMethodAdapter.onApplicationEvent(ApplicationListenerMethodAdapter.java:168)
	at org.springframework.context.event.SimpleApplicationEventMulticaster.doInvokeListener(SimpleApplicationEventMulticaster.java:185)
	at org.springframework.context.event.SimpleApplicationEventMulticaster.invokeListener(SimpleApplicationEventMulticaster.java:178)
	at org.springframework.context.event.SimpleApplicationEventMulticaster.multicastEvent(SimpleApplicationEventMulticaster.java:156)
	at org.springframework.context.support.AbstractApplicationContext.publishEvent(AbstractApplicationContext.java:452)
	at org.springframework.context.support.AbstractApplicationContext.publishEvent(AbstractApplicationContext.java:385)
	at org.springframework.boot.context.event.EventPublishingRunListener.ready(EventPublishingRunListener.java:109)
	at org.springframework.boot.SpringApplicationRunListeners.lambda$ready$6(SpringApplicationRunListeners.java:80)
	at java.base/java.lang.Iterable.forEach(Iterable.java:75)
	at org.springframework.boot.SpringApplicationRunListeners.doWithListeners(SpringApplicationRunListeners.java:118)
	at org.springframework.boot.SpringApplicationRunListeners.doWithListeners(SpringApplicationRunListeners.java:112)
	at org.springframework.boot.SpringApplicationRunListeners.ready(SpringApplicationRunListeners.java:80)
	at org.springframework.boot.SpringApplication.run(SpringApplication.java:349)
	at org.springframework.boot.SpringApplication.run(SpringApplication.java:1363)
	at org.springframework.boot.SpringApplication.run(SpringApplication.java:1352)
	at com.example.physiokalendar.PhysiokalendarApplication.main(PhysiokalendarApplication.java:12)
	at java.base/jdk.internal.reflect.NativeMethodAccessorImpl.invoke0(Native Method)
	at java.base/jdk.internal.reflect.NativeMethodAccessorImpl.invoke(NativeMethodAccessorImpl.java:77)
	at java.base/jdk.internal.reflect.DelegatingMethodAccessorImpl.invoke(DelegatingMethodAccessorImpl.java:43)
	at java.base/java.lang.reflect.Method.invoke(Method.java:568)
	at org.springframework.boot.devtools.restart.RestartLauncher.run(RestartLauncher.java:50)
2026-02-18 02:57:11.482 [restartedMain] ERROR c.e.p.s.AppointmentSeriesGeneratorJob - Error generating appointments for series 4501: failed to lazily initialize a collection of role: com.example.physiokalendar.entity.AppointmentSeries.cancellations: could not initialize proxy - no Session
org.hibernate.LazyInitializationException: failed to lazily initialize a collection of role: com.example.physiokalendar.entity.AppointmentSeries.cancellations: could not initialize proxy - no Session
	at org.hibernate.collection.spi.AbstractPersistentCollection.throwLazyInitializationException(AbstractPersistentCollection.java:636)
	at org.hibernate.collection.spi.AbstractPersistentCollection.withTemporarySessionIfNeeded(AbstractPersistentCollection.java:219)
	at org.hibernate.collection.spi.AbstractPersistentCollection.initialize(AbstractPersistentCollection.java:615)
	at org.hibernate.collection.spi.AbstractPersistentCollection.read(AbstractPersistentCollection.java:138)
	at org.hibernate.collection.spi.PersistentBag.iterator(PersistentBag.java:369)
	at java.base/java.util.Spliterators$IteratorSpliterator.estimateSize(Spliterators.java:1865)
	at java.base/java.util.Spliterator.getExactSizeIfKnown(Spliterator.java:414)
	at java.base/java.util.stream.AbstractPipeline.copyInto(AbstractPipeline.java:508)
	at java.base/java.util.stream.AbstractPipeline.wrapAndCopyInto(AbstractPipeline.java:499)
	at java.base/java.util.stream.ReduceOps$ReduceOp.evaluateSequential(ReduceOps.java:921)
	at java.base/java.util.stream.AbstractPipeline.evaluate(AbstractPipeline.java:234)
	at java.base/java.util.stream.ReferencePipeline.collect(ReferencePipeline.java:682)
	at com.example.physiokalendar.service.AppointmentSeriesGeneratorJob.generateAppointmentsForSeries(AppointmentSeriesGeneratorJob.java:151)
	at com.example.physiokalendar.service.AppointmentSeriesGeneratorJob.generateMissingAppointments(AppointmentSeriesGeneratorJob.java:107)
	at com.example.physiokalendar.service.AppointmentSeriesGeneratorJob.onApplicationReady(AppointmentSeriesGeneratorJob.java:57)
	at java.base/jdk.internal.reflect.NativeMethodAccessorImpl.invoke0(Native Method)
	at java.base/jdk.internal.reflect.NativeMethodAccessorImpl.invoke(NativeMethodAccessorImpl.java:77)
	at java.base/jdk.internal.reflect.DelegatingMethodAccessorImpl.invoke(DelegatingMethodAccessorImpl.java:43)
	at java.base/java.lang.reflect.Method.invoke(Method.java:568)
	at org.springframework.context.event.ApplicationListenerMethodAdapter.doInvoke(ApplicationListenerMethodAdapter.java:365)
	at org.springframework.context.event.ApplicationListenerMethodAdapter.processEvent(ApplicationListenerMethodAdapter.java:237)
	at org.springframework.context.event.ApplicationListenerMethodAdapter.onApplicationEvent(ApplicationListenerMethodAdapter.java:168)
	at org.springframework.context.event.SimpleApplicationEventMulticaster.doInvokeListener(SimpleApplicationEventMulticaster.java:185)
	at org.springframework.context.event.SimpleApplicationEventMulticaster.invokeListener(SimpleApplicationEventMulticaster.java:178)
	at org.springframework.context.event.SimpleApplicationEventMulticaster.multicastEvent(SimpleApplicationEventMulticaster.java:156)
	at org.springframework.context.support.AbstractApplicationContext.publishEvent(AbstractApplicationContext.java:452)
	at org.springframework.context.support.AbstractApplicationContext.publishEvent(AbstractApplicationContext.java:385)
	at org.springframework.boot.context.event.EventPublishingRunListener.ready(EventPublishingRunListener.java:109)
	at org.springframework.boot.SpringApplicationRunListeners.lambda$ready$6(SpringApplicationRunListeners.java:80)
	at java.base/java.lang.Iterable.forEach(Iterable.java:75)
	at org.springframework.boot.SpringApplicationRunListeners.doWithListeners(SpringApplicationRunListeners.java:118)
	at org.springframework.boot.SpringApplicationRunListeners.doWithListeners(SpringApplicationRunListeners.java:112)
	at org.springframework.boot.SpringApplicationRunListeners.ready(SpringApplicationRunListeners.java:80)
	at org.springframework.boot.SpringApplication.run(SpringApplication.java:349)
	at org.springframework.boot.SpringApplication.run(SpringApplication.java:1363)
	at org.springframework.boot.SpringApplication.run(SpringApplication.java:1352)
	at com.example.physiokalendar.PhysiokalendarApplication.main(PhysiokalendarApplication.java:12)
	at java.base/jdk.internal.reflect.NativeMethodAccessorImpl.invoke0(Native Method)
	at java.base/jdk.internal.reflect.NativeMethodAccessorImpl.invoke(NativeMethodAccessorImpl.java:77)
	at java.base/jdk.internal.reflect.DelegatingMethodAccessorImpl.invoke(DelegatingMethodAccessorImpl.java:43)
	at java.base/java.lang.reflect.Method.invoke(Method.java:568)
	at org.springframework.boot.devtools.restart.RestartLauncher.run(RestartLauncher.java:50)
2026-02-18 02:57:11.486 [restartedMain] ERROR c.e.p.s.AppointmentSeriesGeneratorJob - Error generating appointments for series 4502: failed to lazily initialize a collection of role: com.example.physiokalendar.entity.AppointmentSeries.cancellations: could not initialize proxy - no Session
org.hibernate.LazyInitializationException: failed to lazily initialize a collection of role: com.example.physiokalendar.entity.AppointmentSeries.cancellations: could not initialize proxy - no Session
	at org.hibernate.collection.spi.AbstractPersistentCollection.throwLazyInitializationException(AbstractPersistentCollection.java:636)
	at org.hibernate.collection.spi.AbstractPersistentCollection.withTemporarySessionIfNeeded(AbstractPersistentCollection.java:219)
	at org.hibernate.collection.spi.AbstractPersistentCollection.initialize(AbstractPersistentCollection.java:615)
	at org.hibernate.collection.spi.AbstractPersistentCollection.read(AbstractPersistentCollection.java:138)
	at org.hibernate.collection.spi.PersistentBag.iterator(PersistentBag.java:369)
	at java.base/java.util.Spliterators$IteratorSpliterator.estimateSize(Spliterators.java:1865)
	at java.base/java.util.Spliterator.getExactSizeIfKnown(Spliterator.java:414)
	at java.base/java.util.stream.AbstractPipeline.copyInto(AbstractPipeline.java:508)
	at java.base/java.util.stream.AbstractPipeline.wrapAndCopyInto(AbstractPipeline.java:499)
	at java.base/java.util.stream.ReduceOps$ReduceOp.evaluateSequential(ReduceOps.java:921)
	at java.base/java.util.stream.AbstractPipeline.evaluate(AbstractPipeline.java:234)
	at java.base/java.util.stream.ReferencePipeline.collect(ReferencePipeline.java:682)
	at com.example.physiokalendar.service.AppointmentSeriesGeneratorJob.generateAppointmentsForSeries(AppointmentSeriesGeneratorJob.java:151)
	at com.example.physiokalendar.service.AppointmentSeriesGeneratorJob.generateMissingAppointments(AppointmentSeriesGeneratorJob.java:107)
	at com.example.physiokalendar.service.AppointmentSeriesGeneratorJob.onApplicationReady(AppointmentSeriesGeneratorJob.java:57)
	at java.base/jdk.internal.reflect.NativeMethodAccessorImpl.invoke0(Native Method)
	at java.base/jdk.internal.reflect.NativeMethodAccessorImpl.invoke(NativeMethodAccessorImpl.java:77)
	at java.base/jdk.internal.reflect.DelegatingMethodAccessorImpl.invoke(DelegatingMethodAccessorImpl.java:43)
	at java.base/java.lang.reflect.Method.invoke(Method.java:568)
	at org.springframework.context.event.ApplicationListenerMethodAdapter.doInvoke(ApplicationListenerMethodAdapter.java:365)
	at org.springframework.context.event.ApplicationListenerMethodAdapter.processEvent(ApplicationListenerMethodAdapter.java:237)
	at org.springframework.context.event.ApplicationListenerMethodAdapter.onApplicationEvent(ApplicationListenerMethodAdapter.java:168)
	at org.springframework.context.event.SimpleApplicationEventMulticaster.doInvokeListener(SimpleApplicationEventMulticaster.java:185)
	at org.springframework.context.event.SimpleApplicationEventMulticaster.invokeListener(SimpleApplicationEventMulticaster.java:178)
	at org.springframework.context.event.SimpleApplicationEventMulticaster.multicastEvent(SimpleApplicationEventMulticaster.java:156)
	at org.springframework.context.support.AbstractApplicationContext.publishEvent(AbstractApplicationContext.java:452)
	at org.springframework.context.support.AbstractApplicationContext.publishEvent(AbstractApplicationContext.java:385)
	at org.springframework.boot.context.event.EventPublishingRunListener.ready(EventPublishingRunListener.java:109)
	at org.springframework.boot.SpringApplicationRunListeners.lambda$ready$6(SpringApplicationRunListeners.java:80)
	at java.base/java.lang.Iterable.forEach(Iterable.java:75)
	at org.springframework.boot.SpringApplicationRunListeners.doWithListeners(SpringApplicationRunListeners.java:118)
	at org.springframework.boot.SpringApplicationRunListeners.doWithListeners(SpringApplicationRunListeners.java:112)
	at org.springframework.boot.SpringApplicationRunListeners.ready(SpringApplicationRunListeners.java:80)
	at org.springframework.boot.SpringApplication.run(SpringApplication.java:349)
	at org.springframework.boot.SpringApplication.run(SpringApplication.java:1363)
	at org.springframework.boot.SpringApplication.run(SpringApplication.java:1352)
	at com.example.physiokalendar.PhysiokalendarApplication.main(PhysiokalendarApplication.java:12)
	at java.base/jdk.internal.reflect.NativeMethodAccessorImpl.invoke0(Native Method)
	at java.base/jdk.internal.reflect.NativeMethodAccessorImpl.invoke(NativeMethodAccessorImpl.java:77)
	at java.base/jdk.internal.reflect.DelegatingMethodAccessorImpl.invoke(DelegatingMethodAccessorImpl.java:43)
	at java.base/java.lang.reflect.Method.invoke(Method.java:568)
	at org.springframework.boot.devtools.restart.RestartLauncher.run(RestartLauncher.java:50)
2026-02-18 02:57:11.491 [restartedMain] ERROR c.e.p.s.AppointmentSeriesGeneratorJob - Error generating appointments for series 4503: failed to lazily initialize a collection of role: com.example.physiokalendar.entity.AppointmentSeries.cancellations: could not initialize proxy - no Session
org.hibernate.LazyInitializationException: failed to lazily initialize a collection of role: com.example.physiokalendar.entity.AppointmentSeries.cancellations: could not initialize proxy - no Session
	at org.hibernate.collection.spi.AbstractPersistentCollection.throwLazyInitializationException(AbstractPersistentCollection.java:636)
	at org.hibernate.collection.spi.AbstractPersistentCollection.withTemporarySessionIfNeeded(AbstractPersistentCollection.java:219)
	at org.hibernate.collection.spi.AbstractPersistentCollection.initialize(AbstractPersistentCollection.java:615)
	at org.hibernate.collection.spi.AbstractPersistentCollection.read(AbstractPersistentCollection.java:138)
	at org.hibernate.collection.spi.PersistentBag.iterator(PersistentBag.java:369)
	at java.base/java.util.Spliterators$IteratorSpliterator.estimateSize(Spliterators.java:1865)
	at java.base/java.util.Spliterator.getExactSizeIfKnown(Spliterator.java:414)
	at java.base/java.util.stream.AbstractPipeline.copyInto(AbstractPipeline.java:508)
	at java.base/java.util.stream.AbstractPipeline.wrapAndCopyInto(AbstractPipeline.java:499)
	at java.base/java.util.stream.ReduceOps$ReduceOp.evaluateSequential(ReduceOps.java:921)
	at java.base/java.util.stream.AbstractPipeline.evaluate(AbstractPipeline.java:234)
	at java.base/java.util.stream.ReferencePipeline.collect(ReferencePipeline.java:682)
	at com.example.physiokalendar.service.AppointmentSeriesGeneratorJob.generateAppointmentsForSeries(AppointmentSeriesGeneratorJob.java:151)
	at com.example.physiokalendar.service.AppointmentSeriesGeneratorJob.generateMissingAppointments(AppointmentSeriesGeneratorJob.java:107)
	at com.example.physiokalendar.service.AppointmentSeriesGeneratorJob.onApplicationReady(AppointmentSeriesGeneratorJob.java:57)
	at java.base/jdk.internal.reflect.NativeMethodAccessorImpl.invoke0(Native Method)
	at java.base/jdk.internal.reflect.NativeMethodAccessorImpl.invoke(NativeMethodAccessorImpl.java:77)
	at java.base/jdk.internal.reflect.DelegatingMethodAccessorImpl.invoke(DelegatingMethodAccessorImpl.java:43)
	at java.base/java.lang.reflect.Method.invoke(Method.java:568)
	at org.springframework.context.event.ApplicationListenerMethodAdapter.doInvoke(ApplicationListenerMethodAdapter.java:365)
	at org.springframework.context.event.ApplicationListenerMethodAdapter.processEvent(ApplicationListenerMethodAdapter.java:237)
	at org.springframework.context.event.ApplicationListenerMethodAdapter.onApplicationEvent(ApplicationListenerMethodAdapter.java:168)
	at org.springframework.context.event.SimpleApplicationEventMulticaster.doInvokeListener(SimpleApplicationEventMulticaster.java:185)
	at org.springframework.context.event.SimpleApplicationEventMulticaster.invokeListener(SimpleApplicationEventMulticaster.java:178)
	at org.springframework.context.event.SimpleApplicationEventMulticaster.multicastEvent(SimpleApplicationEventMulticaster.java:156)
	at org.springframework.context.support.AbstractApplicationContext.publishEvent(AbstractApplicationContext.java:452)
	at org.springframework.context.support.AbstractApplicationContext.publishEvent(AbstractApplicationContext.java:385)
	at org.springframework.boot.context.event.EventPublishingRunListener.ready(EventPublishingRunListener.java:109)
	at org.springframework.boot.SpringApplicationRunListeners.lambda$ready$6(SpringApplicationRunListeners.java:80)
	at java.base/java.lang.Iterable.forEach(Iterable.java:75)
	at org.springframework.boot.SpringApplicationRunListeners.doWithListeners(SpringApplicationRunListeners.java:118)
	at org.springframework.boot.SpringApplicationRunListeners.doWithListeners(SpringApplicationRunListeners.java:112)
	at org.springframework.boot.SpringApplicationRunListeners.ready(SpringApplicationRunListeners.java:80)
	at org.springframework.boot.SpringApplication.run(SpringApplication.java:349)
	at org.springframework.boot.SpringApplication.run(SpringApplication.java:1363)
	at org.springframework.boot.SpringApplication.run(SpringApplication.java:1352)
	at com.example.physiokalendar.PhysiokalendarApplication.main(PhysiokalendarApplication.java:12)
	at java.base/jdk.internal.reflect.NativeMethodAccessorImpl.invoke0(Native Method)
	at java.base/jdk.internal.reflect.NativeMethodAccessorImpl.invoke(NativeMethodAccessorImpl.java:77)
	at java.base/jdk.internal.reflect.DelegatingMethodAccessorImpl.invoke(DelegatingMethodAccessorImpl.java:43)
	at java.base/java.lang.reflect.Method.invoke(Method.java:568)
	at org.springframework.boot.devtools.restart.RestartLauncher.run(RestartLauncher.java:50)
2026-02-18 02:57:11.495 [restartedMain] ERROR c.e.p.s.AppointmentSeriesGeneratorJob - Error generating appointments for series 4504: failed to lazily initialize a collection of role: com.example.physiokalendar.entity.AppointmentSeries.cancellations: could not initialize proxy - no Session
org.hibernate.LazyInitializationException: failed to lazily initialize a collection of role: com.example.physiokalendar.entity.AppointmentSeries.cancellations: could not initialize proxy - no Session
	at org.hibernate.collection.spi.AbstractPersistentCollection.throwLazyInitializationException(AbstractPersistentCollection.java:636)
	at org.hibernate.collection.spi.AbstractPersistentCollection.withTemporarySessionIfNeeded(AbstractPersistentCollection.java:219)
	at org.hibernate.collection.spi.AbstractPersistentCollection.initialize(AbstractPersistentCollection.java:615)
	at org.hibernate.collection.spi.AbstractPersistentCollection.read(AbstractPersistentCollection.java:138)
	at org.hibernate.collection.spi.PersistentBag.iterator(PersistentBag.java:369)
	at java.base/java.util.Spliterators$IteratorSpliterator.estimateSize(Spliterators.java:1865)
	at java.base/java.util.Spliterator.getExactSizeIfKnown(Spliterator.java:414)
	at java.base/java.util.stream.AbstractPipeline.copyInto(AbstractPipeline.java:508)
	at java.base/java.util.stream.AbstractPipeline.wrapAndCopyInto(AbstractPipeline.java:499)
	at java.base/java.util.stream.ReduceOps$ReduceOp.evaluateSequential(ReduceOps.java:921)
	at java.base/java.util.stream.AbstractPipeline.evaluate(AbstractPipeline.java:234)
	at java.base/java.util.stream.ReferencePipeline.collect(ReferencePipeline.java:682)
	at com.example.physiokalendar.service.AppointmentSeriesGeneratorJob.generateAppointmentsForSeries(AppointmentSeriesGeneratorJob.java:151)
	at com.example.physiokalendar.service.AppointmentSeriesGeneratorJob.generateMissingAppointments(AppointmentSeriesGeneratorJob.java:107)
	at com.example.physiokalendar.service.AppointmentSeriesGeneratorJob.onApplicationReady(AppointmentSeriesGeneratorJob.java:57)
	at java.base/jdk.internal.reflect.NativeMethodAccessorImpl.invoke0(Native Method)
	at java.base/jdk.internal.reflect.NativeMethodAccessorImpl.invoke(NativeMethodAccessorImpl.java:77)
	at java.base/jdk.internal.reflect.DelegatingMethodAccessorImpl.invoke(DelegatingMethodAccessorImpl.java:43)
	at java.base/java.lang.reflect.Method.invoke(Method.java:568)
	at org.springframework.context.event.ApplicationListenerMethodAdapter.doInvoke(ApplicationListenerMethodAdapter.java:365)
	at org.springframework.context.event.ApplicationListenerMethodAdapter.processEvent(ApplicationListenerMethodAdapter.java:237)
	at org.springframework.context.event.ApplicationListenerMethodAdapter.onApplicationEvent(ApplicationListenerMethodAdapter.java:168)
	at org.springframework.context.event.SimpleApplicationEventMulticaster.doInvokeListener(SimpleApplicationEventMulticaster.java:185)
	at org.springframework.context.event.SimpleApplicationEventMulticaster.invokeListener(SimpleApplicationEventMulticaster.java:178)
	at org.springframework.context.event.SimpleApplicationEventMulticaster.multicastEvent(SimpleApplicationEventMulticaster.java:156)
	at org.springframework.context.support.AbstractApplicationContext.publishEvent(AbstractApplicationContext.java:452)
	at org.springframework.context.support.AbstractApplicationContext.publishEvent(AbstractApplicationContext.java:385)
	at org.springframework.boot.context.event.EventPublishingRunListener.ready(EventPublishingRunListener.java:109)
	at org.springframework.boot.SpringApplicationRunListeners.lambda$ready$6(SpringApplicationRunListeners.java:80)
	at java.base/java.lang.Iterable.forEach(Iterable.java:75)
	at org.springframework.boot.SpringApplicationRunListeners.doWithListeners(SpringApplicationRunListeners.java:118)
	at org.springframework.boot.SpringApplicationRunListeners.doWithListeners(SpringApplicationRunListeners.java:112)
	at org.springframework.boot.SpringApplicationRunListeners.ready(SpringApplicationRunListeners.java:80)
	at org.springframework.boot.SpringApplication.run(SpringApplication.java:349)
	at org.springframework.boot.SpringApplication.run(SpringApplication.java:1363)
	at org.springframework.boot.SpringApplication.run(SpringApplication.java:1352)
	at com.example.physiokalendar.PhysiokalendarApplication.main(PhysiokalendarApplication.java:12)
	at java.base/jdk.internal.reflect.NativeMethodAccessorImpl.invoke0(Native Method)
	at java.base/jdk.internal.reflect.NativeMethodAccessorImpl.invoke(NativeMethodAccessorImpl.java:77)
	at java.base/jdk.internal.reflect.DelegatingMethodAccessorImpl.invoke(DelegatingMethodAccessorImpl.java:43)
	at java.base/java.lang.reflect.Method.invoke(Method.java:568)
	at org.springframework.boot.devtools.restart.RestartLauncher.run(RestartLauncher.java:50)
2026-02-18 02:57:11.499 [restartedMain] ERROR c.e.p.s.AppointmentSeriesGeneratorJob - Error generating appointments for series 4505: failed to lazily initialize a collection of role: com.example.physiokalendar.entity.AppointmentSeries.cancellations: could not initialize proxy - no Session
org.hibernate.LazyInitializationException: failed to lazily initialize a collection of role: com.example.physiokalendar.entity.AppointmentSeries.cancellations: could not initialize proxy - no Session
	at org.hibernate.collection.spi.AbstractPersistentCollection.throwLazyInitializationException(AbstractPersistentCollection.java:636)
	at org.hibernate.collection.spi.AbstractPersistentCollection.withTemporarySessionIfNeeded(AbstractPersistentCollection.java:219)
	at org.hibernate.collection.spi.AbstractPersistentCollection.initialize(AbstractPersistentCollection.java:615)
	at org.hibernate.collection.spi.AbstractPersistentCollection.read(AbstractPersistentCollection.java:138)
	at org.hibernate.collection.spi.PersistentBag.iterator(PersistentBag.java:369)
	at java.base/java.util.Spliterators$IteratorSpliterator.estimateSize(Spliterators.java:1865)
	at java.base/java.util.Spliterator.getExactSizeIfKnown(Spliterator.java:414)
	at java.base/java.util.stream.AbstractPipeline.copyInto(AbstractPipeline.java:508)
	at java.base/java.util.stream.AbstractPipeline.wrapAndCopyInto(AbstractPipeline.java:499)
	at java.base/java.util.stream.ReduceOps$ReduceOp.evaluateSequential(ReduceOps.java:921)
	at java.base/java.util.stream.AbstractPipeline.evaluate(AbstractPipeline.java:234)
	at java.base/java.util.stream.ReferencePipeline.collect(ReferencePipeline.java:682)
	at com.example.physiokalendar.service.AppointmentSeriesGeneratorJob.generateAppointmentsForSeries(AppointmentSeriesGeneratorJob.java:151)
	at com.example.physiokalendar.service.AppointmentSeriesGeneratorJob.generateMissingAppointments(AppointmentSeriesGeneratorJob.java:107)
	at com.example.physiokalendar.service.AppointmentSeriesGeneratorJob.onApplicationReady(AppointmentSeriesGeneratorJob.java:57)
	at java.base/jdk.internal.reflect.NativeMethodAccessorImpl.invoke0(Native Method)
	at java.base/jdk.internal.reflect.NativeMethodAccessorImpl.invoke(NativeMethodAccessorImpl.java:77)
	at java.base/jdk.internal.reflect.DelegatingMethodAccessorImpl.invoke(DelegatingMethodAccessorImpl.java:43)
	at java.base/java.lang.reflect.Method.invoke(Method.java:568)
	at org.springframework.context.event.ApplicationListenerMethodAdapter.doInvoke(ApplicationListenerMethodAdapter.java:365)
	at org.springframework.context.event.ApplicationListenerMethodAdapter.processEvent(ApplicationListenerMethodAdapter.java:237)
	at org.springframework.context.event.ApplicationListenerMethodAdapter.onApplicationEvent(ApplicationListenerMethodAdapter.java:168)
	at org.springframework.context.event.SimpleApplicationEventMulticaster.doInvokeListener(SimpleApplicationEventMulticaster.java:185)
	at org.springframework.context.event.SimpleApplicationEventMulticaster.invokeListener(SimpleApplicationEventMulticaster.java:178)
	at org.springframework.context.event.SimpleApplicationEventMulticaster.multicastEvent(SimpleApplicationEventMulticaster.java:156)
	at org.springframework.context.support.AbstractApplicationContext.publishEvent(AbstractApplicationContext.java:452)
	at org.springframework.context.support.AbstractApplicationContext.publishEvent(AbstractApplicationContext.java:385)
	at org.springframework.boot.context.event.EventPublishingRunListener.ready(EventPublishingRunListener.java:109)
	at org.springframework.boot.SpringApplicationRunListeners.lambda$ready$6(SpringApplicationRunListeners.java:80)
	at java.base/java.lang.Iterable.forEach(Iterable.java:75)
	at org.springframework.boot.SpringApplicationRunListeners.doWithListeners(SpringApplicationRunListeners.java:118)
	at org.springframework.boot.SpringApplicationRunListeners.doWithListeners(SpringApplicationRunListeners.java:112)
	at org.springframework.boot.SpringApplicationRunListeners.ready(SpringApplicationRunListeners.java:80)
	at org.springframework.boot.SpringApplication.run(SpringApplication.java:349)
	at org.springframework.boot.SpringApplication.run(SpringApplication.java:1363)
	at org.springframework.boot.SpringApplication.run(SpringApplication.java:1352)
	at com.example.physiokalendar.PhysiokalendarApplication.main(PhysiokalendarApplication.java:12)
	at java.base/jdk.internal.reflect.NativeMethodAccessorImpl.invoke0(Native Method)
	at java.base/jdk.internal.reflect.NativeMethodAccessorImpl.invoke(NativeMethodAccessorImpl.java:77)
	at java.base/jdk.internal.reflect.DelegatingMethodAccessorImpl.invoke(DelegatingMethodAccessorImpl.java:43)
	at java.base/java.lang.reflect.Method.invoke(Method.java:568)
	at org.springframework.boot.devtools.restart.RestartLauncher.run(RestartLauncher.java:50)
2026-02-18 02:57:11.503 [restartedMain] ERROR c.e.p.s.AppointmentSeriesGeneratorJob - Error generating appointments for series 4506: failed to lazily initialize a collection of role: com.example.physiokalendar.entity.AppointmentSeries.cancellations: could not initialize proxy - no Session
org.hibernate.LazyInitializationException: failed to lazily initialize a collection of role: com.example.physiokalendar.entity.AppointmentSeries.cancellations: could not initialize proxy - no Session
	at org.hibernate.collection.spi.AbstractPersistentCollection.throwLazyInitializationException(AbstractPersistentCollection.java:636)
	at org.hibernate.collection.spi.AbstractPersistentCollection.withTemporarySessionIfNeeded(AbstractPersistentCollection.java:219)
	at org.hibernate.collection.spi.AbstractPersistentCollection.initialize(AbstractPersistentCollection.java:615)
	at org.hibernate.collection.spi.AbstractPersistentCollection.read(AbstractPersistentCollection.java:138)
	at org.hibernate.collection.spi.PersistentBag.iterator(PersistentBag.java:369)
	at java.base/java.util.Spliterators$IteratorSpliterator.estimateSize(Spliterators.java:1865)
	at java.base/java.util.Spliterator.getExactSizeIfKnown(Spliterator.java:414)
	at java.base/java.util.stream.AbstractPipeline.copyInto(AbstractPipeline.java:508)
	at java.base/java.util.stream.AbstractPipeline.wrapAndCopyInto(AbstractPipeline.java:499)
	at java.base/java.util.stream.ReduceOps$ReduceOp.evaluateSequential(ReduceOps.java:921)
	at java.base/java.util.stream.AbstractPipeline.evaluate(AbstractPipeline.java:234)
	at java.base/java.util.stream.ReferencePipeline.collect(ReferencePipeline.java:682)
	at com.example.physiokalendar.service.AppointmentSeriesGeneratorJob.generateAppointmentsForSeries(AppointmentSeriesGeneratorJob.java:151)
	at com.example.physiokalendar.service.AppointmentSeriesGeneratorJob.generateMissingAppointments(AppointmentSeriesGeneratorJob.java:107)
	at com.example.physiokalendar.service.AppointmentSeriesGeneratorJob.onApplicationReady(AppointmentSeriesGeneratorJob.java:57)
	at java.base/jdk.internal.reflect.NativeMethodAccessorImpl.invoke0(Native Method)
	at java.base/jdk.internal.reflect.NativeMethodAccessorImpl.invoke(NativeMethodAccessorImpl.java:77)
	at java.base/jdk.internal.reflect.DelegatingMethodAccessorImpl.invoke(DelegatingMethodAccessorImpl.java:43)
	at java.base/java.lang.reflect.Method.invoke(Method.java:568)
	at org.springframework.context.event.ApplicationListenerMethodAdapter.doInvoke(ApplicationListenerMethodAdapter.java:365)
	at org.springframework.context.event.ApplicationListenerMethodAdapter.processEvent(ApplicationListenerMethodAdapter.java:237)
	at org.springframework.context.event.ApplicationListenerMethodAdapter.onApplicationEvent(ApplicationListenerMethodAdapter.java:168)
	at org.springframework.context.event.SimpleApplicationEventMulticaster.doInvokeListener(SimpleApplicationEventMulticaster.java:185)
	at org.springframework.context.event.SimpleApplicationEventMulticaster.invokeListener(SimpleApplicationEventMulticaster.java:178)
	at org.springframework.context.event.SimpleApplicationEventMulticaster.multicastEvent(SimpleApplicationEventMulticaster.java:156)
	at org.springframework.context.support.AbstractApplicationContext.publishEvent(AbstractApplicationContext.java:452)
	at org.springframework.context.support.AbstractApplicationContext.publishEvent(AbstractApplicationContext.java:385)
	at org.springframework.boot.context.event.EventPublishingRunListener.ready(EventPublishingRunListener.java:109)
	at org.springframework.boot.SpringApplicationRunListeners.lambda$ready$6(SpringApplicationRunListeners.java:80)
	at java.base/java.lang.Iterable.forEach(Iterable.java:75)
	at org.springframework.boot.SpringApplicationRunListeners.doWithListeners(SpringApplicationRunListeners.java:118)
	at org.springframework.boot.SpringApplicationRunListeners.doWithListeners(SpringApplicationRunListeners.java:112)
	at org.springframework.boot.SpringApplicationRunListeners.ready(SpringApplicationRunListeners.java:80)
	at org.springframework.boot.SpringApplication.run(SpringApplication.java:349)
	at org.springframework.boot.SpringApplication.run(SpringApplication.java:1363)
	at org.springframework.boot.SpringApplication.run(SpringApplication.java:1352)
	at com.example.physiokalendar.PhysiokalendarApplication.main(PhysiokalendarApplication.java:12)
	at java.base/jdk.internal.reflect.NativeMethodAccessorImpl.invoke0(Native Method)
	at java.base/jdk.internal.reflect.NativeMethodAccessorImpl.invoke(NativeMethodAccessorImpl.java:77)
	at java.base/jdk.internal.reflect.DelegatingMethodAccessorImpl.invoke(DelegatingMethodAccessorImpl.java:43)
	at java.base/java.lang.reflect.Method.invoke(Method.java:568)
	at org.springframework.boot.devtools.restart.RestartLauncher.run(RestartLauncher.java:50)
2026-02-18 02:57:11.508 [restartedMain] ERROR c.e.p.s.AppointmentSeriesGeneratorJob - Error generating appointments for series 4507: failed to lazily initialize a collection of role: com.example.physiokalendar.entity.AppointmentSeries.cancellations: could not initialize proxy - no Session
org.hibernate.LazyInitializationException: failed to lazily initialize a collection of role: com.example.physiokalendar.entity.AppointmentSeries.cancellations: could not initialize proxy - no Session
	at org.hibernate.collection.spi.AbstractPersistentCollection.throwLazyInitializationException(AbstractPersistentCollection.java:636)
	at org.hibernate.collection.spi.AbstractPersistentCollection.withTemporarySessionIfNeeded(AbstractPersistentCollection.java:219)
	at org.hibernate.collection.spi.AbstractPersistentCollection.initialize(AbstractPersistentCollection.java:615)
	at org.hibernate.collection.spi.AbstractPersistentCollection.read(AbstractPersistentCollection.java:138)
	at org.hibernate.collection.spi.PersistentBag.iterator(PersistentBag.java:369)
	at java.base/java.util.Spliterators$IteratorSpliterator.estimateSize(Spliterators.java:1865)
	at java.base/java.util.Spliterator.getExactSizeIfKnown(Spliterator.java:414)
	at java.base/java.util.stream.AbstractPipeline.copyInto(AbstractPipeline.java:508)
	at java.base/java.util.stream.AbstractPipeline.wrapAndCopyInto(AbstractPipeline.java:499)
	at java.base/java.util.stream.ReduceOps$ReduceOp.evaluateSequential(ReduceOps.java:921)
	at java.base/java.util.stream.AbstractPipeline.evaluate(AbstractPipeline.java:234)
	at java.base/java.util.stream.ReferencePipeline.collect(ReferencePipeline.java:682)
	at com.example.physiokalendar.service.AppointmentSeriesGeneratorJob.generateAppointmentsForSeries(AppointmentSeriesGeneratorJob.java:151)
	at com.example.physiokalendar.service.AppointmentSeriesGeneratorJob.generateMissingAppointments(AppointmentSeriesGeneratorJob.java:107)
	at com.example.physiokalendar.service.AppointmentSeriesGeneratorJob.onApplicationReady(AppointmentSeriesGeneratorJob.java:57)
	at java.base/jdk.internal.reflect.NativeMethodAccessorImpl.invoke0(Native Method)
	at java.base/jdk.internal.reflect.NativeMethodAccessorImpl.invoke(NativeMethodAccessorImpl.java:77)
	at java.base/jdk.internal.reflect.DelegatingMethodAccessorImpl.invoke(DelegatingMethodAccessorImpl.java:43)
	at java.base/java.lang.reflect.Method.invoke(Method.java:568)
	at org.springframework.context.event.ApplicationListenerMethodAdapter.doInvoke(ApplicationListenerMethodAdapter.java:365)
	at org.springframework.context.event.ApplicationListenerMethodAdapter.processEvent(ApplicationListenerMethodAdapter.java:237)
	at org.springframework.context.event.ApplicationListenerMethodAdapter.onApplicationEvent(ApplicationListenerMethodAdapter.java:168)
	at org.springframework.context.event.SimpleApplicationEventMulticaster.doInvokeListener(SimpleApplicationEventMulticaster.java:185)
	at org.springframework.context.event.SimpleApplicationEventMulticaster.invokeListener(SimpleApplicationEventMulticaster.java:178)
	at org.springframework.context.event.SimpleApplicationEventMulticaster.multicastEvent(SimpleApplicationEventMulticaster.java:156)
	at org.springframework.context.support.AbstractApplicationContext.publishEvent(AbstractApplicationContext.java:452)
	at org.springframework.context.support.AbstractApplicationContext.publishEvent(AbstractApplicationContext.java:385)
	at org.springframework.boot.context.event.EventPublishingRunListener.ready(EventPublishingRunListener.java:109)
	at org.springframework.boot.SpringApplicationRunListeners.lambda$ready$6(SpringApplicationRunListeners.java:80)
	at java.base/java.lang.Iterable.forEach(Iterable.java:75)
	at org.springframework.boot.SpringApplicationRunListeners.doWithListeners(SpringApplicationRunListeners.java:118)
	at org.springframework.boot.SpringApplicationRunListeners.doWithListeners(SpringApplicationRunListeners.java:112)
	at org.springframework.boot.SpringApplicationRunListeners.ready(SpringApplicationRunListeners.java:80)
	at org.springframework.boot.SpringApplication.run(SpringApplication.java:349)
	at org.springframework.boot.SpringApplication.run(SpringApplication.java:1363)
	at org.springframework.boot.SpringApplication.run(SpringApplication.java:1352)
	at com.example.physiokalendar.PhysiokalendarApplication.main(PhysiokalendarApplication.java:12)
	at java.base/jdk.internal.reflect.NativeMethodAccessorImpl.invoke0(Native Method)
	at java.base/jdk.internal.reflect.NativeMethodAccessorImpl.invoke(NativeMethodAccessorImpl.java:77)
	at java.base/jdk.internal.reflect.DelegatingMethodAccessorImpl.invoke(DelegatingMethodAccessorImpl.java:43)
	at java.base/java.lang.reflect.Method.invoke(Method.java:568)
	at org.springframework.boot.devtools.restart.RestartLauncher.run(RestartLauncher.java:50)
2026-02-18 02:57:11.512 [restartedMain] ERROR c.e.p.s.AppointmentSeriesGeneratorJob - Error generating appointments for series 4508: failed to lazily initialize a collection of role: com.example.physiokalendar.entity.AppointmentSeries.cancellations: could not initialize proxy - no Session
org.hibernate.LazyInitializationException: failed to lazily initialize a collection of role: com.example.physiokalendar.entity.AppointmentSeries.cancellations: could not initialize proxy - no Session
	at org.hibernate.collection.spi.AbstractPersistentCollection.throwLazyInitializationException(AbstractPersistentCollection.java:636)
	at org.hibernate.collection.spi.AbstractPersistentCollection.withTemporarySessionIfNeeded(AbstractPersistentCollection.java:219)
	at org.hibernate.collection.spi.AbstractPersistentCollection.initialize(AbstractPersistentCollection.java:615)
	at org.hibernate.collection.spi.AbstractPersistentCollection.read(AbstractPersistentCollection.java:138)
	at org.hibernate.collection.spi.PersistentBag.iterator(PersistentBag.java:369)
	at java.base/java.util.Spliterators$IteratorSpliterator.estimateSize(Spliterators.java:1865)
	at java.base/java.util.Spliterator.getExactSizeIfKnown(Spliterator.java:414)
	at java.base/java.util.stream.AbstractPipeline.copyInto(AbstractPipeline.java:508)
	at java.base/java.util.stream.AbstractPipeline.wrapAndCopyInto(AbstractPipeline.java:499)
	at java.base/java.util.stream.ReduceOps$ReduceOp.evaluateSequential(ReduceOps.java:921)
	at java.base/java.util.stream.AbstractPipeline.evaluate(AbstractPipeline.java:234)
	at java.base/java.util.stream.ReferencePipeline.collect(ReferencePipeline.java:682)
	at com.example.physiokalendar.service.AppointmentSeriesGeneratorJob.generateAppointmentsForSeries(AppointmentSeriesGeneratorJob.java:151)
	at com.example.physiokalendar.service.AppointmentSeriesGeneratorJob.generateMissingAppointments(AppointmentSeriesGeneratorJob.java:107)
	at com.example.physiokalendar.service.AppointmentSeriesGeneratorJob.onApplicationReady(AppointmentSeriesGeneratorJob.java:57)
	at java.base/jdk.internal.reflect.NativeMethodAccessorImpl.invoke0(Native Method)
	at java.base/jdk.internal.reflect.NativeMethodAccessorImpl.invoke(NativeMethodAccessorImpl.java:77)
	at java.base/jdk.internal.reflect.DelegatingMethodAccessorImpl.invoke(DelegatingMethodAccessorImpl.java:43)
	at java.base/java.lang.reflect.Method.invoke(Method.java:568)
	at org.springframework.context.event.ApplicationListenerMethodAdapter.doInvoke(ApplicationListenerMethodAdapter.java:365)
	at org.springframework.context.event.ApplicationListenerMethodAdapter.processEvent(ApplicationListenerMethodAdapter.java:237)
	at org.springframework.context.event.ApplicationListenerMethodAdapter.onApplicationEvent(ApplicationListenerMethodAdapter.java:168)
	at org.springframework.context.event.SimpleApplicationEventMulticaster.doInvokeListener(SimpleApplicationEventMulticaster.java:185)
	at org.springframework.context.event.SimpleApplicationEventMulticaster.invokeListener(SimpleApplicationEventMulticaster.java:178)
	at org.springframework.context.event.SimpleApplicationEventMulticaster.multicastEvent(SimpleApplicationEventMulticaster.java:156)
	at org.springframework.context.support.AbstractApplicationContext.publishEvent(AbstractApplicationContext.java:452)
	at org.springframework.context.support.AbstractApplicationContext.publishEvent(AbstractApplicationContext.java:385)
	at org.springframework.boot.context.event.EventPublishingRunListener.ready(EventPublishingRunListener.java:109)
	at org.springframework.boot.SpringApplicationRunListeners.lambda$ready$6(SpringApplicationRunListeners.java:80)
	at java.base/java.lang.Iterable.forEach(Iterable.java:75)
	at org.springframework.boot.SpringApplicationRunListeners.doWithListeners(SpringApplicationRunListeners.java:118)
	at org.springframework.boot.SpringApplicationRunListeners.doWithListeners(SpringApplicationRunListeners.java:112)
	at org.springframework.boot.SpringApplicationRunListeners.ready(SpringApplicationRunListeners.java:80)
	at org.springframework.boot.SpringApplication.run(SpringApplication.java:349)
	at org.springframework.boot.SpringApplication.run(SpringApplication.java:1363)
	at org.springframework.boot.SpringApplication.run(SpringApplication.java:1352)
	at com.example.physiokalendar.PhysiokalendarApplication.main(PhysiokalendarApplication.java:12)
	at java.base/jdk.internal.reflect.NativeMethodAccessorImpl.invoke0(Native Method)
	at java.base/jdk.internal.reflect.NativeMethodAccessorImpl.invoke(NativeMethodAccessorImpl.java:77)
	at java.base/jdk.internal.reflect.DelegatingMethodAccessorImpl.invoke(DelegatingMethodAccessorImpl.java:43)
	at java.base/java.lang.reflect.Method.invoke(Method.java:568)
	at org.springframework.boot.devtools.restart.RestartLauncher.run(RestartLauncher.java:50)
2026-02-18 02:57:11.517 [restartedMain] ERROR c.e.p.s.AppointmentSeriesGeneratorJob - Error generating appointments for series 4509: failed to lazily initialize a collection of role: com.example.physiokalendar.entity.AppointmentSeries.cancellations: could not initialize proxy - no Session
org.hibernate.LazyInitializationException: failed to lazily initialize a collection of role: com.example.physiokalendar.entity.AppointmentSeries.cancellations: could not initialize proxy - no Session
	at org.hibernate.collection.spi.AbstractPersistentCollection.throwLazyInitializationException(AbstractPersistentCollection.java:636)
	at org.hibernate.collection.spi.AbstractPersistentCollection.withTemporarySessionIfNeeded(AbstractPersistentCollection.java:219)
	at org.hibernate.collection.spi.AbstractPersistentCollection.initialize(AbstractPersistentCollection.java:615)
	at org.hibernate.collection.spi.AbstractPersistentCollection.read(AbstractPersistentCollection.java:138)
	at org.hibernate.collection.spi.PersistentBag.iterator(PersistentBag.java:369)
	at java.base/java.util.Spliterators$IteratorSpliterator.estimateSize(Spliterators.java:1865)
	at java.base/java.util.Spliterator.getExactSizeIfKnown(Spliterator.java:414)
	at java.base/java.util.stream.AbstractPipeline.copyInto(AbstractPipeline.java:508)
	at java.base/java.util.stream.AbstractPipeline.wrapAndCopyInto(AbstractPipeline.java:499)
	at java.base/java.util.stream.ReduceOps$ReduceOp.evaluateSequential(ReduceOps.java:921)
	at java.base/java.util.stream.AbstractPipeline.evaluate(AbstractPipeline.java:234)
	at java.base/java.util.stream.ReferencePipeline.collect(ReferencePipeline.java:682)
	at com.example.physiokalendar.service.AppointmentSeriesGeneratorJob.generateAppointmentsForSeries(AppointmentSeriesGeneratorJob.java:151)
	at com.example.physiokalendar.service.AppointmentSeriesGeneratorJob.generateMissingAppointments(AppointmentSeriesGeneratorJob.java:107)
	at com.example.physiokalendar.service.AppointmentSeriesGeneratorJob.onApplicationReady(AppointmentSeriesGeneratorJob.java:57)
	at java.base/jdk.internal.reflect.NativeMethodAccessorImpl.invoke0(Native Method)
	at java.base/jdk.internal.reflect.NativeMethodAccessorImpl.invoke(NativeMethodAccessorImpl.java:77)
	at java.base/jdk.internal.reflect.DelegatingMethodAccessorImpl.invoke(DelegatingMethodAccessorImpl.java:43)
	at java.base/java.lang.reflect.Method.invoke(Method.java:568)
	at org.springframework.context.event.ApplicationListenerMethodAdapter.doInvoke(ApplicationListenerMethodAdapter.java:365)
	at org.springframework.context.event.ApplicationListenerMethodAdapter.processEvent(ApplicationListenerMethodAdapter.java:237)
	at org.springframework.context.event.ApplicationListenerMethodAdapter.onApplicationEvent(ApplicationListenerMethodAdapter.java:168)
	at org.springframework.context.event.SimpleApplicationEventMulticaster.doInvokeListener(SimpleApplicationEventMulticaster.java:185)
	at org.springframework.context.event.SimpleApplicationEventMulticaster.invokeListener(SimpleApplicationEventMulticaster.java:178)
	at org.springframework.context.event.SimpleApplicationEventMulticaster.multicastEvent(SimpleApplicationEventMulticaster.java:156)
	at org.springframework.context.support.AbstractApplicationContext.publishEvent(AbstractApplicationContext.java:452)
	at org.springframework.context.support.AbstractApplicationContext.publishEvent(AbstractApplicationContext.java:385)
	at org.springframework.boot.context.event.EventPublishingRunListener.ready(EventPublishingRunListener.java:109)
	at org.springframework.boot.SpringApplicationRunListeners.lambda$ready$6(SpringApplicationRunListeners.java:80)
	at java.base/java.lang.Iterable.forEach(Iterable.java:75)
	at org.springframework.boot.SpringApplicationRunListeners.doWithListeners(SpringApplicationRunListeners.java:118)
	at org.springframework.boot.SpringApplicationRunListeners.doWithListeners(SpringApplicationRunListeners.java:112)
	at org.springframework.boot.SpringApplicationRunListeners.ready(SpringApplicationRunListeners.java:80)
	at org.springframework.boot.SpringApplication.run(SpringApplication.java:349)
	at org.springframework.boot.SpringApplication.run(SpringApplication.java:1363)
	at org.springframework.boot.SpringApplication.run(SpringApplication.java:1352)
	at com.example.physiokalendar.PhysiokalendarApplication.main(PhysiokalendarApplication.java:12)
	at java.base/jdk.internal.reflect.NativeMethodAccessorImpl.invoke0(Native Method)
	at java.base/jdk.internal.reflect.NativeMethodAccessorImpl.invoke(NativeMethodAccessorImpl.java:77)
	at java.base/jdk.internal.reflect.DelegatingMethodAccessorImpl.invoke(DelegatingMethodAccessorImpl.java:43)
	at java.base/java.lang.reflect.Method.invoke(Method.java:568)
	at org.springframework.boot.devtools.restart.RestartLauncher.run(RestartLauncher.java:50)
2026-02-18 02:57:11.522 [restartedMain] ERROR c.e.p.s.AppointmentSeriesGeneratorJob - Error generating appointments for series 4510: failed to lazily initialize a collection of role: com.example.physiokalendar.entity.AppointmentSeries.cancellations: could not initialize proxy - no Session
org.hibernate.LazyInitializationException: failed to lazily initialize a collection of role: com.example.physiokalendar.entity.AppointmentSeries.cancellations: could not initialize proxy - no Session
	at org.hibernate.collection.spi.AbstractPersistentCollection.throwLazyInitializationException(AbstractPersistentCollection.java:636)
	at org.hibernate.collection.spi.AbstractPersistentCollection.withTemporarySessionIfNeeded(AbstractPersistentCollection.java:219)
	at org.hibernate.collection.spi.AbstractPersistentCollection.initialize(AbstractPersistentCollection.java:615)
	at org.hibernate.collection.spi.AbstractPersistentCollection.read(AbstractPersistentCollection.java:138)
	at org.hibernate.collection.spi.PersistentBag.iterator(PersistentBag.java:369)
	at java.base/java.util.Spliterators$IteratorSpliterator.estimateSize(Spliterators.java:1865)
	at java.base/java.util.Spliterator.getExactSizeIfKnown(Spliterator.java:414)
	at java.base/java.util.stream.AbstractPipeline.copyInto(AbstractPipeline.java:508)
	at java.base/java.util.stream.AbstractPipeline.wrapAndCopyInto(AbstractPipeline.java:499)
	at java.base/java.util.stream.ReduceOps$ReduceOp.evaluateSequential(ReduceOps.java:921)
	at java.base/java.util.stream.AbstractPipeline.evaluate(AbstractPipeline.java:234)
	at java.base/java.util.stream.ReferencePipeline.collect(ReferencePipeline.java:682)
	at com.example.physiokalendar.service.AppointmentSeriesGeneratorJob.generateAppointmentsForSeries(AppointmentSeriesGeneratorJob.java:151)
	at com.example.physiokalendar.service.AppointmentSeriesGeneratorJob.generateMissingAppointments(AppointmentSeriesGeneratorJob.java:107)
	at com.example.physiokalendar.service.AppointmentSeriesGeneratorJob.onApplicationReady(AppointmentSeriesGeneratorJob.java:57)
	at java.base/jdk.internal.reflect.NativeMethodAccessorImpl.invoke0(Native Method)
	at java.base/jdk.internal.reflect.NativeMethodAccessorImpl.invoke(NativeMethodAccessorImpl.java:77)
	at java.base/jdk.internal.reflect.DelegatingMethodAccessorImpl.invoke(DelegatingMethodAccessorImpl.java:43)
	at java.base/java.lang.reflect.Method.invoke(Method.java:568)
	at org.springframework.context.event.ApplicationListenerMethodAdapter.doInvoke(ApplicationListenerMethodAdapter.java:365)
	at org.springframework.context.event.ApplicationListenerMethodAdapter.processEvent(ApplicationListenerMethodAdapter.java:237)
	at org.springframework.context.event.ApplicationListenerMethodAdapter.onApplicationEvent(ApplicationListenerMethodAdapter.java:168)
	at org.springframework.context.event.SimpleApplicationEventMulticaster.doInvokeListener(SimpleApplicationEventMulticaster.java:185)
	at org.springframework.context.event.SimpleApplicationEventMulticaster.invokeListener(SimpleApplicationEventMulticaster.java:178)
	at org.springframework.context.event.SimpleApplicationEventMulticaster.multicastEvent(SimpleApplicationEventMulticaster.java:156)
	at org.springframework.context.support.AbstractApplicationContext.publishEvent(AbstractApplicationContext.java:452)
	at org.springframework.context.support.AbstractApplicationContext.publishEvent(AbstractApplicationContext.java:385)
	at org.springframework.boot.context.event.EventPublishingRunListener.ready(EventPublishingRunListener.java:109)
	at org.springframework.boot.SpringApplicationRunListeners.lambda$ready$6(SpringApplicationRunListeners.java:80)
	at java.base/java.lang.Iterable.forEach(Iterable.java:75)
	at org.springframework.boot.SpringApplicationRunListeners.doWithListeners(SpringApplicationRunListeners.java:118)
	at org.springframework.boot.SpringApplicationRunListeners.doWithListeners(SpringApplicationRunListeners.java:112)
	at org.springframework.boot.SpringApplicationRunListeners.ready(SpringApplicationRunListeners.java:80)
	at org.springframework.boot.SpringApplication.run(SpringApplication.java:349)
	at org.springframework.boot.SpringApplication.run(SpringApplication.java:1363)
	at org.springframework.boot.SpringApplication.run(SpringApplication.java:1352)
	at com.example.physiokalendar.PhysiokalendarApplication.main(PhysiokalendarApplication.java:12)
	at java.base/jdk.internal.reflect.NativeMethodAccessorImpl.invoke0(Native Method)
	at java.base/jdk.internal.reflect.NativeMethodAccessorImpl.invoke(NativeMethodAccessorImpl.java:77)
	at java.base/jdk.internal.reflect.DelegatingMethodAccessorImpl.invoke(DelegatingMethodAccessorImpl.java:43)
	at java.base/java.lang.reflect.Method.invoke(Method.java:568)
	at org.springframework.boot.devtools.restart.RestartLauncher.run(RestartLauncher.java:50)
2026-02-18 02:57:11.527 [restartedMain] ERROR c.e.p.s.AppointmentSeriesGeneratorJob - Error generating appointments for series 4511: failed to lazily initialize a collection of role: com.example.physiokalendar.entity.AppointmentSeries.cancellations: could not initialize proxy - no Session
org.hibernate.LazyInitializationException: failed to lazily initialize a collection of role: com.example.physiokalendar.entity.AppointmentSeries.cancellations: could not initialize proxy - no Session
	at org.hibernate.collection.spi.AbstractPersistentCollection.throwLazyInitializationException(AbstractPersistentCollection.java:636)
	at org.hibernate.collection.spi.AbstractPersistentCollection.withTemporarySessionIfNeeded(AbstractPersistentCollection.java:219)
	at org.hibernate.collection.spi.AbstractPersistentCollection.initialize(AbstractPersistentCollection.java:615)
	at org.hibernate.collection.spi.AbstractPersistentCollection.read(AbstractPersistentCollection.java:138)
	at org.hibernate.collection.spi.PersistentBag.iterator(PersistentBag.java:369)
	at java.base/java.util.Spliterators$IteratorSpliterator.estimateSize(Spliterators.java:1865)
	at java.base/java.util.Spliterator.getExactSizeIfKnown(Spliterator.java:414)
	at java.base/java.util.stream.AbstractPipeline.copyInto(AbstractPipeline.java:508)
	at java.base/java.util.stream.AbstractPipeline.wrapAndCopyInto(AbstractPipeline.java:499)
	at java.base/java.util.stream.ReduceOps$ReduceOp.evaluateSequential(ReduceOps.java:921)
	at java.base/java.util.stream.AbstractPipeline.evaluate(AbstractPipeline.java:234)
	at java.base/java.util.stream.ReferencePipeline.collect(ReferencePipeline.java:682)
	at com.example.physiokalendar.service.AppointmentSeriesGeneratorJob.generateAppointmentsForSeries(AppointmentSeriesGeneratorJob.java:151)
	at com.example.physiokalendar.service.AppointmentSeriesGeneratorJob.generateMissingAppointments(AppointmentSeriesGeneratorJob.java:107)
	at com.example.physiokalendar.service.AppointmentSeriesGeneratorJob.onApplicationReady(AppointmentSeriesGeneratorJob.java:57)
	at java.base/jdk.internal.reflect.NativeMethodAccessorImpl.invoke0(Native Method)
	at java.base/jdk.internal.reflect.NativeMethodAccessorImpl.invoke(NativeMethodAccessorImpl.java:77)
	at java.base/jdk.internal.reflect.DelegatingMethodAccessorImpl.invoke(DelegatingMethodAccessorImpl.java:43)
	at java.base/java.lang.reflect.Method.invoke(Method.java:568)
	at org.springframework.context.event.ApplicationListenerMethodAdapter.doInvoke(ApplicationListenerMethodAdapter.java:365)
	at org.springframework.context.event.ApplicationListenerMethodAdapter.processEvent(ApplicationListenerMethodAdapter.java:237)
	at org.springframework.context.event.ApplicationListenerMethodAdapter.onApplicationEvent(ApplicationListenerMethodAdapter.java:168)
	at org.springframework.context.event.SimpleApplicationEventMulticaster.doInvokeListener(SimpleApplicationEventMulticaster.java:185)
	at org.springframework.context.event.SimpleApplicationEventMulticaster.invokeListener(SimpleApplicationEventMulticaster.java:178)
	at org.springframework.context.event.SimpleApplicationEventMulticaster.multicastEvent(SimpleApplicationEventMulticaster.java:156)
	at org.springframework.context.support.AbstractApplicationContext.publishEvent(AbstractApplicationContext.java:452)
	at org.springframework.context.support.AbstractApplicationContext.publishEvent(AbstractApplicationContext.java:385)
	at org.springframework.boot.context.event.EventPublishingRunListener.ready(EventPublishingRunListener.java:109)
	at org.springframework.boot.SpringApplicationRunListeners.lambda$ready$6(SpringApplicationRunListeners.java:80)
	at java.base/java.lang.Iterable.forEach(Iterable.java:75)
	at org.springframework.boot.SpringApplicationRunListeners.doWithListeners(SpringApplicationRunListeners.java:118)
	at org.springframework.boot.SpringApplicationRunListeners.doWithListeners(SpringApplicationRunListeners.java:112)
	at org.springframework.boot.SpringApplicationRunListeners.ready(SpringApplicationRunListeners.java:80)
	at org.springframework.boot.SpringApplication.run(SpringApplication.java:349)
	at org.springframework.boot.SpringApplication.run(SpringApplication.java:1363)
	at org.springframework.boot.SpringApplication.run(SpringApplication.java:1352)
	at com.example.physiokalendar.PhysiokalendarApplication.main(PhysiokalendarApplication.java:12)
	at java.base/jdk.internal.reflect.NativeMethodAccessorImpl.invoke0(Native Method)
	at java.base/jdk.internal.reflect.NativeMethodAccessorImpl.invoke(NativeMethodAccessorImpl.java:77)
	at java.base/jdk.internal.reflect.DelegatingMethodAccessorImpl.invoke(DelegatingMethodAccessorImpl.java:43)
	at java.base/java.lang.reflect.Method.invoke(Method.java:568)
	at org.springframework.boot.devtools.restart.RestartLauncher.run(RestartLauncher.java:50)
2026-02-18 02:57:11.532 [restartedMain] ERROR c.e.p.s.AppointmentSeriesGeneratorJob - Error generating appointments for series 4512: failed to lazily initialize a collection of role: com.example.physiokalendar.entity.AppointmentSeries.cancellations: could not initialize proxy - no Session
org.hibernate.LazyInitializationException: failed to lazily initialize a collection of role: com.example.physiokalendar.entity.AppointmentSeries.cancellations: could not initialize proxy - no Session
	at org.hibernate.collection.spi.AbstractPersistentCollection.throwLazyInitializationException(AbstractPersistentCollection.java:636)
	at org.hibernate.collection.spi.AbstractPersistentCollection.withTemporarySessionIfNeeded(AbstractPersistentCollection.java:219)
	at org.hibernate.collection.spi.AbstractPersistentCollection.initialize(AbstractPersistentCollection.java:615)
	at org.hibernate.collection.spi.AbstractPersistentCollection.read(AbstractPersistentCollection.java:138)
	at org.hibernate.collection.spi.PersistentBag.iterator(PersistentBag.java:369)
	at java.base/java.util.Spliterators$IteratorSpliterator.estimateSize(Spliterators.java:1865)
	at java.base/java.util.Spliterator.getExactSizeIfKnown(Spliterator.java:414)
	at java.base/java.util.stream.AbstractPipeline.copyInto(AbstractPipeline.java:508)
	at java.base/java.util.stream.AbstractPipeline.wrapAndCopyInto(AbstractPipeline.java:499)
	at java.base/java.util.stream.ReduceOps$ReduceOp.evaluateSequential(ReduceOps.java:921)
	at java.base/java.util.stream.AbstractPipeline.evaluate(AbstractPipeline.java:234)
	at java.base/java.util.stream.ReferencePipeline.collect(ReferencePipeline.java:682)
	at com.example.physiokalendar.service.AppointmentSeriesGeneratorJob.generateAppointmentsForSeries(AppointmentSeriesGeneratorJob.java:151)
	at com.example.physiokalendar.service.AppointmentSeriesGeneratorJob.generateMissingAppointments(AppointmentSeriesGeneratorJob.java:107)
	at com.example.physiokalendar.service.AppointmentSeriesGeneratorJob.onApplicationReady(AppointmentSeriesGeneratorJob.java:57)
	at java.base/jdk.internal.reflect.NativeMethodAccessorImpl.invoke0(Native Method)
	at java.base/jdk.internal.reflect.NativeMethodAccessorImpl.invoke(NativeMethodAccessorImpl.java:77)
	at java.base/jdk.internal.reflect.DelegatingMethodAccessorImpl.invoke(DelegatingMethodAccessorImpl.java:43)
	at java.base/java.lang.reflect.Method.invoke(Method.java:568)
	at org.springframework.context.event.ApplicationListenerMethodAdapter.doInvoke(ApplicationListenerMethodAdapter.java:365)
	at org.springframework.context.event.ApplicationListenerMethodAdapter.processEvent(ApplicationListenerMethodAdapter.java:237)
	at org.springframework.context.event.ApplicationListenerMethodAdapter.onApplicationEvent(ApplicationListenerMethodAdapter.java:168)
	at org.springframework.context.event.SimpleApplicationEventMulticaster.doInvokeListener(SimpleApplicationEventMulticaster.java:185)
	at org.springframework.context.event.SimpleApplicationEventMulticaster.invokeListener(SimpleApplicationEventMulticaster.java:178)
	at org.springframework.context.event.SimpleApplicationEventMulticaster.multicastEvent(SimpleApplicationEventMulticaster.java:156)
	at org.springframework.context.support.AbstractApplicationContext.publishEvent(AbstractApplicationContext.java:452)
	at org.springframework.context.support.AbstractApplicationContext.publishEvent(AbstractApplicationContext.java:385)
	at org.springframework.boot.context.event.EventPublishingRunListener.ready(EventPublishingRunListener.java:109)
	at org.springframework.boot.SpringApplicationRunListeners.lambda$ready$6(SpringApplicationRunListeners.java:80)
	at java.base/java.lang.Iterable.forEach(Iterable.java:75)
	at org.springframework.boot.SpringApplicationRunListeners.doWithListeners(SpringApplicationRunListeners.java:118)
	at org.springframework.boot.SpringApplicationRunListeners.doWithListeners(SpringApplicationRunListeners.java:112)
	at org.springframework.boot.SpringApplicationRunListeners.ready(SpringApplicationRunListeners.java:80)
	at org.springframework.boot.SpringApplication.run(SpringApplication.java:349)
	at org.springframework.boot.SpringApplication.run(SpringApplication.java:1363)
	at org.springframework.boot.SpringApplication.run(SpringApplication.java:1352)
	at com.example.physiokalendar.PhysiokalendarApplication.main(PhysiokalendarApplication.java:12)
	at java.base/jdk.internal.reflect.NativeMethodAccessorImpl.invoke0(Native Method)
	at java.base/jdk.internal.reflect.NativeMethodAccessorImpl.invoke(NativeMethodAccessorImpl.java:77)
	at java.base/jdk.internal.reflect.DelegatingMethodAccessorImpl.invoke(DelegatingMethodAccessorImpl.java:43)
	at java.base/java.lang.reflect.Method.invoke(Method.java:568)
	at org.springframework.boot.devtools.restart.RestartLauncher.run(RestartLauncher.java:50)
2026-02-18 02:57:11.536 [restartedMain] ERROR c.e.p.s.AppointmentSeriesGeneratorJob - Error generating appointments for series 4513: failed to lazily initialize a collection of role: com.example.physiokalendar.entity.AppointmentSeries.cancellations: could not initialize proxy - no Session
org.hibernate.LazyInitializationException: failed to lazily initialize a collection of role: com.example.physiokalendar.entity.AppointmentSeries.cancellations: could not initialize proxy - no Session
	at org.hibernate.collection.spi.AbstractPersistentCollection.throwLazyInitializationException(AbstractPersistentCollection.java:636)
	at org.hibernate.collection.spi.AbstractPersistentCollection.withTemporarySessionIfNeeded(AbstractPersistentCollection.java:219)
	at org.hibernate.collection.spi.AbstractPersistentCollection.initialize(AbstractPersistentCollection.java:615)
	at org.hibernate.collection.spi.AbstractPersistentCollection.read(AbstractPersistentCollection.java:138)
	at org.hibernate.collection.spi.PersistentBag.iterator(PersistentBag.java:369)
	at java.base/java.util.Spliterators$IteratorSpliterator.estimateSize(Spliterators.java:1865)
	at java.base/java.util.Spliterator.getExactSizeIfKnown(Spliterator.java:414)
	at java.base/java.util.stream.AbstractPipeline.copyInto(AbstractPipeline.java:508)
	at java.base/java.util.stream.AbstractPipeline.wrapAndCopyInto(AbstractPipeline.java:499)
	at java.base/java.util.stream.ReduceOps$ReduceOp.evaluateSequential(ReduceOps.java:921)
	at java.base/java.util.stream.AbstractPipeline.evaluate(AbstractPipeline.java:234)
	at java.base/java.util.stream.ReferencePipeline.collect(ReferencePipeline.java:682)
	at com.example.physiokalendar.service.AppointmentSeriesGeneratorJob.generateAppointmentsForSeries(AppointmentSeriesGeneratorJob.java:151)
	at com.example.physiokalendar.service.AppointmentSeriesGeneratorJob.generateMissingAppointments(AppointmentSeriesGeneratorJob.java:107)
	at com.example.physiokalendar.service.AppointmentSeriesGeneratorJob.onApplicationReady(AppointmentSeriesGeneratorJob.java:57)
	at java.base/jdk.internal.reflect.NativeMethodAccessorImpl.invoke0(Native Method)
	at java.base/jdk.internal.reflect.NativeMethodAccessorImpl.invoke(NativeMethodAccessorImpl.java:77)
	at java.base/jdk.internal.reflect.DelegatingMethodAccessorImpl.invoke(DelegatingMethodAccessorImpl.java:43)
	at java.base/java.lang.reflect.Method.invoke(Method.java:568)
	at org.springframework.context.event.ApplicationListenerMethodAdapter.doInvoke(ApplicationListenerMethodAdapter.java:365)
	at org.springframework.context.event.ApplicationListenerMethodAdapter.processEvent(ApplicationListenerMethodAdapter.java:237)
	at org.springframework.context.event.ApplicationListenerMethodAdapter.onApplicationEvent(ApplicationListenerMethodAdapter.java:168)
	at org.springframework.context.event.SimpleApplicationEventMulticaster.doInvokeListener(SimpleApplicationEventMulticaster.java:185)
	at org.springframework.context.event.SimpleApplicationEventMulticaster.invokeListener(SimpleApplicationEventMulticaster.java:178)
	at org.springframework.context.event.SimpleApplicationEventMulticaster.multicastEvent(SimpleApplicationEventMulticaster.java:156)
	at org.springframework.context.support.AbstractApplicationContext.publishEvent(AbstractApplicationContext.java:452)
	at org.springframework.context.support.AbstractApplicationContext.publishEvent(AbstractApplicationContext.java:385)
	at org.springframework.boot.context.event.EventPublishingRunListener.ready(EventPublishingRunListener.java:109)
	at org.springframework.boot.SpringApplicationRunListeners.lambda$ready$6(SpringApplicationRunListeners.java:80)
	at java.base/java.lang.Iterable.forEach(Iterable.java:75)
	at org.springframework.boot.SpringApplicationRunListeners.doWithListeners(SpringApplicationRunListeners.java:118)
	at org.springframework.boot.SpringApplicationRunListeners.doWithListeners(SpringApplicationRunListeners.java:112)
	at org.springframework.boot.SpringApplicationRunListeners.ready(SpringApplicationRunListeners.java:80)
	at org.springframework.boot.SpringApplication.run(SpringApplication.java:349)
	at org.springframework.boot.SpringApplication.run(SpringApplication.java:1363)
	at org.springframework.boot.SpringApplication.run(SpringApplication.java:1352)
	at com.example.physiokalendar.PhysiokalendarApplication.main(PhysiokalendarApplication.java:12)
	at java.base/jdk.internal.reflect.NativeMethodAccessorImpl.invoke0(Native Method)
	at java.base/jdk.internal.reflect.NativeMethodAccessorImpl.invoke(NativeMethodAccessorImpl.java:77)
	at java.base/jdk.internal.reflect.DelegatingMethodAccessorImpl.invoke(DelegatingMethodAccessorImpl.java:43)
	at java.base/java.lang.reflect.Method.invoke(Method.java:568)
	at org.springframework.boot.devtools.restart.RestartLauncher.run(RestartLauncher.java:50)
2026-02-18 02:57:11.542 [restartedMain] ERROR c.e.p.s.AppointmentSeriesGeneratorJob - Error generating appointments for series 4514: failed to lazily initialize a collection of role: com.example.physiokalendar.entity.AppointmentSeries.cancellations: could not initialize proxy - no Session
org.hibernate.LazyInitializationException: failed to lazily initialize a collection of role: com.example.physiokalendar.entity.AppointmentSeries.cancellations: could not initialize proxy - no Session
	at org.hibernate.collection.spi.AbstractPersistentCollection.throwLazyInitializationException(AbstractPersistentCollection.java:636)
	at org.hibernate.collection.spi.AbstractPersistentCollection.withTemporarySessionIfNeeded(AbstractPersistentCollection.java:219)
	at org.hibernate.collection.spi.AbstractPersistentCollection.initialize(AbstractPersistentCollection.java:615)
	at org.hibernate.collection.spi.AbstractPersistentCollection.read(AbstractPersistentCollection.java:138)
	at org.hibernate.collection.spi.PersistentBag.iterator(PersistentBag.java:369)
	at java.base/java.util.Spliterators$IteratorSpliterator.estimateSize(Spliterators.java:1865)
	at java.base/java.util.Spliterator.getExactSizeIfKnown(Spliterator.java:414)
	at java.base/java.util.stream.AbstractPipeline.copyInto(AbstractPipeline.java:508)
	at java.base/java.util.stream.AbstractPipeline.wrapAndCopyInto(AbstractPipeline.java:499)
	at java.base/java.util.stream.ReduceOps$ReduceOp.evaluateSequential(ReduceOps.java:921)
	at java.base/java.util.stream.AbstractPipeline.evaluate(AbstractPipeline.java:234)
	at java.base/java.util.stream.ReferencePipeline.collect(ReferencePipeline.java:682)
	at com.example.physiokalendar.service.AppointmentSeriesGeneratorJob.generateAppointmentsForSeries(AppointmentSeriesGeneratorJob.java:151)
	at com.example.physiokalendar.service.AppointmentSeriesGeneratorJob.generateMissingAppointments(AppointmentSeriesGeneratorJob.java:107)
	at com.example.physiokalendar.service.AppointmentSeriesGeneratorJob.onApplicationReady(AppointmentSeriesGeneratorJob.java:57)
	at java.base/jdk.internal.reflect.NativeMethodAccessorImpl.invoke0(Native Method)
	at java.base/jdk.internal.reflect.NativeMethodAccessorImpl.invoke(NativeMethodAccessorImpl.java:77)
	at java.base/jdk.internal.reflect.DelegatingMethodAccessorImpl.invoke(DelegatingMethodAccessorImpl.java:43)
	at java.base/java.lang.reflect.Method.invoke(Method.java:568)
	at org.springframework.context.event.ApplicationListenerMethodAdapter.doInvoke(ApplicationListenerMethodAdapter.java:365)
	at org.springframework.context.event.ApplicationListenerMethodAdapter.processEvent(ApplicationListenerMethodAdapter.java:237)
	at org.springframework.context.event.ApplicationListenerMethodAdapter.onApplicationEvent(ApplicationListenerMethodAdapter.java:168)
	at org.springframework.context.event.SimpleApplicationEventMulticaster.doInvokeListener(SimpleApplicationEventMulticaster.java:185)
	at org.springframework.context.event.SimpleApplicationEventMulticaster.invokeListener(SimpleApplicationEventMulticaster.java:178)
	at org.springframework.context.event.SimpleApplicationEventMulticaster.multicastEvent(SimpleApplicationEventMulticaster.java:156)
	at org.springframework.context.support.AbstractApplicationContext.publishEvent(AbstractApplicationContext.java:452)
	at org.springframework.context.support.AbstractApplicationContext.publishEvent(AbstractApplicationContext.java:385)
	at org.springframework.boot.context.event.EventPublishingRunListener.ready(EventPublishingRunListener.java:109)
	at org.springframework.boot.SpringApplicationRunListeners.lambda$ready$6(SpringApplicationRunListeners.java:80)
	at java.base/java.lang.Iterable.forEach(Iterable.java:75)
	at org.springframework.boot.SpringApplicationRunListeners.doWithListeners(SpringApplicationRunListeners.java:118)
	at org.springframework.boot.SpringApplicationRunListeners.doWithListeners(SpringApplicationRunListeners.java:112)
	at org.springframework.boot.SpringApplicationRunListeners.ready(SpringApplicationRunListeners.java:80)
	at org.springframework.boot.SpringApplication.run(SpringApplication.java:349)
	at org.springframework.boot.SpringApplication.run(SpringApplication.java:1363)
	at org.springframework.boot.SpringApplication.run(SpringApplication.java:1352)
	at com.example.physiokalendar.PhysiokalendarApplication.main(PhysiokalendarApplication.java:12)
	at java.base/jdk.internal.reflect.NativeMethodAccessorImpl.invoke0(Native Method)
	at java.base/jdk.internal.reflect.NativeMethodAccessorImpl.invoke(NativeMethodAccessorImpl.java:77)
	at java.base/jdk.internal.reflect.DelegatingMethodAccessorImpl.invoke(DelegatingMethodAccessorImpl.java:43)
	at java.base/java.lang.reflect.Method.invoke(Method.java:568)
	at org.springframework.boot.devtools.restart.RestartLauncher.run(RestartLauncher.java:50)
2026-02-18 02:57:11.547 [restartedMain] ERROR c.e.p.s.AppointmentSeriesGeneratorJob - Error generating appointments for series 4515: failed to lazily initialize a collection of role: com.example.physiokalendar.entity.AppointmentSeries.cancellations: could not initialize proxy - no Session
org.hibernate.LazyInitializationException: failed to lazily initialize a collection of role: com.example.physiokalendar.entity.AppointmentSeries.cancellations: could not initialize proxy - no Session
	at org.hibernate.collection.spi.AbstractPersistentCollection.throwLazyInitializationException(AbstractPersistentCollection.java:636)
	at org.hibernate.collection.spi.AbstractPersistentCollection.withTemporarySessionIfNeeded(AbstractPersistentCollection.java:219)
	at org.hibernate.collection.spi.AbstractPersistentCollection.initialize(AbstractPersistentCollection.java:615)
	at org.hibernate.collection.spi.AbstractPersistentCollection.read(AbstractPersistentCollection.java:138)
	at org.hibernate.collection.spi.PersistentBag.iterator(PersistentBag.java:369)
	at java.base/java.util.Spliterators$IteratorSpliterator.estimateSize(Spliterators.java:1865)
	at java.base/java.util.Spliterator.getExactSizeIfKnown(Spliterator.java:414)
	at java.base/java.util.stream.AbstractPipeline.copyInto(AbstractPipeline.java:508)
	at java.base/java.util.stream.AbstractPipeline.wrapAndCopyInto(AbstractPipeline.java:499)
	at java.base/java.util.stream.ReduceOps$ReduceOp.evaluateSequential(ReduceOps.java:921)
	at java.base/java.util.stream.AbstractPipeline.evaluate(AbstractPipeline.java:234)
	at java.base/java.util.stream.ReferencePipeline.collect(ReferencePipeline.java:682)
	at com.example.physiokalendar.service.AppointmentSeriesGeneratorJob.generateAppointmentsForSeries(AppointmentSeriesGeneratorJob.java:151)
	at com.example.physiokalendar.service.AppointmentSeriesGeneratorJob.generateMissingAppointments(AppointmentSeriesGeneratorJob.java:107)
	at com.example.physiokalendar.service.AppointmentSeriesGeneratorJob.onApplicationReady(AppointmentSeriesGeneratorJob.java:57)
	at java.base/jdk.internal.reflect.NativeMethodAccessorImpl.invoke0(Native Method)
	at java.base/jdk.internal.reflect.NativeMethodAccessorImpl.invoke(NativeMethodAccessorImpl.java:77)
	at java.base/jdk.internal.reflect.DelegatingMethodAccessorImpl.invoke(DelegatingMethodAccessorImpl.java:43)
	at java.base/java.lang.reflect.Method.invoke(Method.java:568)
	at org.springframework.context.event.ApplicationListenerMethodAdapter.doInvoke(ApplicationListenerMethodAdapter.java:365)
	at org.springframework.context.event.ApplicationListenerMethodAdapter.processEvent(ApplicationListenerMethodAdapter.java:237)
	at org.springframework.context.event.ApplicationListenerMethodAdapter.onApplicationEvent(ApplicationListenerMethodAdapter.java:168)
	at org.springframework.context.event.SimpleApplicationEventMulticaster.doInvokeListener(SimpleApplicationEventMulticaster.java:185)
	at org.springframework.context.event.SimpleApplicationEventMulticaster.invokeListener(SimpleApplicationEventMulticaster.java:178)
	at org.springframework.context.event.SimpleApplicationEventMulticaster.multicastEvent(SimpleApplicationEventMulticaster.java:156)
	at org.springframework.context.support.AbstractApplicationContext.publishEvent(AbstractApplicationContext.java:452)
	at org.springframework.context.support.AbstractApplicationContext.publishEvent(AbstractApplicationContext.java:385)
	at org.springframework.boot.context.event.EventPublishingRunListener.ready(EventPublishingRunListener.java:109)
	at org.springframework.boot.SpringApplicationRunListeners.lambda$ready$6(SpringApplicationRunListeners.java:80)
	at java.base/java.lang.Iterable.forEach(Iterable.java:75)
	at org.springframework.boot.SpringApplicationRunListeners.doWithListeners(SpringApplicationRunListeners.java:118)
	at org.springframework.boot.SpringApplicationRunListeners.doWithListeners(SpringApplicationRunListeners.java:112)
	at org.springframework.boot.SpringApplicationRunListeners.ready(SpringApplicationRunListeners.java:80)
	at org.springframework.boot.SpringApplication.run(SpringApplication.java:349)
	at org.springframework.boot.SpringApplication.run(SpringApplication.java:1363)
	at org.springframework.boot.SpringApplication.run(SpringApplication.java:1352)
	at com.example.physiokalendar.PhysiokalendarApplication.main(PhysiokalendarApplication.java:12)
	at java.base/jdk.internal.reflect.NativeMethodAccessorImpl.invoke0(Native Method)
	at java.base/jdk.internal.reflect.NativeMethodAccessorImpl.invoke(NativeMethodAccessorImpl.java:77)
	at java.base/jdk.internal.reflect.DelegatingMethodAccessorImpl.invoke(DelegatingMethodAccessorImpl.java:43)
	at java.base/java.lang.reflect.Method.invoke(Method.java:568)
	at org.springframework.boot.devtools.restart.RestartLauncher.run(RestartLauncher.java:50)
2026-02-18 02:57:11.551 [restartedMain] ERROR c.e.p.s.AppointmentSeriesGeneratorJob - Error generating appointments for series 4516: failed to lazily initialize a collection of role: com.example.physiokalendar.entity.AppointmentSeries.cancellations: could not initialize proxy - no Session
org.hibernate.LazyInitializationException: failed to lazily initialize a collection of role: com.example.physiokalendar.entity.AppointmentSeries.cancellations: could not initialize proxy - no Session
	at org.hibernate.collection.spi.AbstractPersistentCollection.throwLazyInitializationException(AbstractPersistentCollection.java:636)
	at org.hibernate.collection.spi.AbstractPersistentCollection.withTemporarySessionIfNeeded(AbstractPersistentCollection.java:219)
	at org.hibernate.collection.spi.AbstractPersistentCollection.initialize(AbstractPersistentCollection.java:615)
	at org.hibernate.collection.spi.AbstractPersistentCollection.read(AbstractPersistentCollection.java:138)
	at org.hibernate.collection.spi.PersistentBag.iterator(PersistentBag.java:369)
	at java.base/java.util.Spliterators$IteratorSpliterator.estimateSize(Spliterators.java:1865)
	at java.base/java.util.Spliterator.getExactSizeIfKnown(Spliterator.java:414)
	at java.base/java.util.stream.AbstractPipeline.copyInto(AbstractPipeline.java:508)
	at java.base/java.util.stream.AbstractPipeline.wrapAndCopyInto(AbstractPipeline.java:499)
	at java.base/java.util.stream.ReduceOps$ReduceOp.evaluateSequential(ReduceOps.java:921)
	at java.base/java.util.stream.AbstractPipeline.evaluate(AbstractPipeline.java:234)
	at java.base/java.util.stream.ReferencePipeline.collect(ReferencePipeline.java:682)
	at com.example.physiokalendar.service.AppointmentSeriesGeneratorJob.generateAppointmentsForSeries(AppointmentSeriesGeneratorJob.java:151)
	at com.example.physiokalendar.service.AppointmentSeriesGeneratorJob.generateMissingAppointments(AppointmentSeriesGeneratorJob.java:107)
	at com.example.physiokalendar.service.AppointmentSeriesGeneratorJob.onApplicationReady(AppointmentSeriesGeneratorJob.java:57)
	at java.base/jdk.internal.reflect.NativeMethodAccessorImpl.invoke0(Native Method)
	at java.base/jdk.internal.reflect.NativeMethodAccessorImpl.invoke(NativeMethodAccessorImpl.java:77)
	at java.base/jdk.internal.reflect.DelegatingMethodAccessorImpl.invoke(DelegatingMethodAccessorImpl.java:43)
	at java.base/java.lang.reflect.Method.invoke(Method.java:568)
	at org.springframework.context.event.ApplicationListenerMethodAdapter.doInvoke(ApplicationListenerMethodAdapter.java:365)
	at org.springframework.context.event.ApplicationListenerMethodAdapter.processEvent(ApplicationListenerMethodAdapter.java:237)
	at org.springframework.context.event.ApplicationListenerMethodAdapter.onApplicationEvent(ApplicationListenerMethodAdapter.java:168)
	at org.springframework.context.event.SimpleApplicationEventMulticaster.doInvokeListener(SimpleApplicationEventMulticaster.java:185)
	at org.springframework.context.event.SimpleApplicationEventMulticaster.invokeListener(SimpleApplicationEventMulticaster.java:178)
	at org.springframework.context.event.SimpleApplicationEventMulticaster.multicastEvent(SimpleApplicationEventMulticaster.java:156)
	at org.springframework.context.support.AbstractApplicationContext.publishEvent(AbstractApplicationContext.java:452)
	at org.springframework.context.support.AbstractApplicationContext.publishEvent(AbstractApplicationContext.java:385)
	at org.springframework.boot.context.event.EventPublishingRunListener.ready(EventPublishingRunListener.java:109)
	at org.springframework.boot.SpringApplicationRunListeners.lambda$ready$6(SpringApplicationRunListeners.java:80)
	at java.base/java.lang.Iterable.forEach(Iterable.java:75)
	at org.springframework.boot.SpringApplicationRunListeners.doWithListeners(SpringApplicationRunListeners.java:118)
	at org.springframework.boot.SpringApplicationRunListeners.doWithListeners(SpringApplicationRunListeners.java:112)
	at org.springframework.boot.SpringApplicationRunListeners.ready(SpringApplicationRunListeners.java:80)
	at org.springframework.boot.SpringApplication.run(SpringApplication.java:349)
	at org.springframework.boot.SpringApplication.run(SpringApplication.java:1363)
	at org.springframework.boot.SpringApplication.run(SpringApplication.java:1352)
	at com.example.physiokalendar.PhysiokalendarApplication.main(PhysiokalendarApplication.java:12)
	at java.base/jdk.internal.reflect.NativeMethodAccessorImpl.invoke0(Native Method)
	at java.base/jdk.internal.reflect.NativeMethodAccessorImpl.invoke(NativeMethodAccessorImpl.java:77)
	at java.base/jdk.internal.reflect.DelegatingMethodAccessorImpl.invoke(DelegatingMethodAccessorImpl.java:43)
	at java.base/java.lang.reflect.Method.invoke(Method.java:568)
	at org.springframework.boot.devtools.restart.RestartLauncher.run(RestartLauncher.java:50)
2026-02-18 02:57:11.556 [restartedMain] ERROR c.e.p.s.AppointmentSeriesGeneratorJob - Error generating appointments for series 4517: failed to lazily initialize a collection of role: com.example.physiokalendar.entity.AppointmentSeries.cancellations: could not initialize proxy - no Session
org.hibernate.LazyInitializationException: failed to lazily initialize a collection of role: com.example.physiokalendar.entity.AppointmentSeries.cancellations: could not initialize proxy - no Session
	at org.hibernate.collection.spi.AbstractPersistentCollection.throwLazyInitializationException(AbstractPersistentCollection.java:636)
	at org.hibernate.collection.spi.AbstractPersistentCollection.withTemporarySessionIfNeeded(AbstractPersistentCollection.java:219)
	at org.hibernate.collection.spi.AbstractPersistentCollection.initialize(AbstractPersistentCollection.java:615)
	at org.hibernate.collection.spi.AbstractPersistentCollection.read(AbstractPersistentCollection.java:138)
	at org.hibernate.collection.spi.PersistentBag.iterator(PersistentBag.java:369)
	at java.base/java.util.Spliterators$IteratorSpliterator.estimateSize(Spliterators.java:1865)
	at java.base/java.util.Spliterator.getExactSizeIfKnown(Spliterator.java:414)
	at java.base/java.util.stream.AbstractPipeline.copyInto(AbstractPipeline.java:508)
	at java.base/java.util.stream.AbstractPipeline.wrapAndCopyInto(AbstractPipeline.java:499)
	at java.base/java.util.stream.ReduceOps$ReduceOp.evaluateSequential(ReduceOps.java:921)
	at java.base/java.util.stream.AbstractPipeline.evaluate(AbstractPipeline.java:234)
	at java.base/java.util.stream.ReferencePipeline.collect(ReferencePipeline.java:682)
	at com.example.physiokalendar.service.AppointmentSeriesGeneratorJob.generateAppointmentsForSeries(AppointmentSeriesGeneratorJob.java:151)
	at com.example.physiokalendar.service.AppointmentSeriesGeneratorJob.generateMissingAppointments(AppointmentSeriesGeneratorJob.java:107)
	at com.example.physiokalendar.service.AppointmentSeriesGeneratorJob.onApplicationReady(AppointmentSeriesGeneratorJob.java:57)
	at java.base/jdk.internal.reflect.NativeMethodAccessorImpl.invoke0(Native Method)
	at java.base/jdk.internal.reflect.NativeMethodAccessorImpl.invoke(NativeMethodAccessorImpl.java:77)
	at java.base/jdk.internal.reflect.DelegatingMethodAccessorImpl.invoke(DelegatingMethodAccessorImpl.java:43)
	at java.base/java.lang.reflect.Method.invoke(Method.java:568)
	at org.springframework.context.event.ApplicationListenerMethodAdapter.doInvoke(ApplicationListenerMethodAdapter.java:365)
	at org.springframework.context.event.ApplicationListenerMethodAdapter.processEvent(ApplicationListenerMethodAdapter.java:237)
	at org.springframework.context.event.ApplicationListenerMethodAdapter.onApplicationEvent(ApplicationListenerMethodAdapter.java:168)
	at org.springframework.context.event.SimpleApplicationEventMulticaster.doInvokeListener(SimpleApplicationEventMulticaster.java:185)
	at org.springframework.context.event.SimpleApplicationEventMulticaster.invokeListener(SimpleApplicationEventMulticaster.java:178)
	at org.springframework.context.event.SimpleApplicationEventMulticaster.multicastEvent(SimpleApplicationEventMulticaster.java:156)
	at org.springframework.context.support.AbstractApplicationContext.publishEvent(AbstractApplicationContext.java:452)
	at org.springframework.context.support.AbstractApplicationContext.publishEvent(AbstractApplicationContext.java:385)
	at org.springframework.boot.context.event.EventPublishingRunListener.ready(EventPublishingRunListener.java:109)
	at org.springframework.boot.SpringApplicationRunListeners.lambda$ready$6(SpringApplicationRunListeners.java:80)
	at java.base/java.lang.Iterable.forEach(Iterable.java:75)
	at org.springframework.boot.SpringApplicationRunListeners.doWithListeners(SpringApplicationRunListeners.java:118)
	at org.springframework.boot.SpringApplicationRunListeners.doWithListeners(SpringApplicationRunListeners.java:112)
	at org.springframework.boot.SpringApplicationRunListeners.ready(SpringApplicationRunListeners.java:80)
	at org.springframework.boot.SpringApplication.run(SpringApplication.java:349)
	at org.springframework.boot.SpringApplication.run(SpringApplication.java:1363)
	at org.springframework.boot.SpringApplication.run(SpringApplication.java:1352)
	at com.example.physiokalendar.PhysiokalendarApplication.main(PhysiokalendarApplication.java:12)
	at java.base/jdk.internal.reflect.NativeMethodAccessorImpl.invoke0(Native Method)
	at java.base/jdk.internal.reflect.NativeMethodAccessorImpl.invoke(NativeMethodAccessorImpl.java:77)
	at java.base/jdk.internal.reflect.DelegatingMethodAccessorImpl.invoke(DelegatingMethodAccessorImpl.java:43)
	at java.base/java.lang.reflect.Method.invoke(Method.java:568)
	at org.springframework.boot.devtools.restart.RestartLauncher.run(RestartLauncher.java:50)
2026-02-18 02:57:11.561 [restartedMain] ERROR c.e.p.s.AppointmentSeriesGeneratorJob - Error generating appointments for series 4518: failed to lazily initialize a collection of role: com.example.physiokalendar.entity.AppointmentSeries.cancellations: could not initialize proxy - no Session
org.hibernate.LazyInitializationException: failed to lazily initialize a collection of role: com.example.physiokalendar.entity.AppointmentSeries.cancellations: could not initialize proxy - no Session
	at org.hibernate.collection.spi.AbstractPersistentCollection.throwLazyInitializationException(AbstractPersistentCollection.java:636)
	at org.hibernate.collection.spi.AbstractPersistentCollection.withTemporarySessionIfNeeded(AbstractPersistentCollection.java:219)
	at org.hibernate.collection.spi.AbstractPersistentCollection.initialize(AbstractPersistentCollection.java:615)
	at org.hibernate.collection.spi.AbstractPersistentCollection.read(AbstractPersistentCollection.java:138)
	at org.hibernate.collection.spi.PersistentBag.iterator(PersistentBag.java:369)
	at java.base/java.util.Spliterators$IteratorSpliterator.estimateSize(Spliterators.java:1865)
	at java.base/java.util.Spliterator.getExactSizeIfKnown(Spliterator.java:414)
	at java.base/java.util.stream.AbstractPipeline.copyInto(AbstractPipeline.java:508)
	at java.base/java.util.stream.AbstractPipeline.wrapAndCopyInto(AbstractPipeline.java:499)
	at java.base/java.util.stream.ReduceOps$ReduceOp.evaluateSequential(ReduceOps.java:921)
	at java.base/java.util.stream.AbstractPipeline.evaluate(AbstractPipeline.java:234)
	at java.base/java.util.stream.ReferencePipeline.collect(ReferencePipeline.java:682)
	at com.example.physiokalendar.service.AppointmentSeriesGeneratorJob.generateAppointmentsForSeries(AppointmentSeriesGeneratorJob.java:151)
	at com.example.physiokalendar.service.AppointmentSeriesGeneratorJob.generateMissingAppointments(AppointmentSeriesGeneratorJob.java:107)
	at com.example.physiokalendar.service.AppointmentSeriesGeneratorJob.onApplicationReady(AppointmentSeriesGeneratorJob.java:57)
	at java.base/jdk.internal.reflect.NativeMethodAccessorImpl.invoke0(Native Method)
	at java.base/jdk.internal.reflect.NativeMethodAccessorImpl.invoke(NativeMethodAccessorImpl.java:77)
	at java.base/jdk.internal.reflect.DelegatingMethodAccessorImpl.invoke(DelegatingMethodAccessorImpl.java:43)
	at java.base/java.lang.reflect.Method.invoke(Method.java:568)
	at org.springframework.context.event.ApplicationListenerMethodAdapter.doInvoke(ApplicationListenerMethodAdapter.java:365)
	at org.springframework.context.event.ApplicationListenerMethodAdapter.processEvent(ApplicationListenerMethodAdapter.java:237)
	at org.springframework.context.event.ApplicationListenerMethodAdapter.onApplicationEvent(ApplicationListenerMethodAdapter.java:168)
	at org.springframework.context.event.SimpleApplicationEventMulticaster.doInvokeListener(SimpleApplicationEventMulticaster.java:185)
	at org.springframework.context.event.SimpleApplicationEventMulticaster.invokeListener(SimpleApplicationEventMulticaster.java:178)
	at org.springframework.context.event.SimpleApplicationEventMulticaster.multicastEvent(SimpleApplicationEventMulticaster.java:156)
	at org.springframework.context.support.AbstractApplicationContext.publishEvent(AbstractApplicationContext.java:452)
	at org.springframework.context.support.AbstractApplicationContext.publishEvent(AbstractApplicationContext.java:385)
	at org.springframework.boot.context.event.EventPublishingRunListener.ready(EventPublishingRunListener.java:109)
	at org.springframework.boot.SpringApplicationRunListeners.lambda$ready$6(SpringApplicationRunListeners.java:80)
	at java.base/java.lang.Iterable.forEach(Iterable.java:75)
	at org.springframework.boot.SpringApplicationRunListeners.doWithListeners(SpringApplicationRunListeners.java:118)
	at org.springframework.boot.SpringApplicationRunListeners.doWithListeners(SpringApplicationRunListeners.java:112)
	at org.springframework.boot.SpringApplicationRunListeners.ready(SpringApplicationRunListeners.java:80)
	at org.springframework.boot.SpringApplication.run(SpringApplication.java:349)
	at org.springframework.boot.SpringApplication.run(SpringApplication.java:1363)
	at org.springframework.boot.SpringApplication.run(SpringApplication.java:1352)
	at com.example.physiokalendar.PhysiokalendarApplication.main(PhysiokalendarApplication.java:12)
	at java.base/jdk.internal.reflect.NativeMethodAccessorImpl.invoke0(Native Method)
	at java.base/jdk.internal.reflect.NativeMethodAccessorImpl.invoke(NativeMethodAccessorImpl.java:77)
	at java.base/jdk.internal.reflect.DelegatingMethodAccessorImpl.invoke(DelegatingMethodAccessorImpl.java:43)
	at java.base/java.lang.reflect.Method.invoke(Method.java:568)
	at org.springframework.boot.devtools.restart.RestartLauncher.run(RestartLauncher.java:50)
2026-02-18 02:57:11.566 [restartedMain] ERROR c.e.p.s.AppointmentSeriesGeneratorJob - Error generating appointments for series 4519: failed to lazily initialize a collection of role: com.example.physiokalendar.entity.AppointmentSeries.cancellations: could not initialize proxy - no Session
org.hibernate.LazyInitializationException: failed to lazily initialize a collection of role: com.example.physiokalendar.entity.AppointmentSeries.cancellations: could not initialize proxy - no Session
	at org.hibernate.collection.spi.AbstractPersistentCollection.throwLazyInitializationException(AbstractPersistentCollection.java:636)
	at org.hibernate.collection.spi.AbstractPersistentCollection.withTemporarySessionIfNeeded(AbstractPersistentCollection.java:219)
	at org.hibernate.collection.spi.AbstractPersistentCollection.initialize(AbstractPersistentCollection.java:615)
	at org.hibernate.collection.spi.AbstractPersistentCollection.read(AbstractPersistentCollection.java:138)
	at org.hibernate.collection.spi.PersistentBag.iterator(PersistentBag.java:369)
	at java.base/java.util.Spliterators$IteratorSpliterator.estimateSize(Spliterators.java:1865)
	at java.base/java.util.Spliterator.getExactSizeIfKnown(Spliterator.java:414)
	at java.base/java.util.stream.AbstractPipeline.copyInto(AbstractPipeline.java:508)
	at java.base/java.util.stream.AbstractPipeline.wrapAndCopyInto(AbstractPipeline.java:499)
	at java.base/java.util.stream.ReduceOps$ReduceOp.evaluateSequential(ReduceOps.java:921)
	at java.base/java.util.stream.AbstractPipeline.evaluate(AbstractPipeline.java:234)
	at java.base/java.util.stream.ReferencePipeline.collect(ReferencePipeline.java:682)
	at com.example.physiokalendar.service.AppointmentSeriesGeneratorJob.generateAppointmentsForSeries(AppointmentSeriesGeneratorJob.java:151)
	at com.example.physiokalendar.service.AppointmentSeriesGeneratorJob.generateMissingAppointments(AppointmentSeriesGeneratorJob.java:107)
	at com.example.physiokalendar.service.AppointmentSeriesGeneratorJob.onApplicationReady(AppointmentSeriesGeneratorJob.java:57)
	at java.base/jdk.internal.reflect.NativeMethodAccessorImpl.invoke0(Native Method)
	at java.base/jdk.internal.reflect.NativeMethodAccessorImpl.invoke(NativeMethodAccessorImpl.java:77)
	at java.base/jdk.internal.reflect.DelegatingMethodAccessorImpl.invoke(DelegatingMethodAccessorImpl.java:43)
	at java.base/java.lang.reflect.Method.invoke(Method.java:568)
	at org.springframework.context.event.ApplicationListenerMethodAdapter.doInvoke(ApplicationListenerMethodAdapter.java:365)
	at org.springframework.context.event.ApplicationListenerMethodAdapter.processEvent(ApplicationListenerMethodAdapter.java:237)
	at org.springframework.context.event.ApplicationListenerMethodAdapter.onApplicationEvent(ApplicationListenerMethodAdapter.java:168)
	at org.springframework.context.event.SimpleApplicationEventMulticaster.doInvokeListener(SimpleApplicationEventMulticaster.java:185)
	at org.springframework.context.event.SimpleApplicationEventMulticaster.invokeListener(SimpleApplicationEventMulticaster.java:178)
	at org.springframework.context.event.SimpleApplicationEventMulticaster.multicastEvent(SimpleApplicationEventMulticaster.java:156)
	at org.springframework.context.support.AbstractApplicationContext.publishEvent(AbstractApplicationContext.java:452)
	at org.springframework.context.support.AbstractApplicationContext.publishEvent(AbstractApplicationContext.java:385)
	at org.springframework.boot.context.event.EventPublishingRunListener.ready(EventPublishingRunListener.java:109)
	at org.springframework.boot.SpringApplicationRunListeners.lambda$ready$6(SpringApplicationRunListeners.java:80)
	at java.base/java.lang.Iterable.forEach(Iterable.java:75)
	at org.springframework.boot.SpringApplicationRunListeners.doWithListeners(SpringApplicationRunListeners.java:118)
	at org.springframework.boot.SpringApplicationRunListeners.doWithListeners(SpringApplicationRunListeners.java:112)
	at org.springframework.boot.SpringApplicationRunListeners.ready(SpringApplicationRunListeners.java:80)
	at org.springframework.boot.SpringApplication.run(SpringApplication.java:349)
	at org.springframework.boot.SpringApplication.run(SpringApplication.java:1363)
	at org.springframework.boot.SpringApplication.run(SpringApplication.java:1352)
	at com.example.physiokalendar.PhysiokalendarApplication.main(PhysiokalendarApplication.java:12)
	at java.base/jdk.internal.reflect.NativeMethodAccessorImpl.invoke0(Native Method)
	at java.base/jdk.internal.reflect.NativeMethodAccessorImpl.invoke(NativeMethodAccessorImpl.java:77)
	at java.base/jdk.internal.reflect.DelegatingMethodAccessorImpl.invoke(DelegatingMethodAccessorImpl.java:43)
	at java.base/java.lang.reflect.Method.invoke(Method.java:568)
	at org.springframework.boot.devtools.restart.RestartLauncher.run(RestartLauncher.java:50)
2026-02-18 02:57:11.571 [restartedMain] ERROR c.e.p.s.AppointmentSeriesGeneratorJob - Error generating appointments for series 4520: failed to lazily initialize a collection of role: com.example.physiokalendar.entity.AppointmentSeries.cancellations: could not initialize proxy - no Session
org.hibernate.LazyInitializationException: failed to lazily initialize a collection of role: com.example.physiokalendar.entity.AppointmentSeries.cancellations: could not initialize proxy - no Session
	at org.hibernate.collection.spi.AbstractPersistentCollection.throwLazyInitializationException(AbstractPersistentCollection.java:636)
	at org.hibernate.collection.spi.AbstractPersistentCollection.withTemporarySessionIfNeeded(AbstractPersistentCollection.java:219)
	at org.hibernate.collection.spi.AbstractPersistentCollection.initialize(AbstractPersistentCollection.java:615)
	at org.hibernate.collection.spi.AbstractPersistentCollection.read(AbstractPersistentCollection.java:138)
	at org.hibernate.collection.spi.PersistentBag.iterator(PersistentBag.java:369)
	at java.base/java.util.Spliterators$IteratorSpliterator.estimateSize(Spliterators.java:1865)
	at java.base/java.util.Spliterator.getExactSizeIfKnown(Spliterator.java:414)
	at java.base/java.util.stream.AbstractPipeline.copyInto(AbstractPipeline.java:508)
	at java.base/java.util.stream.AbstractPipeline.wrapAndCopyInto(AbstractPipeline.java:499)
	at java.base/java.util.stream.ReduceOps$ReduceOp.evaluateSequential(ReduceOps.java:921)
	at java.base/java.util.stream.AbstractPipeline.evaluate(AbstractPipeline.java:234)
	at java.base/java.util.stream.ReferencePipeline.collect(ReferencePipeline.java:682)
	at com.example.physiokalendar.service.AppointmentSeriesGeneratorJob.generateAppointmentsForSeries(AppointmentSeriesGeneratorJob.java:151)
	at com.example.physiokalendar.service.AppointmentSeriesGeneratorJob.generateMissingAppointments(AppointmentSeriesGeneratorJob.java:107)
	at com.example.physiokalendar.service.AppointmentSeriesGeneratorJob.onApplicationReady(AppointmentSeriesGeneratorJob.java:57)
	at java.base/jdk.internal.reflect.NativeMethodAccessorImpl.invoke0(Native Method)
	at java.base/jdk.internal.reflect.NativeMethodAccessorImpl.invoke(NativeMethodAccessorImpl.java:77)
	at java.base/jdk.internal.reflect.DelegatingMethodAccessorImpl.invoke(DelegatingMethodAccessorImpl.java:43)
	at java.base/java.lang.reflect.Method.invoke(Method.java:568)
	at org.springframework.context.event.ApplicationListenerMethodAdapter.doInvoke(ApplicationListenerMethodAdapter.java:365)
	at org.springframework.context.event.ApplicationListenerMethodAdapter.processEvent(ApplicationListenerMethodAdapter.java:237)
	at org.springframework.context.event.ApplicationListenerMethodAdapter.onApplicationEvent(ApplicationListenerMethodAdapter.java:168)
	at org.springframework.context.event.SimpleApplicationEventMulticaster.doInvokeListener(SimpleApplicationEventMulticaster.java:185)
	at org.springframework.context.event.SimpleApplicationEventMulticaster.invokeListener(SimpleApplicationEventMulticaster.java:178)
	at org.springframework.context.event.SimpleApplicationEventMulticaster.multicastEvent(SimpleApplicationEventMulticaster.java:156)
	at org.springframework.context.support.AbstractApplicationContext.publishEvent(AbstractApplicationContext.java:452)
	at org.springframework.context.support.AbstractApplicationContext.publishEvent(AbstractApplicationContext.java:385)
	at org.springframework.boot.context.event.EventPublishingRunListener.ready(EventPublishingRunListener.java:109)
	at org.springframework.boot.SpringApplicationRunListeners.lambda$ready$6(SpringApplicationRunListeners.java:80)
	at java.base/java.lang.Iterable.forEach(Iterable.java:75)
	at org.springframework.boot.SpringApplicationRunListeners.doWithListeners(SpringApplicationRunListeners.java:118)
	at org.springframework.boot.SpringApplicationRunListeners.doWithListeners(SpringApplicationRunListeners.java:112)
	at org.springframework.boot.SpringApplicationRunListeners.ready(SpringApplicationRunListeners.java:80)
	at org.springframework.boot.SpringApplication.run(SpringApplication.java:349)
	at org.springframework.boot.SpringApplication.run(SpringApplication.java:1363)
	at org.springframework.boot.SpringApplication.run(SpringApplication.java:1352)
	at com.example.physiokalendar.PhysiokalendarApplication.main(PhysiokalendarApplication.java:12)
	at java.base/jdk.internal.reflect.NativeMethodAccessorImpl.invoke0(Native Method)
	at java.base/jdk.internal.reflect.NativeMethodAccessorImpl.invoke(NativeMethodAccessorImpl.java:77)
	at java.base/jdk.internal.reflect.DelegatingMethodAccessorImpl.invoke(DelegatingMethodAccessorImpl.java:43)
	at java.base/java.lang.reflect.Method.invoke(Method.java:568)
	at org.springframework.boot.devtools.restart.RestartLauncher.run(RestartLauncher.java:50)
2026-02-18 02:57:11.575 [restartedMain] ERROR c.e.p.s.AppointmentSeriesGeneratorJob - Error generating appointments for series 4521: failed to lazily initialize a collection of role: com.example.physiokalendar.entity.AppointmentSeries.cancellations: could not initialize proxy - no Session
org.hibernate.LazyInitializationException: failed to lazily initialize a collection of role: com.example.physiokalendar.entity.AppointmentSeries.cancellations: could not initialize proxy - no Session
	at org.hibernate.collection.spi.AbstractPersistentCollection.throwLazyInitializationException(AbstractPersistentCollection.java:636)
	at org.hibernate.collection.spi.AbstractPersistentCollection.withTemporarySessionIfNeeded(AbstractPersistentCollection.java:219)
	at org.hibernate.collection.spi.AbstractPersistentCollection.initialize(AbstractPersistentCollection.java:615)
	at org.hibernate.collection.spi.AbstractPersistentCollection.read(AbstractPersistentCollection.java:138)
	at org.hibernate.collection.spi.PersistentBag.iterator(PersistentBag.java:369)
	at java.base/java.util.Spliterators$IteratorSpliterator.estimateSize(Spliterators.java:1865)
	at java.base/java.util.Spliterator.getExactSizeIfKnown(Spliterator.java:414)
	at java.base/java.util.stream.AbstractPipeline.copyInto(AbstractPipeline.java:508)
	at java.base/java.util.stream.AbstractPipeline.wrapAndCopyInto(AbstractPipeline.java:499)
	at java.base/java.util.stream.ReduceOps$ReduceOp.evaluateSequential(ReduceOps.java:921)
	at java.base/java.util.stream.AbstractPipeline.evaluate(AbstractPipeline.java:234)
	at java.base/java.util.stream.ReferencePipeline.collect(ReferencePipeline.java:682)
	at com.example.physiokalendar.service.AppointmentSeriesGeneratorJob.generateAppointmentsForSeries(AppointmentSeriesGeneratorJob.java:151)
	at com.example.physiokalendar.service.AppointmentSeriesGeneratorJob.generateMissingAppointments(AppointmentSeriesGeneratorJob.java:107)
	at com.example.physiokalendar.service.AppointmentSeriesGeneratorJob.onApplicationReady(AppointmentSeriesGeneratorJob.java:57)
	at java.base/jdk.internal.reflect.NativeMethodAccessorImpl.invoke0(Native Method)
	at java.base/jdk.internal.reflect.NativeMethodAccessorImpl.invoke(NativeMethodAccessorImpl.java:77)
	at java.base/jdk.internal.reflect.DelegatingMethodAccessorImpl.invoke(DelegatingMethodAccessorImpl.java:43)
	at java.base/java.lang.reflect.Method.invoke(Method.java:568)
	at org.springframework.context.event.ApplicationListenerMethodAdapter.doInvoke(ApplicationListenerMethodAdapter.java:365)
	at org.springframework.context.event.ApplicationListenerMethodAdapter.processEvent(ApplicationListenerMethodAdapter.java:237)
	at org.springframework.context.event.ApplicationListenerMethodAdapter.onApplicationEvent(ApplicationListenerMethodAdapter.java:168)
	at org.springframework.context.event.SimpleApplicationEventMulticaster.doInvokeListener(SimpleApplicationEventMulticaster.java:185)
	at org.springframework.context.event.SimpleApplicationEventMulticaster.invokeListener(SimpleApplicationEventMulticaster.java:178)
	at org.springframework.context.event.SimpleApplicationEventMulticaster.multicastEvent(SimpleApplicationEventMulticaster.java:156)
	at org.springframework.context.support.AbstractApplicationContext.publishEvent(AbstractApplicationContext.java:452)
	at org.springframework.context.support.AbstractApplicationContext.publishEvent(AbstractApplicationContext.java:385)
	at org.springframework.boot.context.event.EventPublishingRunListener.ready(EventPublishingRunListener.java:109)
	at org.springframework.boot.SpringApplicationRunListeners.lambda$ready$6(SpringApplicationRunListeners.java:80)
	at java.base/java.lang.Iterable.forEach(Iterable.java:75)
	at org.springframework.boot.SpringApplicationRunListeners.doWithListeners(SpringApplicationRunListeners.java:118)
	at org.springframework.boot.SpringApplicationRunListeners.doWithListeners(SpringApplicationRunListeners.java:112)
	at org.springframework.boot.SpringApplicationRunListeners.ready(SpringApplicationRunListeners.java:80)
	at org.springframework.boot.SpringApplication.run(SpringApplication.java:349)
	at org.springframework.boot.SpringApplication.run(SpringApplication.java:1363)
	at org.springframework.boot.SpringApplication.run(SpringApplication.java:1352)
	at com.example.physiokalendar.PhysiokalendarApplication.main(PhysiokalendarApplication.java:12)
	at java.base/jdk.internal.reflect.NativeMethodAccessorImpl.invoke0(Native Method)
	at java.base/jdk.internal.reflect.NativeMethodAccessorImpl.invoke(NativeMethodAccessorImpl.java:77)
	at java.base/jdk.internal.reflect.DelegatingMethodAccessorImpl.invoke(DelegatingMethodAccessorImpl.java:43)
	at java.base/java.lang.reflect.Method.invoke(Method.java:568)
	at org.springframework.boot.devtools.restart.RestartLauncher.run(RestartLauncher.java:50)
2026-02-18 02:57:11.580 [restartedMain] ERROR c.e.p.s.AppointmentSeriesGeneratorJob - Error generating appointments for series 4522: failed to lazily initialize a collection of role: com.example.physiokalendar.entity.AppointmentSeries.cancellations: could not initialize proxy - no Session
org.hibernate.LazyInitializationException: failed to lazily initialize a collection of role: com.example.physiokalendar.entity.AppointmentSeries.cancellations: could not initialize proxy - no Session
	at org.hibernate.collection.spi.AbstractPersistentCollection.throwLazyInitializationException(AbstractPersistentCollection.java:636)
	at org.hibernate.collection.spi.AbstractPersistentCollection.withTemporarySessionIfNeeded(AbstractPersistentCollection.java:219)
	at org.hibernate.collection.spi.AbstractPersistentCollection.initialize(AbstractPersistentCollection.java:615)
	at org.hibernate.collection.spi.AbstractPersistentCollection.read(AbstractPersistentCollection.java:138)
	at org.hibernate.collection.spi.PersistentBag.iterator(PersistentBag.java:369)
	at java.base/java.util.Spliterators$IteratorSpliterator.estimateSize(Spliterators.java:1865)
	at java.base/java.util.Spliterator.getExactSizeIfKnown(Spliterator.java:414)
	at java.base/java.util.stream.AbstractPipeline.copyInto(AbstractPipeline.java:508)
	at java.base/java.util.stream.AbstractPipeline.wrapAndCopyInto(AbstractPipeline.java:499)
	at java.base/java.util.stream.ReduceOps$ReduceOp.evaluateSequential(ReduceOps.java:921)
	at java.base/java.util.stream.AbstractPipeline.evaluate(AbstractPipeline.java:234)
	at java.base/java.util.stream.ReferencePipeline.collect(ReferencePipeline.java:682)
	at com.example.physiokalendar.service.AppointmentSeriesGeneratorJob.generateAppointmentsForSeries(AppointmentSeriesGeneratorJob.java:151)
	at com.example.physiokalendar.service.AppointmentSeriesGeneratorJob.generateMissingAppointments(AppointmentSeriesGeneratorJob.java:107)
	at com.example.physiokalendar.service.AppointmentSeriesGeneratorJob.onApplicationReady(AppointmentSeriesGeneratorJob.java:57)
	at java.base/jdk.internal.reflect.NativeMethodAccessorImpl.invoke0(Native Method)
	at java.base/jdk.internal.reflect.NativeMethodAccessorImpl.invoke(NativeMethodAccessorImpl.java:77)
	at java.base/jdk.internal.reflect.DelegatingMethodAccessorImpl.invoke(DelegatingMethodAccessorImpl.java:43)
	at java.base/java.lang.reflect.Method.invoke(Method.java:568)
	at org.springframework.context.event.ApplicationListenerMethodAdapter.doInvoke(ApplicationListenerMethodAdapter.java:365)
	at org.springframework.context.event.ApplicationListenerMethodAdapter.processEvent(ApplicationListenerMethodAdapter.java:237)
	at org.springframework.context.event.ApplicationListenerMethodAdapter.onApplicationEvent(ApplicationListenerMethodAdapter.java:168)
	at org.springframework.context.event.SimpleApplicationEventMulticaster.doInvokeListener(SimpleApplicationEventMulticaster.java:185)
	at org.springframework.context.event.SimpleApplicationEventMulticaster.invokeListener(SimpleApplicationEventMulticaster.java:178)
	at org.springframework.context.event.SimpleApplicationEventMulticaster.multicastEvent(SimpleApplicationEventMulticaster.java:156)
	at org.springframework.context.support.AbstractApplicationContext.publishEvent(AbstractApplicationContext.java:452)
	at org.springframework.context.support.AbstractApplicationContext.publishEvent(AbstractApplicationContext.java:385)
	at org.springframework.boot.context.event.EventPublishingRunListener.ready(EventPublishingRunListener.java:109)
	at org.springframework.boot.SpringApplicationRunListeners.lambda$ready$6(SpringApplicationRunListeners.java:80)
	at java.base/java.lang.Iterable.forEach(Iterable.java:75)
	at org.springframework.boot.SpringApplicationRunListeners.doWithListeners(SpringApplicationRunListeners.java:118)
	at org.springframework.boot.SpringApplicationRunListeners.doWithListeners(SpringApplicationRunListeners.java:112)
	at org.springframework.boot.SpringApplicationRunListeners.ready(SpringApplicationRunListeners.java:80)
	at org.springframework.boot.SpringApplication.run(SpringApplication.java:349)
	at org.springframework.boot.SpringApplication.run(SpringApplication.java:1363)
	at org.springframework.boot.SpringApplication.run(SpringApplication.java:1352)
	at com.example.physiokalendar.PhysiokalendarApplication.main(PhysiokalendarApplication.java:12)
	at java.base/jdk.internal.reflect.NativeMethodAccessorImpl.invoke0(Native Method)
	at java.base/jdk.internal.reflect.NativeMethodAccessorImpl.invoke(NativeMethodAccessorImpl.java:77)
	at java.base/jdk.internal.reflect.DelegatingMethodAccessorImpl.invoke(DelegatingMethodAccessorImpl.java:43)
	at java.base/java.lang.reflect.Method.invoke(Method.java:568)
	at org.springframework.boot.devtools.restart.RestartLauncher.run(RestartLauncher.java:50)
2026-02-18 02:57:11.585 [restartedMain] ERROR c.e.p.s.AppointmentSeriesGeneratorJob - Error generating appointments for series 4523: failed to lazily initialize a collection of role: com.example.physiokalendar.entity.AppointmentSeries.cancellations: could not initialize proxy - no Session
org.hibernate.LazyInitializationException: failed to lazily initialize a collection of role: com.example.physiokalendar.entity.AppointmentSeries.cancellations: could not initialize proxy - no Session
	at org.hibernate.collection.spi.AbstractPersistentCollection.throwLazyInitializationException(AbstractPersistentCollection.java:636)
	at org.hibernate.collection.spi.AbstractPersistentCollection.withTemporarySessionIfNeeded(AbstractPersistentCollection.java:219)
	at org.hibernate.collection.spi.AbstractPersistentCollection.initialize(AbstractPersistentCollection.java:615)
	at org.hibernate.collection.spi.AbstractPersistentCollection.read(AbstractPersistentCollection.java:138)
	at org.hibernate.collection.spi.PersistentBag.iterator(PersistentBag.java:369)
	at java.base/java.util.Spliterators$IteratorSpliterator.estimateSize(Spliterators.java:1865)
	at java.base/java.util.Spliterator.getExactSizeIfKnown(Spliterator.java:414)
	at java.base/java.util.stream.AbstractPipeline.copyInto(AbstractPipeline.java:508)
	at java.base/java.util.stream.AbstractPipeline.wrapAndCopyInto(AbstractPipeline.java:499)
	at java.base/java.util.stream.ReduceOps$ReduceOp.evaluateSequential(ReduceOps.java:921)
	at java.base/java.util.stream.AbstractPipeline.evaluate(AbstractPipeline.java:234)
	at java.base/java.util.stream.ReferencePipeline.collect(ReferencePipeline.java:682)
	at com.example.physiokalendar.service.AppointmentSeriesGeneratorJob.generateAppointmentsForSeries(AppointmentSeriesGeneratorJob.java:151)
	at com.example.physiokalendar.service.AppointmentSeriesGeneratorJob.generateMissingAppointments(AppointmentSeriesGeneratorJob.java:107)
	at com.example.physiokalendar.service.AppointmentSeriesGeneratorJob.onApplicationReady(AppointmentSeriesGeneratorJob.java:57)
	at java.base/jdk.internal.reflect.NativeMethodAccessorImpl.invoke0(Native Method)
	at java.base/jdk.internal.reflect.NativeMethodAccessorImpl.invoke(NativeMethodAccessorImpl.java:77)
	at java.base/jdk.internal.reflect.DelegatingMethodAccessorImpl.invoke(DelegatingMethodAccessorImpl.java:43)
	at java.base/java.lang.reflect.Method.invoke(Method.java:568)
	at org.springframework.context.event.ApplicationListenerMethodAdapter.doInvoke(ApplicationListenerMethodAdapter.java:365)
	at org.springframework.context.event.ApplicationListenerMethodAdapter.processEvent(ApplicationListenerMethodAdapter.java:237)
	at org.springframework.context.event.ApplicationListenerMethodAdapter.onApplicationEvent(ApplicationListenerMethodAdapter.java:168)
	at org.springframework.context.event.SimpleApplicationEventMulticaster.doInvokeListener(SimpleApplicationEventMulticaster.java:185)
	at org.springframework.context.event.SimpleApplicationEventMulticaster.invokeListener(SimpleApplicationEventMulticaster.java:178)
	at org.springframework.context.event.SimpleApplicationEventMulticaster.multicastEvent(SimpleApplicationEventMulticaster.java:156)
	at org.springframework.context.support.AbstractApplicationContext.publishEvent(AbstractApplicationContext.java:452)
	at org.springframework.context.support.AbstractApplicationContext.publishEvent(AbstractApplicationContext.java:385)
	at org.springframework.boot.context.event.EventPublishingRunListener.ready(EventPublishingRunListener.java:109)
	at org.springframework.boot.SpringApplicationRunListeners.lambda$ready$6(SpringApplicationRunListeners.java:80)
	at java.base/java.lang.Iterable.forEach(Iterable.java:75)
	at org.springframework.boot.SpringApplicationRunListeners.doWithListeners(SpringApplicationRunListeners.java:118)
	at org.springframework.boot.SpringApplicationRunListeners.doWithListeners(SpringApplicationRunListeners.java:112)
	at org.springframework.boot.SpringApplicationRunListeners.ready(SpringApplicationRunListeners.java:80)
	at org.springframework.boot.SpringApplication.run(SpringApplication.java:349)
	at org.springframework.boot.SpringApplication.run(SpringApplication.java:1363)
	at org.springframework.boot.SpringApplication.run(SpringApplication.java:1352)
	at com.example.physiokalendar.PhysiokalendarApplication.main(PhysiokalendarApplication.java:12)
	at java.base/jdk.internal.reflect.NativeMethodAccessorImpl.invoke0(Native Method)
	at java.base/jdk.internal.reflect.NativeMethodAccessorImpl.invoke(NativeMethodAccessorImpl.java:77)
	at java.base/jdk.internal.reflect.DelegatingMethodAccessorImpl.invoke(DelegatingMethodAccessorImpl.java:43)
	at java.base/java.lang.reflect.Method.invoke(Method.java:568)
	at org.springframework.boot.devtools.restart.RestartLauncher.run(RestartLauncher.java:50)
2026-02-18 02:57:11.590 [restartedMain] ERROR c.e.p.s.AppointmentSeriesGeneratorJob - Error generating appointments for series 4524: failed to lazily initialize a collection of role: com.example.physiokalendar.entity.AppointmentSeries.cancellations: could not initialize proxy - no Session
org.hibernate.LazyInitializationException: failed to lazily initialize a collection of role: com.example.physiokalendar.entity.AppointmentSeries.cancellations: could not initialize proxy - no Session
	at org.hibernate.collection.spi.AbstractPersistentCollection.throwLazyInitializationException(AbstractPersistentCollection.java:636)
	at org.hibernate.collection.spi.AbstractPersistentCollection.withTemporarySessionIfNeeded(AbstractPersistentCollection.java:219)
	at org.hibernate.collection.spi.AbstractPersistentCollection.initialize(AbstractPersistentCollection.java:615)
	at org.hibernate.collection.spi.AbstractPersistentCollection.read(AbstractPersistentCollection.java:138)
	at org.hibernate.collection.spi.PersistentBag.iterator(PersistentBag.java:369)
	at java.base/java.util.Spliterators$IteratorSpliterator.estimateSize(Spliterators.java:1865)
	at java.base/java.util.Spliterator.getExactSizeIfKnown(Spliterator.java:414)
	at java.base/java.util.stream.AbstractPipeline.copyInto(AbstractPipeline.java:508)
	at java.base/java.util.stream.AbstractPipeline.wrapAndCopyInto(AbstractPipeline.java:499)
	at java.base/java.util.stream.ReduceOps$ReduceOp.evaluateSequential(ReduceOps.java:921)
	at java.base/java.util.stream.AbstractPipeline.evaluate(AbstractPipeline.java:234)
	at java.base/java.util.stream.ReferencePipeline.collect(ReferencePipeline.java:682)
	at com.example.physiokalendar.service.AppointmentSeriesGeneratorJob.generateAppointmentsForSeries(AppointmentSeriesGeneratorJob.java:151)
	at com.example.physiokalendar.service.AppointmentSeriesGeneratorJob.generateMissingAppointments(AppointmentSeriesGeneratorJob.java:107)
	at com.example.physiokalendar.service.AppointmentSeriesGeneratorJob.onApplicationReady(AppointmentSeriesGeneratorJob.java:57)
	at java.base/jdk.internal.reflect.NativeMethodAccessorImpl.invoke0(Native Method)
	at java.base/jdk.internal.reflect.NativeMethodAccessorImpl.invoke(NativeMethodAccessorImpl.java:77)
	at java.base/jdk.internal.reflect.DelegatingMethodAccessorImpl.invoke(DelegatingMethodAccessorImpl.java:43)
	at java.base/java.lang.reflect.Method.invoke(Method.java:568)
	at org.springframework.context.event.ApplicationListenerMethodAdapter.doInvoke(ApplicationListenerMethodAdapter.java:365)
	at org.springframework.context.event.ApplicationListenerMethodAdapter.processEvent(ApplicationListenerMethodAdapter.java:237)
	at org.springframework.context.event.ApplicationListenerMethodAdapter.onApplicationEvent(ApplicationListenerMethodAdapter.java:168)
	at org.springframework.context.event.SimpleApplicationEventMulticaster.doInvokeListener(SimpleApplicationEventMulticaster.java:185)
	at org.springframework.context.event.SimpleApplicationEventMulticaster.invokeListener(SimpleApplicationEventMulticaster.java:178)
	at org.springframework.context.event.SimpleApplicationEventMulticaster.multicastEvent(SimpleApplicationEventMulticaster.java:156)
	at org.springframework.context.support.AbstractApplicationContext.publishEvent(AbstractApplicationContext.java:452)
	at org.springframework.context.support.AbstractApplicationContext.publishEvent(AbstractApplicationContext.java:385)
	at org.springframework.boot.context.event.EventPublishingRunListener.ready(EventPublishingRunListener.java:109)
	at org.springframework.boot.SpringApplicationRunListeners.lambda$ready$6(SpringApplicationRunListeners.java:80)
	at java.base/java.lang.Iterable.forEach(Iterable.java:75)
	at org.springframework.boot.SpringApplicationRunListeners.doWithListeners(SpringApplicationRunListeners.java:118)
	at org.springframework.boot.SpringApplicationRunListeners.doWithListeners(SpringApplicationRunListeners.java:112)
	at org.springframework.boot.SpringApplicationRunListeners.ready(SpringApplicationRunListeners.java:80)
	at org.springframework.boot.SpringApplication.run(SpringApplication.java:349)
	at org.springframework.boot.SpringApplication.run(SpringApplication.java:1363)
	at org.springframework.boot.SpringApplication.run(SpringApplication.java:1352)
	at com.example.physiokalendar.PhysiokalendarApplication.main(PhysiokalendarApplication.java:12)
	at java.base/jdk.internal.reflect.NativeMethodAccessorImpl.invoke0(Native Method)
	at java.base/jdk.internal.reflect.NativeMethodAccessorImpl.invoke(NativeMethodAccessorImpl.java:77)
	at java.base/jdk.internal.reflect.DelegatingMethodAccessorImpl.invoke(DelegatingMethodAccessorImpl.java:43)
	at java.base/java.lang.reflect.Method.invoke(Method.java:568)
	at org.springframework.boot.devtools.restart.RestartLauncher.run(RestartLauncher.java:50)
2026-02-18 02:57:11.596 [restartedMain] ERROR c.e.p.s.AppointmentSeriesGeneratorJob - Error generating appointments for series 4525: failed to lazily initialize a collection of role: com.example.physiokalendar.entity.AppointmentSeries.cancellations: could not initialize proxy - no Session
org.hibernate.LazyInitializationException: failed to lazily initialize a collection of role: com.example.physiokalendar.entity.AppointmentSeries.cancellations: could not initialize proxy - no Session
	at org.hibernate.collection.spi.AbstractPersistentCollection.throwLazyInitializationException(AbstractPersistentCollection.java:636)
	at org.hibernate.collection.spi.AbstractPersistentCollection.withTemporarySessionIfNeeded(AbstractPersistentCollection.java:219)
	at org.hibernate.collection.spi.AbstractPersistentCollection.initialize(AbstractPersistentCollection.java:615)
	at org.hibernate.collection.spi.AbstractPersistentCollection.read(AbstractPersistentCollection.java:138)
	at org.hibernate.collection.spi.PersistentBag.iterator(PersistentBag.java:369)
	at java.base/java.util.Spliterators$IteratorSpliterator.estimateSize(Spliterators.java:1865)
	at java.base/java.util.Spliterator.getExactSizeIfKnown(Spliterator.java:414)
	at java.base/java.util.stream.AbstractPipeline.copyInto(AbstractPipeline.java:508)
	at java.base/java.util.stream.AbstractPipeline.wrapAndCopyInto(AbstractPipeline.java:499)
	at java.base/java.util.stream.ReduceOps$ReduceOp.evaluateSequential(ReduceOps.java:921)
	at java.base/java.util.stream.AbstractPipeline.evaluate(AbstractPipeline.java:234)
	at java.base/java.util.stream.ReferencePipeline.collect(ReferencePipeline.java:682)
	at com.example.physiokalendar.service.AppointmentSeriesGeneratorJob.generateAppointmentsForSeries(AppointmentSeriesGeneratorJob.java:151)
	at com.example.physiokalendar.service.AppointmentSeriesGeneratorJob.generateMissingAppointments(AppointmentSeriesGeneratorJob.java:107)
	at com.example.physiokalendar.service.AppointmentSeriesGeneratorJob.onApplicationReady(AppointmentSeriesGeneratorJob.java:57)
	at java.base/jdk.internal.reflect.NativeMethodAccessorImpl.invoke0(Native Method)
	at java.base/jdk.internal.reflect.NativeMethodAccessorImpl.invoke(NativeMethodAccessorImpl.java:77)
	at java.base/jdk.internal.reflect.DelegatingMethodAccessorImpl.invoke(DelegatingMethodAccessorImpl.java:43)
	at java.base/java.lang.reflect.Method.invoke(Method.java:568)
	at org.springframework.context.event.ApplicationListenerMethodAdapter.doInvoke(ApplicationListenerMethodAdapter.java:365)
	at org.springframework.context.event.ApplicationListenerMethodAdapter.processEvent(ApplicationListenerMethodAdapter.java:237)
	at org.springframework.context.event.ApplicationListenerMethodAdapter.onApplicationEvent(ApplicationListenerMethodAdapter.java:168)
	at org.springframework.context.event.SimpleApplicationEventMulticaster.doInvokeListener(SimpleApplicationEventMulticaster.java:185)
	at org.springframework.context.event.SimpleApplicationEventMulticaster.invokeListener(SimpleApplicationEventMulticaster.java:178)
	at org.springframework.context.event.SimpleApplicationEventMulticaster.multicastEvent(SimpleApplicationEventMulticaster.java:156)
	at org.springframework.context.support.AbstractApplicationContext.publishEvent(AbstractApplicationContext.java:452)
	at org.springframework.context.support.AbstractApplicationContext.publishEvent(AbstractApplicationContext.java:385)
	at org.springframework.boot.context.event.EventPublishingRunListener.ready(EventPublishingRunListener.java:109)
	at org.springframework.boot.SpringApplicationRunListeners.lambda$ready$6(SpringApplicationRunListeners.java:80)
	at java.base/java.lang.Iterable.forEach(Iterable.java:75)
	at org.springframework.boot.SpringApplicationRunListeners.doWithListeners(SpringApplicationRunListeners.java:118)
	at org.springframework.boot.SpringApplicationRunListeners.doWithListeners(SpringApplicationRunListeners.java:112)
	at org.springframework.boot.SpringApplicationRunListeners.ready(SpringApplicationRunListeners.java:80)
	at org.springframework.boot.SpringApplication.run(SpringApplication.java:349)
	at org.springframework.boot.SpringApplication.run(SpringApplication.java:1363)
	at org.springframework.boot.SpringApplication.run(SpringApplication.java:1352)
	at com.example.physiokalendar.PhysiokalendarApplication.main(PhysiokalendarApplication.java:12)
	at java.base/jdk.internal.reflect.NativeMethodAccessorImpl.invoke0(Native Method)
	at java.base/jdk.internal.reflect.NativeMethodAccessorImpl.invoke(NativeMethodAccessorImpl.java:77)
	at java.base/jdk.internal.reflect.DelegatingMethodAccessorImpl.invoke(DelegatingMethodAccessorImpl.java:43)
	at java.base/java.lang.reflect.Method.invoke(Method.java:568)
	at org.springframework.boot.devtools.restart.RestartLauncher.run(RestartLauncher.java:50)
2026-02-18 02:57:11.600 [restartedMain] ERROR c.e.p.s.AppointmentSeriesGeneratorJob - Error generating appointments for series 4526: failed to lazily initialize a collection of role: com.example.physiokalendar.entity.AppointmentSeries.cancellations: could not initialize proxy - no Session
org.hibernate.LazyInitializationException: failed to lazily initialize a collection of role: com.example.physiokalendar.entity.AppointmentSeries.cancellations: could not initialize proxy - no Session
	at org.hibernate.collection.spi.AbstractPersistentCollection.throwLazyInitializationException(AbstractPersistentCollection.java:636)
	at org.hibernate.collection.spi.AbstractPersistentCollection.withTemporarySessionIfNeeded(AbstractPersistentCollection.java:219)
	at org.hibernate.collection.spi.AbstractPersistentCollection.initialize(AbstractPersistentCollection.java:615)
	at org.hibernate.collection.spi.AbstractPersistentCollection.read(AbstractPersistentCollection.java:138)
	at org.hibernate.collection.spi.PersistentBag.iterator(PersistentBag.java:369)
	at java.base/java.util.Spliterators$IteratorSpliterator.estimateSize(Spliterators.java:1865)
	at java.base/java.util.Spliterator.getExactSizeIfKnown(Spliterator.java:414)
	at java.base/java.util.stream.AbstractPipeline.copyInto(AbstractPipeline.java:508)
	at java.base/java.util.stream.AbstractPipeline.wrapAndCopyInto(AbstractPipeline.java:499)
	at java.base/java.util.stream.ReduceOps$ReduceOp.evaluateSequential(ReduceOps.java:921)
	at java.base/java.util.stream.AbstractPipeline.evaluate(AbstractPipeline.java:234)
	at java.base/java.util.stream.ReferencePipeline.collect(ReferencePipeline.java:682)
	at com.example.physiokalendar.service.AppointmentSeriesGeneratorJob.generateAppointmentsForSeries(AppointmentSeriesGeneratorJob.java:151)
	at com.example.physiokalendar.service.AppointmentSeriesGeneratorJob.generateMissingAppointments(AppointmentSeriesGeneratorJob.java:107)
	at com.example.physiokalendar.service.AppointmentSeriesGeneratorJob.onApplicationReady(AppointmentSeriesGeneratorJob.java:57)
	at java.base/jdk.internal.reflect.NativeMethodAccessorImpl.invoke0(Native Method)
	at java.base/jdk.internal.reflect.NativeMethodAccessorImpl.invoke(NativeMethodAccessorImpl.java:77)
	at java.base/jdk.internal.reflect.DelegatingMethodAccessorImpl.invoke(DelegatingMethodAccessorImpl.java:43)
	at java.base/java.lang.reflect.Method.invoke(Method.java:568)
	at org.springframework.context.event.ApplicationListenerMethodAdapter.doInvoke(ApplicationListenerMethodAdapter.java:365)
	at org.springframework.context.event.ApplicationListenerMethodAdapter.processEvent(ApplicationListenerMethodAdapter.java:237)
	at org.springframework.context.event.ApplicationListenerMethodAdapter.onApplicationEvent(ApplicationListenerMethodAdapter.java:168)
	at org.springframework.context.event.SimpleApplicationEventMulticaster.doInvokeListener(SimpleApplicationEventMulticaster.java:185)
	at org.springframework.context.event.SimpleApplicationEventMulticaster.invokeListener(SimpleApplicationEventMulticaster.java:178)
	at org.springframework.context.event.SimpleApplicationEventMulticaster.multicastEvent(SimpleApplicationEventMulticaster.java:156)
	at org.springframework.context.support.AbstractApplicationContext.publishEvent(AbstractApplicationContext.java:452)
	at org.springframework.context.support.AbstractApplicationContext.publishEvent(AbstractApplicationContext.java:385)
	at org.springframework.boot.context.event.EventPublishingRunListener.ready(EventPublishingRunListener.java:109)
	at org.springframework.boot.SpringApplicationRunListeners.lambda$ready$6(SpringApplicationRunListeners.java:80)
	at java.base/java.lang.Iterable.forEach(Iterable.java:75)
	at org.springframework.boot.SpringApplicationRunListeners.doWithListeners(SpringApplicationRunListeners.java:118)
	at org.springframework.boot.SpringApplicationRunListeners.doWithListeners(SpringApplicationRunListeners.java:112)
	at org.springframework.boot.SpringApplicationRunListeners.ready(SpringApplicationRunListeners.java:80)
	at org.springframework.boot.SpringApplication.run(SpringApplication.java:349)
	at org.springframework.boot.SpringApplication.run(SpringApplication.java:1363)
	at org.springframework.boot.SpringApplication.run(SpringApplication.java:1352)
	at com.example.physiokalendar.PhysiokalendarApplication.main(PhysiokalendarApplication.java:12)
	at java.base/jdk.internal.reflect.NativeMethodAccessorImpl.invoke0(Native Method)
	at java.base/jdk.internal.reflect.NativeMethodAccessorImpl.invoke(NativeMethodAccessorImpl.java:77)
	at java.base/jdk.internal.reflect.DelegatingMethodAccessorImpl.invoke(DelegatingMethodAccessorImpl.java:43)
	at java.base/java.lang.reflect.Method.invoke(Method.java:568)
	at org.springframework.boot.devtools.restart.RestartLauncher.run(RestartLauncher.java:50)
2026-02-18 02:57:11.605 [restartedMain] ERROR c.e.p.s.AppointmentSeriesGeneratorJob - Error generating appointments for series 4527: failed to lazily initialize a collection of role: com.example.physiokalendar.entity.AppointmentSeries.cancellations: could not initialize proxy - no Session
org.hibernate.LazyInitializationException: failed to lazily initialize a collection of role: com.example.physiokalendar.entity.AppointmentSeries.cancellations: could not initialize proxy - no Session
	at org.hibernate.collection.spi.AbstractPersistentCollection.throwLazyInitializationException(AbstractPersistentCollection.java:636)
	at org.hibernate.collection.spi.AbstractPersistentCollection.withTemporarySessionIfNeeded(AbstractPersistentCollection.java:219)
	at org.hibernate.collection.spi.AbstractPersistentCollection.initialize(AbstractPersistentCollection.java:615)
	at org.hibernate.collection.spi.AbstractPersistentCollection.read(AbstractPersistentCollection.java:138)
	at org.hibernate.collection.spi.PersistentBag.iterator(PersistentBag.java:369)
	at java.base/java.util.Spliterators$IteratorSpliterator.estimateSize(Spliterators.java:1865)
	at java.base/java.util.Spliterator.getExactSizeIfKnown(Spliterator.java:414)
	at java.base/java.util.stream.AbstractPipeline.copyInto(AbstractPipeline.java:508)
	at java.base/java.util.stream.AbstractPipeline.wrapAndCopyInto(AbstractPipeline.java:499)
	at java.base/java.util.stream.ReduceOps$ReduceOp.evaluateSequential(ReduceOps.java:921)
	at java.base/java.util.stream.AbstractPipeline.evaluate(AbstractPipeline.java:234)
	at java.base/java.util.stream.ReferencePipeline.collect(ReferencePipeline.java:682)
	at com.example.physiokalendar.service.AppointmentSeriesGeneratorJob.generateAppointmentsForSeries(AppointmentSeriesGeneratorJob.java:151)
	at com.example.physiokalendar.service.AppointmentSeriesGeneratorJob.generateMissingAppointments(AppointmentSeriesGeneratorJob.java:107)
	at com.example.physiokalendar.service.AppointmentSeriesGeneratorJob.onApplicationReady(AppointmentSeriesGeneratorJob.java:57)
	at java.base/jdk.internal.reflect.NativeMethodAccessorImpl.invoke0(Native Method)
	at java.base/jdk.internal.reflect.NativeMethodAccessorImpl.invoke(NativeMethodAccessorImpl.java:77)
	at java.base/jdk.internal.reflect.DelegatingMethodAccessorImpl.invoke(DelegatingMethodAccessorImpl.java:43)
	at java.base/java.lang.reflect.Method.invoke(Method.java:568)
	at org.springframework.context.event.ApplicationListenerMethodAdapter.doInvoke(ApplicationListenerMethodAdapter.java:365)
	at org.springframework.context.event.ApplicationListenerMethodAdapter.processEvent(ApplicationListenerMethodAdapter.java:237)
	at org.springframework.context.event.ApplicationListenerMethodAdapter.onApplicationEvent(ApplicationListenerMethodAdapter.java:168)
	at org.springframework.context.event.SimpleApplicationEventMulticaster.doInvokeListener(SimpleApplicationEventMulticaster.java:185)
	at org.springframework.context.event.SimpleApplicationEventMulticaster.invokeListener(SimpleApplicationEventMulticaster.java:178)
	at org.springframework.context.event.SimpleApplicationEventMulticaster.multicastEvent(SimpleApplicationEventMulticaster.java:156)
	at org.springframework.context.support.AbstractApplicationContext.publishEvent(AbstractApplicationContext.java:452)
	at org.springframework.context.support.AbstractApplicationContext.publishEvent(AbstractApplicationContext.java:385)
	at org.springframework.boot.context.event.EventPublishingRunListener.ready(EventPublishingRunListener.java:109)
	at org.springframework.boot.SpringApplicationRunListeners.lambda$ready$6(SpringApplicationRunListeners.java:80)
	at java.base/java.lang.Iterable.forEach(Iterable.java:75)
	at org.springframework.boot.SpringApplicationRunListeners.doWithListeners(SpringApplicationRunListeners.java:118)
	at org.springframework.boot.SpringApplicationRunListeners.doWithListeners(SpringApplicationRunListeners.java:112)
	at org.springframework.boot.SpringApplicationRunListeners.ready(SpringApplicationRunListeners.java:80)
	at org.springframework.boot.SpringApplication.run(SpringApplication.java:349)
	at org.springframework.boot.SpringApplication.run(SpringApplication.java:1363)
	at org.springframework.boot.SpringApplication.run(SpringApplication.java:1352)
	at com.example.physiokalendar.PhysiokalendarApplication.main(PhysiokalendarApplication.java:12)
	at java.base/jdk.internal.reflect.NativeMethodAccessorImpl.invoke0(Native Method)
	at java.base/jdk.internal.reflect.NativeMethodAccessorImpl.invoke(NativeMethodAccessorImpl.java:77)
	at java.base/jdk.internal.reflect.DelegatingMethodAccessorImpl.invoke(DelegatingMethodAccessorImpl.java:43)
	at java.base/java.lang.reflect.Method.invoke(Method.java:568)
	at org.springframework.boot.devtools.restart.RestartLauncher.run(RestartLauncher.java:50)
2026-02-18 02:57:11.610 [restartedMain] ERROR c.e.p.s.AppointmentSeriesGeneratorJob - Error generating appointments for series 4528: failed to lazily initialize a collection of role: com.example.physiokalendar.entity.AppointmentSeries.cancellations: could not initialize proxy - no Session
org.hibernate.LazyInitializationException: failed to lazily initialize a collection of role: com.example.physiokalendar.entity.AppointmentSeries.cancellations: could not initialize proxy - no Session
	at org.hibernate.collection.spi.AbstractPersistentCollection.throwLazyInitializationException(AbstractPersistentCollection.java:636)
	at org.hibernate.collection.spi.AbstractPersistentCollection.withTemporarySessionIfNeeded(AbstractPersistentCollection.java:219)
	at org.hibernate.collection.spi.AbstractPersistentCollection.initialize(AbstractPersistentCollection.java:615)
	at org.hibernate.collection.spi.AbstractPersistentCollection.read(AbstractPersistentCollection.java:138)
	at org.hibernate.collection.spi.PersistentBag.iterator(PersistentBag.java:369)
	at java.base/java.util.Spliterators$IteratorSpliterator.estimateSize(Spliterators.java:1865)
	at java.base/java.util.Spliterator.getExactSizeIfKnown(Spliterator.java:414)
	at java.base/java.util.stream.AbstractPipeline.copyInto(AbstractPipeline.java:508)
	at java.base/java.util.stream.AbstractPipeline.wrapAndCopyInto(AbstractPipeline.java:499)
	at java.base/java.util.stream.ReduceOps$ReduceOp.evaluateSequential(ReduceOps.java:921)
	at java.base/java.util.stream.AbstractPipeline.evaluate(AbstractPipeline.java:234)
	at java.base/java.util.stream.ReferencePipeline.collect(ReferencePipeline.java:682)
	at com.example.physiokalendar.service.AppointmentSeriesGeneratorJob.generateAppointmentsForSeries(AppointmentSeriesGeneratorJob.java:151)
	at com.example.physiokalendar.service.AppointmentSeriesGeneratorJob.generateMissingAppointments(AppointmentSeriesGeneratorJob.java:107)
	at com.example.physiokalendar.service.AppointmentSeriesGeneratorJob.onApplicationReady(AppointmentSeriesGeneratorJob.java:57)
	at java.base/jdk.internal.reflect.NativeMethodAccessorImpl.invoke0(Native Method)
	at java.base/jdk.internal.reflect.NativeMethodAccessorImpl.invoke(NativeMethodAccessorImpl.java:77)
	at java.base/jdk.internal.reflect.DelegatingMethodAccessorImpl.invoke(DelegatingMethodAccessorImpl.java:43)
	at java.base/java.lang.reflect.Method.invoke(Method.java:568)
	at org.springframework.context.event.ApplicationListenerMethodAdapter.doInvoke(ApplicationListenerMethodAdapter.java:365)
	at org.springframework.context.event.ApplicationListenerMethodAdapter.processEvent(ApplicationListenerMethodAdapter.java:237)
	at org.springframework.context.event.ApplicationListenerMethodAdapter.onApplicationEvent(ApplicationListenerMethodAdapter.java:168)
	at org.springframework.context.event.SimpleApplicationEventMulticaster.doInvokeListener(SimpleApplicationEventMulticaster.java:185)
	at org.springframework.context.event.SimpleApplicationEventMulticaster.invokeListener(SimpleApplicationEventMulticaster.java:178)
	at org.springframework.context.event.SimpleApplicationEventMulticaster.multicastEvent(SimpleApplicationEventMulticaster.java:156)
	at org.springframework.context.support.AbstractApplicationContext.publishEvent(AbstractApplicationContext.java:452)
	at org.springframework.context.support.AbstractApplicationContext.publishEvent(AbstractApplicationContext.java:385)
	at org.springframework.boot.context.event.EventPublishingRunListener.ready(EventPublishingRunListener.java:109)
	at org.springframework.boot.SpringApplicationRunListeners.lambda$ready$6(SpringApplicationRunListeners.java:80)
	at java.base/java.lang.Iterable.forEach(Iterable.java:75)
	at org.springframework.boot.SpringApplicationRunListeners.doWithListeners(SpringApplicationRunListeners.java:118)
	at org.springframework.boot.SpringApplicationRunListeners.doWithListeners(SpringApplicationRunListeners.java:112)
	at org.springframework.boot.SpringApplicationRunListeners.ready(SpringApplicationRunListeners.java:80)
	at org.springframework.boot.SpringApplication.run(SpringApplication.java:349)
	at org.springframework.boot.SpringApplication.run(SpringApplication.java:1363)
	at org.springframework.boot.SpringApplication.run(SpringApplication.java:1352)
	at com.example.physiokalendar.PhysiokalendarApplication.main(PhysiokalendarApplication.java:12)
	at java.base/jdk.internal.reflect.NativeMethodAccessorImpl.invoke0(Native Method)
	at java.base/jdk.internal.reflect.NativeMethodAccessorImpl.invoke(NativeMethodAccessorImpl.java:77)
	at java.base/jdk.internal.reflect.DelegatingMethodAccessorImpl.invoke(DelegatingMethodAccessorImpl.java:43)
	at java.base/java.lang.reflect.Method.invoke(Method.java:568)
	at org.springframework.boot.devtools.restart.RestartLauncher.run(RestartLauncher.java:50)
2026-02-18 02:58:10.893 [restartedMain] ERROR o.h.e.jdbc.spi.SqlExceptionHelper - Access denied for user 'physiouser'@'%' to database 'physiocalendar'
2026-02-18 02:58:11.500 [restartedMain] ERROR c.e.p.s.AppointmentSeriesGeneratorJob - Error generating appointments for series 4431: failed to lazily initialize a collection of role: com.example.physiokalendar.entity.AppointmentSeries.cancellations: could not initialize proxy - no Session
org.hibernate.LazyInitializationException: failed to lazily initialize a collection of role: com.example.physiokalendar.entity.AppointmentSeries.cancellations: could not initialize proxy - no Session
	at org.hibernate.collection.spi.AbstractPersistentCollection.throwLazyInitializationException(AbstractPersistentCollection.java:636)
	at org.hibernate.collection.spi.AbstractPersistentCollection.withTemporarySessionIfNeeded(AbstractPersistentCollection.java:219)
	at org.hibernate.collection.spi.AbstractPersistentCollection.initialize(AbstractPersistentCollection.java:615)
	at org.hibernate.collection.spi.AbstractPersistentCollection.read(AbstractPersistentCollection.java:138)
	at org.hibernate.collection.spi.PersistentBag.iterator(PersistentBag.java:369)
	at java.base/java.util.Spliterators$IteratorSpliterator.estimateSize(Spliterators.java:1865)
	at java.base/java.util.Spliterator.getExactSizeIfKnown(Spliterator.java:414)
	at java.base/java.util.stream.AbstractPipeline.copyInto(AbstractPipeline.java:508)
	at java.base/java.util.stream.AbstractPipeline.wrapAndCopyInto(AbstractPipeline.java:499)
	at java.base/java.util.stream.ReduceOps$ReduceOp.evaluateSequential(ReduceOps.java:921)
	at java.base/java.util.stream.AbstractPipeline.evaluate(AbstractPipeline.java:234)
	at java.base/java.util.stream.ReferencePipeline.collect(ReferencePipeline.java:682)
	at com.example.physiokalendar.service.AppointmentSeriesGeneratorJob.generateAppointmentsForSeries(AppointmentSeriesGeneratorJob.java:151)
	at com.example.physiokalendar.service.AppointmentSeriesGeneratorJob.generateMissingAppointments(AppointmentSeriesGeneratorJob.java:107)
	at com.example.physiokalendar.service.AppointmentSeriesGeneratorJob.onApplicationReady(AppointmentSeriesGeneratorJob.java:57)
	at java.base/jdk.internal.reflect.NativeMethodAccessorImpl.invoke0(Native Method)
	at java.base/jdk.internal.reflect.NativeMethodAccessorImpl.invoke(NativeMethodAccessorImpl.java:77)
	at java.base/jdk.internal.reflect.DelegatingMethodAccessorImpl.invoke(DelegatingMethodAccessorImpl.java:43)
	at java.base/java.lang.reflect.Method.invoke(Method.java:568)
	at org.springframework.context.event.ApplicationListenerMethodAdapter.doInvoke(ApplicationListenerMethodAdapter.java:365)
	at org.springframework.context.event.ApplicationListenerMethodAdapter.processEvent(ApplicationListenerMethodAdapter.java:237)
	at org.springframework.context.event.ApplicationListenerMethodAdapter.onApplicationEvent(ApplicationListenerMethodAdapter.java:168)
	at org.springframework.context.event.SimpleApplicationEventMulticaster.doInvokeListener(SimpleApplicationEventMulticaster.java:185)
	at org.springframework.context.event.SimpleApplicationEventMulticaster.invokeListener(SimpleApplicationEventMulticaster.java:178)
	at org.springframework.context.event.SimpleApplicationEventMulticaster.multicastEvent(SimpleApplicationEventMulticaster.java:156)
	at org.springframework.context.support.AbstractApplicationContext.publishEvent(AbstractApplicationContext.java:452)
	at org.springframework.context.support.AbstractApplicationContext.publishEvent(AbstractApplicationContext.java:385)
	at org.springframework.boot.context.event.EventPublishingRunListener.ready(EventPublishingRunListener.java:109)
	at org.springframework.boot.SpringApplicationRunListeners.lambda$ready$6(SpringApplicationRunListeners.java:80)
	at java.base/java.lang.Iterable.forEach(Iterable.java:75)
	at org.springframework.boot.SpringApplicationRunListeners.doWithListeners(SpringApplicationRunListeners.java:118)
	at org.springframework.boot.SpringApplicationRunListeners.doWithListeners(SpringApplicationRunListeners.java:112)
	at org.springframework.boot.SpringApplicationRunListeners.ready(SpringApplicationRunListeners.java:80)
	at org.springframework.boot.SpringApplication.run(SpringApplication.java:349)
	at org.springframework.boot.SpringApplication.run(SpringApplication.java:1363)
	at org.springframework.boot.SpringApplication.run(SpringApplication.java:1352)
	at com.example.physiokalendar.PhysiokalendarApplication.main(PhysiokalendarApplication.java:12)
	at java.base/jdk.internal.reflect.NativeMethodAccessorImpl.invoke0(Native Method)
	at java.base/jdk.internal.reflect.NativeMethodAccessorImpl.invoke(NativeMethodAccessorImpl.java:77)
	at java.base/jdk.internal.reflect.DelegatingMethodAccessorImpl.invoke(DelegatingMethodAccessorImpl.java:43)
	at java.base/java.lang.reflect.Method.invoke(Method.java:568)
	at org.springframework.boot.devtools.restart.RestartLauncher.run(RestartLauncher.java:50)
2026-02-18 02:58:11.504 [restartedMain] ERROR c.e.p.s.AppointmentSeriesGeneratorJob - Error generating appointments for series 4432: failed to lazily initialize a collection of role: com.example.physiokalendar.entity.AppointmentSeries.cancellations: could not initialize proxy - no Session
org.hibernate.LazyInitializationException: failed to lazily initialize a collection of role: com.example.physiokalendar.entity.AppointmentSeries.cancellations: could not initialize proxy - no Session
	at org.hibernate.collection.spi.AbstractPersistentCollection.throwLazyInitializationException(AbstractPersistentCollection.java:636)
	at org.hibernate.collection.spi.AbstractPersistentCollection.withTemporarySessionIfNeeded(AbstractPersistentCollection.java:219)
	at org.hibernate.collection.spi.AbstractPersistentCollection.initialize(AbstractPersistentCollection.java:615)
	at org.hibernate.collection.spi.AbstractPersistentCollection.read(AbstractPersistentCollection.java:138)
	at org.hibernate.collection.spi.PersistentBag.iterator(PersistentBag.java:369)
	at java.base/java.util.Spliterators$IteratorSpliterator.estimateSize(Spliterators.java:1865)
	at java.base/java.util.Spliterator.getExactSizeIfKnown(Spliterator.java:414)
	at java.base/java.util.stream.AbstractPipeline.copyInto(AbstractPipeline.java:508)
	at java.base/java.util.stream.AbstractPipeline.wrapAndCopyInto(AbstractPipeline.java:499)
	at java.base/java.util.stream.ReduceOps$ReduceOp.evaluateSequential(ReduceOps.java:921)
	at java.base/java.util.stream.AbstractPipeline.evaluate(AbstractPipeline.java:234)
	at java.base/java.util.stream.ReferencePipeline.collect(ReferencePipeline.java:682)
	at com.example.physiokalendar.service.AppointmentSeriesGeneratorJob.generateAppointmentsForSeries(AppointmentSeriesGeneratorJob.java:151)
	at com.example.physiokalendar.service.AppointmentSeriesGeneratorJob.generateMissingAppointments(AppointmentSeriesGeneratorJob.java:107)
	at com.example.physiokalendar.service.AppointmentSeriesGeneratorJob.onApplicationReady(AppointmentSeriesGeneratorJob.java:57)
	at java.base/jdk.internal.reflect.NativeMethodAccessorImpl.invoke0(Native Method)
	at java.base/jdk.internal.reflect.NativeMethodAccessorImpl.invoke(NativeMethodAccessorImpl.java:77)
	at java.base/jdk.internal.reflect.DelegatingMethodAccessorImpl.invoke(DelegatingMethodAccessorImpl.java:43)
	at java.base/java.lang.reflect.Method.invoke(Method.java:568)
	at org.springframework.context.event.ApplicationListenerMethodAdapter.doInvoke(ApplicationListenerMethodAdapter.java:365)
	at org.springframework.context.event.ApplicationListenerMethodAdapter.processEvent(ApplicationListenerMethodAdapter.java:237)
	at org.springframework.context.event.ApplicationListenerMethodAdapter.onApplicationEvent(ApplicationListenerMethodAdapter.java:168)
	at org.springframework.context.event.SimpleApplicationEventMulticaster.doInvokeListener(SimpleApplicationEventMulticaster.java:185)
	at org.springframework.context.event.SimpleApplicationEventMulticaster.invokeListener(SimpleApplicationEventMulticaster.java:178)
	at org.springframework.context.event.SimpleApplicationEventMulticaster.multicastEvent(SimpleApplicationEventMulticaster.java:156)
	at org.springframework.context.support.AbstractApplicationContext.publishEvent(AbstractApplicationContext.java:452)
	at org.springframework.context.support.AbstractApplicationContext.publishEvent(AbstractApplicationContext.java:385)
	at org.springframework.boot.context.event.EventPublishingRunListener.ready(EventPublishingRunListener.java:109)
	at org.springframework.boot.SpringApplicationRunListeners.lambda$ready$6(SpringApplicationRunListeners.java:80)
	at java.base/java.lang.Iterable.forEach(Iterable.java:75)
	at org.springframework.boot.SpringApplicationRunListeners.doWithListeners(SpringApplicationRunListeners.java:118)
	at org.springframework.boot.SpringApplicationRunListeners.doWithListeners(SpringApplicationRunListeners.java:112)
	at org.springframework.boot.SpringApplicationRunListeners.ready(SpringApplicationRunListeners.java:80)
	at org.springframework.boot.SpringApplication.run(SpringApplication.java:349)
	at org.springframework.boot.SpringApplication.run(SpringApplication.java:1363)
	at org.springframework.boot.SpringApplication.run(SpringApplication.java:1352)
	at com.example.physiokalendar.PhysiokalendarApplication.main(PhysiokalendarApplication.java:12)
	at java.base/jdk.internal.reflect.NativeMethodAccessorImpl.invoke0(Native Method)
	at java.base/jdk.internal.reflect.NativeMethodAccessorImpl.invoke(NativeMethodAccessorImpl.java:77)
	at java.base/jdk.internal.reflect.DelegatingMethodAccessorImpl.invoke(DelegatingMethodAccessorImpl.java:43)
	at java.base/java.lang.reflect.Method.invoke(Method.java:568)
	at org.springframework.boot.devtools.restart.RestartLauncher.run(RestartLauncher.java:50)
2026-02-18 02:58:11.509 [restartedMain] ERROR c.e.p.s.AppointmentSeriesGeneratorJob - Error generating appointments for series 4433: failed to lazily initialize a collection of role: com.example.physiokalendar.entity.AppointmentSeries.cancellations: could not initialize proxy - no Session
org.hibernate.LazyInitializationException: failed to lazily initialize a collection of role: com.example.physiokalendar.entity.AppointmentSeries.cancellations: could not initialize proxy - no Session
	at org.hibernate.collection.spi.AbstractPersistentCollection.throwLazyInitializationException(AbstractPersistentCollection.java:636)
	at org.hibernate.collection.spi.AbstractPersistentCollection.withTemporarySessionIfNeeded(AbstractPersistentCollection.java:219)
	at org.hibernate.collection.spi.AbstractPersistentCollection.initialize(AbstractPersistentCollection.java:615)
	at org.hibernate.collection.spi.AbstractPersistentCollection.read(AbstractPersistentCollection.java:138)
	at org.hibernate.collection.spi.PersistentBag.iterator(PersistentBag.java:369)
	at java.base/java.util.Spliterators$IteratorSpliterator.estimateSize(Spliterators.java:1865)
	at java.base/java.util.Spliterator.getExactSizeIfKnown(Spliterator.java:414)
	at java.base/java.util.stream.AbstractPipeline.copyInto(AbstractPipeline.java:508)
	at java.base/java.util.stream.AbstractPipeline.wrapAndCopyInto(AbstractPipeline.java:499)
	at java.base/java.util.stream.ReduceOps$ReduceOp.evaluateSequential(ReduceOps.java:921)
	at java.base/java.util.stream.AbstractPipeline.evaluate(AbstractPipeline.java:234)
	at java.base/java.util.stream.ReferencePipeline.collect(ReferencePipeline.java:682)
	at com.example.physiokalendar.service.AppointmentSeriesGeneratorJob.generateAppointmentsForSeries(AppointmentSeriesGeneratorJob.java:151)
	at com.example.physiokalendar.service.AppointmentSeriesGeneratorJob.generateMissingAppointments(AppointmentSeriesGeneratorJob.java:107)
	at com.example.physiokalendar.service.AppointmentSeriesGeneratorJob.onApplicationReady(AppointmentSeriesGeneratorJob.java:57)
	at java.base/jdk.internal.reflect.NativeMethodAccessorImpl.invoke0(Native Method)
	at java.base/jdk.internal.reflect.NativeMethodAccessorImpl.invoke(NativeMethodAccessorImpl.java:77)
	at java.base/jdk.internal.reflect.DelegatingMethodAccessorImpl.invoke(DelegatingMethodAccessorImpl.java:43)
	at java.base/java.lang.reflect.Method.invoke(Method.java:568)
	at org.springframework.context.event.ApplicationListenerMethodAdapter.doInvoke(ApplicationListenerMethodAdapter.java:365)
	at org.springframework.context.event.ApplicationListenerMethodAdapter.processEvent(ApplicationListenerMethodAdapter.java:237)
	at org.springframework.context.event.ApplicationListenerMethodAdapter.onApplicationEvent(ApplicationListenerMethodAdapter.java:168)
	at org.springframework.context.event.SimpleApplicationEventMulticaster.doInvokeListener(SimpleApplicationEventMulticaster.java:185)
	at org.springframework.context.event.SimpleApplicationEventMulticaster.invokeListener(SimpleApplicationEventMulticaster.java:178)
	at org.springframework.context.event.SimpleApplicationEventMulticaster.multicastEvent(SimpleApplicationEventMulticaster.java:156)
	at org.springframework.context.support.AbstractApplicationContext.publishEvent(AbstractApplicationContext.java:452)
	at org.springframework.context.support.AbstractApplicationContext.publishEvent(AbstractApplicationContext.java:385)
	at org.springframework.boot.context.event.EventPublishingRunListener.ready(EventPublishingRunListener.java:109)
	at org.springframework.boot.SpringApplicationRunListeners.lambda$ready$6(SpringApplicationRunListeners.java:80)
	at java.base/java.lang.Iterable.forEach(Iterable.java:75)
	at org.springframework.boot.SpringApplicationRunListeners.doWithListeners(SpringApplicationRunListeners.java:118)
	at org.springframework.boot.SpringApplicationRunListeners.doWithListeners(SpringApplicationRunListeners.java:112)
	at org.springframework.boot.SpringApplicationRunListeners.ready(SpringApplicationRunListeners.java:80)
	at org.springframework.boot.SpringApplication.run(SpringApplication.java:349)
	at org.springframework.boot.SpringApplication.run(SpringApplication.java:1363)
	at org.springframework.boot.SpringApplication.run(SpringApplication.java:1352)
	at com.example.physiokalendar.PhysiokalendarApplication.main(PhysiokalendarApplication.java:12)
	at java.base/jdk.internal.reflect.NativeMethodAccessorImpl.invoke0(Native Method)
	at java.base/jdk.internal.reflect.NativeMethodAccessorImpl.invoke(NativeMethodAccessorImpl.java:77)
	at java.base/jdk.internal.reflect.DelegatingMethodAccessorImpl.invoke(DelegatingMethodAccessorImpl.java:43)
	at java.base/java.lang.reflect.Method.invoke(Method.java:568)
	at org.springframework.boot.devtools.restart.RestartLauncher.run(RestartLauncher.java:50)
2026-02-18 02:58:11.513 [restartedMain] ERROR c.e.p.s.AppointmentSeriesGeneratorJob - Error generating appointments for series 4434: failed to lazily initialize a collection of role: com.example.physiokalendar.entity.AppointmentSeries.cancellations: could not initialize proxy - no Session
org.hibernate.LazyInitializationException: failed to lazily initialize a collection of role: com.example.physiokalendar.entity.AppointmentSeries.cancellations: could not initialize proxy - no Session
	at org.hibernate.collection.spi.AbstractPersistentCollection.throwLazyInitializationException(AbstractPersistentCollection.java:636)
	at org.hibernate.collection.spi.AbstractPersistentCollection.withTemporarySessionIfNeeded(AbstractPersistentCollection.java:219)
	at org.hibernate.collection.spi.AbstractPersistentCollection.initialize(AbstractPersistentCollection.java:615)
	at org.hibernate.collection.spi.AbstractPersistentCollection.read(AbstractPersistentCollection.java:138)
	at org.hibernate.collection.spi.PersistentBag.iterator(PersistentBag.java:369)
	at java.base/java.util.Spliterators$IteratorSpliterator.estimateSize(Spliterators.java:1865)
	at java.base/java.util.Spliterator.getExactSizeIfKnown(Spliterator.java:414)
	at java.base/java.util.stream.AbstractPipeline.copyInto(AbstractPipeline.java:508)
	at java.base/java.util.stream.AbstractPipeline.wrapAndCopyInto(AbstractPipeline.java:499)
	at java.base/java.util.stream.ReduceOps$ReduceOp.evaluateSequential(ReduceOps.java:921)
	at java.base/java.util.stream.AbstractPipeline.evaluate(AbstractPipeline.java:234)
	at java.base/java.util.stream.ReferencePipeline.collect(ReferencePipeline.java:682)
	at com.example.physiokalendar.service.AppointmentSeriesGeneratorJob.generateAppointmentsForSeries(AppointmentSeriesGeneratorJob.java:151)
	at com.example.physiokalendar.service.AppointmentSeriesGeneratorJob.generateMissingAppointments(AppointmentSeriesGeneratorJob.java:107)
	at com.example.physiokalendar.service.AppointmentSeriesGeneratorJob.onApplicationReady(AppointmentSeriesGeneratorJob.java:57)
	at java.base/jdk.internal.reflect.NativeMethodAccessorImpl.invoke0(Native Method)
	at java.base/jdk.internal.reflect.NativeMethodAccessorImpl.invoke(NativeMethodAccessorImpl.java:77)
	at java.base/jdk.internal.reflect.DelegatingMethodAccessorImpl.invoke(DelegatingMethodAccessorImpl.java:43)
	at java.base/java.lang.reflect.Method.invoke(Method.java:568)
	at org.springframework.context.event.ApplicationListenerMethodAdapter.doInvoke(ApplicationListenerMethodAdapter.java:365)
	at org.springframework.context.event.ApplicationListenerMethodAdapter.processEvent(ApplicationListenerMethodAdapter.java:237)
	at org.springframework.context.event.ApplicationListenerMethodAdapter.onApplicationEvent(ApplicationListenerMethodAdapter.java:168)
	at org.springframework.context.event.SimpleApplicationEventMulticaster.doInvokeListener(SimpleApplicationEventMulticaster.java:185)
	at org.springframework.context.event.SimpleApplicationEventMulticaster.invokeListener(SimpleApplicationEventMulticaster.java:178)
	at org.springframework.context.event.SimpleApplicationEventMulticaster.multicastEvent(SimpleApplicationEventMulticaster.java:156)
	at org.springframework.context.support.AbstractApplicationContext.publishEvent(AbstractApplicationContext.java:452)
	at org.springframework.context.support.AbstractApplicationContext.publishEvent(AbstractApplicationContext.java:385)
	at org.springframework.boot.context.event.EventPublishingRunListener.ready(EventPublishingRunListener.java:109)
	at org.springframework.boot.SpringApplicationRunListeners.lambda$ready$6(SpringApplicationRunListeners.java:80)
	at java.base/java.lang.Iterable.forEach(Iterable.java:75)
	at org.springframework.boot.SpringApplicationRunListeners.doWithListeners(SpringApplicationRunListeners.java:118)
	at org.springframework.boot.SpringApplicationRunListeners.doWithListeners(SpringApplicationRunListeners.java:112)
	at org.springframework.boot.SpringApplicationRunListeners.ready(SpringApplicationRunListeners.java:80)
	at org.springframework.boot.SpringApplication.run(SpringApplication.java:349)
	at org.springframework.boot.SpringApplication.run(SpringApplication.java:1363)
	at org.springframework.boot.SpringApplication.run(SpringApplication.java:1352)
	at com.example.physiokalendar.PhysiokalendarApplication.main(PhysiokalendarApplication.java:12)
	at java.base/jdk.internal.reflect.NativeMethodAccessorImpl.invoke0(Native Method)
	at java.base/jdk.internal.reflect.NativeMethodAccessorImpl.invoke(NativeMethodAccessorImpl.java:77)
	at java.base/jdk.internal.reflect.DelegatingMethodAccessorImpl.invoke(DelegatingMethodAccessorImpl.java:43)
	at java.base/java.lang.reflect.Method.invoke(Method.java:568)
	at org.springframework.boot.devtools.restart.RestartLauncher.run(RestartLauncher.java:50)
2026-02-18 02:58:11.517 [restartedMain] ERROR c.e.p.s.AppointmentSeriesGeneratorJob - Error generating appointments for series 4435: failed to lazily initialize a collection of role: com.example.physiokalendar.entity.AppointmentSeries.cancellations: could not initialize proxy - no Session
org.hibernate.LazyInitializationException: failed to lazily initialize a collection of role: com.example.physiokalendar.entity.AppointmentSeries.cancellations: could not initialize proxy - no Session
	at org.hibernate.collection.spi.AbstractPersistentCollection.throwLazyInitializationException(AbstractPersistentCollection.java:636)
	at org.hibernate.collection.spi.AbstractPersistentCollection.withTemporarySessionIfNeeded(AbstractPersistentCollection.java:219)
	at org.hibernate.collection.spi.AbstractPersistentCollection.initialize(AbstractPersistentCollection.java:615)
	at org.hibernate.collection.spi.AbstractPersistentCollection.read(AbstractPersistentCollection.java:138)
	at org.hibernate.collection.spi.PersistentBag.iterator(PersistentBag.java:369)
	at java.base/java.util.Spliterators$IteratorSpliterator.estimateSize(Spliterators.java:1865)
	at java.base/java.util.Spliterator.getExactSizeIfKnown(Spliterator.java:414)
	at java.base/java.util.stream.AbstractPipeline.copyInto(AbstractPipeline.java:508)
	at java.base/java.util.stream.AbstractPipeline.wrapAndCopyInto(AbstractPipeline.java:499)
	at java.base/java.util.stream.ReduceOps$ReduceOp.evaluateSequential(ReduceOps.java:921)
	at java.base/java.util.stream.AbstractPipeline.evaluate(AbstractPipeline.java:234)
	at java.base/java.util.stream.ReferencePipeline.collect(ReferencePipeline.java:682)
	at com.example.physiokalendar.service.AppointmentSeriesGeneratorJob.generateAppointmentsForSeries(AppointmentSeriesGeneratorJob.java:151)
	at com.example.physiokalendar.service.AppointmentSeriesGeneratorJob.generateMissingAppointments(AppointmentSeriesGeneratorJob.java:107)
	at com.example.physiokalendar.service.AppointmentSeriesGeneratorJob.onApplicationReady(AppointmentSeriesGeneratorJob.java:57)
	at java.base/jdk.internal.reflect.NativeMethodAccessorImpl.invoke0(Native Method)
	at java.base/jdk.internal.reflect.NativeMethodAccessorImpl.invoke(NativeMethodAccessorImpl.java:77)
	at java.base/jdk.internal.reflect.DelegatingMethodAccessorImpl.invoke(DelegatingMethodAccessorImpl.java:43)
	at java.base/java.lang.reflect.Method.invoke(Method.java:568)
	at org.springframework.context.event.ApplicationListenerMethodAdapter.doInvoke(ApplicationListenerMethodAdapter.java:365)
	at org.springframework.context.event.ApplicationListenerMethodAdapter.processEvent(ApplicationListenerMethodAdapter.java:237)
	at org.springframework.context.event.ApplicationListenerMethodAdapter.onApplicationEvent(ApplicationListenerMethodAdapter.java:168)
	at org.springframework.context.event.SimpleApplicationEventMulticaster.doInvokeListener(SimpleApplicationEventMulticaster.java:185)
	at org.springframework.context.event.SimpleApplicationEventMulticaster.invokeListener(SimpleApplicationEventMulticaster.java:178)
	at org.springframework.context.event.SimpleApplicationEventMulticaster.multicastEvent(SimpleApplicationEventMulticaster.java:156)
	at org.springframework.context.support.AbstractApplicationContext.publishEvent(AbstractApplicationContext.java:452)
	at org.springframework.context.support.AbstractApplicationContext.publishEvent(AbstractApplicationContext.java:385)
	at org.springframework.boot.context.event.EventPublishingRunListener.ready(EventPublishingRunListener.java:109)
	at org.springframework.boot.SpringApplicationRunListeners.lambda$ready$6(SpringApplicationRunListeners.java:80)
	at java.base/java.lang.Iterable.forEach(Iterable.java:75)
	at org.springframework.boot.SpringApplicationRunListeners.doWithListeners(SpringApplicationRunListeners.java:118)
	at org.springframework.boot.SpringApplicationRunListeners.doWithListeners(SpringApplicationRunListeners.java:112)
	at org.springframework.boot.SpringApplicationRunListeners.ready(SpringApplicationRunListeners.java:80)
	at org.springframework.boot.SpringApplication.run(SpringApplication.java:349)
	at org.springframework.boot.SpringApplication.run(SpringApplication.java:1363)
	at org.springframework.boot.SpringApplication.run(SpringApplication.java:1352)
	at com.example.physiokalendar.PhysiokalendarApplication.main(PhysiokalendarApplication.java:12)
	at java.base/jdk.internal.reflect.NativeMethodAccessorImpl.invoke0(Native Method)
	at java.base/jdk.internal.reflect.NativeMethodAccessorImpl.invoke(NativeMethodAccessorImpl.java:77)
	at java.base/jdk.internal.reflect.DelegatingMethodAccessorImpl.invoke(DelegatingMethodAccessorImpl.java:43)
	at java.base/java.lang.reflect.Method.invoke(Method.java:568)
	at org.springframework.boot.devtools.restart.RestartLauncher.run(RestartLauncher.java:50)
2026-02-18 02:58:11.521 [restartedMain] ERROR c.e.p.s.AppointmentSeriesGeneratorJob - Error generating appointments for series 4436: failed to lazily initialize a collection of role: com.example.physiokalendar.entity.AppointmentSeries.cancellations: could not initialize proxy - no Session
org.hibernate.LazyInitializationException: failed to lazily initialize a collection of role: com.example.physiokalendar.entity.AppointmentSeries.cancellations: could not initialize proxy - no Session
	at org.hibernate.collection.spi.AbstractPersistentCollection.throwLazyInitializationException(AbstractPersistentCollection.java:636)
	at org.hibernate.collection.spi.AbstractPersistentCollection.withTemporarySessionIfNeeded(AbstractPersistentCollection.java:219)
	at org.hibernate.collection.spi.AbstractPersistentCollection.initialize(AbstractPersistentCollection.java:615)
	at org.hibernate.collection.spi.AbstractPersistentCollection.read(AbstractPersistentCollection.java:138)
	at org.hibernate.collection.spi.PersistentBag.iterator(PersistentBag.java:369)
	at java.base/java.util.Spliterators$IteratorSpliterator.estimateSize(Spliterators.java:1865)
	at java.base/java.util.Spliterator.getExactSizeIfKnown(Spliterator.java:414)
	at java.base/java.util.stream.AbstractPipeline.copyInto(AbstractPipeline.java:508)
	at java.base/java.util.stream.AbstractPipeline.wrapAndCopyInto(AbstractPipeline.java:499)
	at java.base/java.util.stream.ReduceOps$ReduceOp.evaluateSequential(ReduceOps.java:921)
	at java.base/java.util.stream.AbstractPipeline.evaluate(AbstractPipeline.java:234)
	at java.base/java.util.stream.ReferencePipeline.collect(ReferencePipeline.java:682)
	at com.example.physiokalendar.service.AppointmentSeriesGeneratorJob.generateAppointmentsForSeries(AppointmentSeriesGeneratorJob.java:151)
	at com.example.physiokalendar.service.AppointmentSeriesGeneratorJob.generateMissingAppointments(AppointmentSeriesGeneratorJob.java:107)
	at com.example.physiokalendar.service.AppointmentSeriesGeneratorJob.onApplicationReady(AppointmentSeriesGeneratorJob.java:57)
	at java.base/jdk.internal.reflect.NativeMethodAccessorImpl.invoke0(Native Method)
	at java.base/jdk.internal.reflect.NativeMethodAccessorImpl.invoke(NativeMethodAccessorImpl.java:77)
	at java.base/jdk.internal.reflect.DelegatingMethodAccessorImpl.invoke(DelegatingMethodAccessorImpl.java:43)
	at java.base/java.lang.reflect.Method.invoke(Method.java:568)
	at org.springframework.context.event.ApplicationListenerMethodAdapter.doInvoke(ApplicationListenerMethodAdapter.java:365)
	at org.springframework.context.event.ApplicationListenerMethodAdapter.processEvent(ApplicationListenerMethodAdapter.java:237)
	at org.springframework.context.event.ApplicationListenerMethodAdapter.onApplicationEvent(ApplicationListenerMethodAdapter.java:168)
	at org.springframework.context.event.SimpleApplicationEventMulticaster.doInvokeListener(SimpleApplicationEventMulticaster.java:185)
	at org.springframework.context.event.SimpleApplicationEventMulticaster.invokeListener(SimpleApplicationEventMulticaster.java:178)
	at org.springframework.context.event.SimpleApplicationEventMulticaster.multicastEvent(SimpleApplicationEventMulticaster.java:156)
	at org.springframework.context.support.AbstractApplicationContext.publishEvent(AbstractApplicationContext.java:452)
	at org.springframework.context.support.AbstractApplicationContext.publishEvent(AbstractApplicationContext.java:385)
	at org.springframework.boot.context.event.EventPublishingRunListener.ready(EventPublishingRunListener.java:109)
	at org.springframework.boot.SpringApplicationRunListeners.lambda$ready$6(SpringApplicationRunListeners.java:80)
	at java.base/java.lang.Iterable.forEach(Iterable.java:75)
	at org.springframework.boot.SpringApplicationRunListeners.doWithListeners(SpringApplicationRunListeners.java:118)
	at org.springframework.boot.SpringApplicationRunListeners.doWithListeners(SpringApplicationRunListeners.java:112)
	at org.springframework.boot.SpringApplicationRunListeners.ready(SpringApplicationRunListeners.java:80)
	at org.springframework.boot.SpringApplication.run(SpringApplication.java:349)
	at org.springframework.boot.SpringApplication.run(SpringApplication.java:1363)
	at org.springframework.boot.SpringApplication.run(SpringApplication.java:1352)
	at com.example.physiokalendar.PhysiokalendarApplication.main(PhysiokalendarApplication.java:12)
	at java.base/jdk.internal.reflect.NativeMethodAccessorImpl.invoke0(Native Method)
	at java.base/jdk.internal.reflect.NativeMethodAccessorImpl.invoke(NativeMethodAccessorImpl.java:77)
	at java.base/jdk.internal.reflect.DelegatingMethodAccessorImpl.invoke(DelegatingMethodAccessorImpl.java:43)
	at java.base/java.lang.reflect.Method.invoke(Method.java:568)
	at org.springframework.boot.devtools.restart.RestartLauncher.run(RestartLauncher.java:50)
2026-02-18 02:58:11.527 [restartedMain] ERROR c.e.p.s.AppointmentSeriesGeneratorJob - Error generating appointments for series 4437: failed to lazily initialize a collection of role: com.example.physiokalendar.entity.AppointmentSeries.cancellations: could not initialize proxy - no Session
org.hibernate.LazyInitializationException: failed to lazily initialize a collection of role: com.example.physiokalendar.entity.AppointmentSeries.cancellations: could not initialize proxy - no Session
	at org.hibernate.collection.spi.AbstractPersistentCollection.throwLazyInitializationException(AbstractPersistentCollection.java:636)
	at org.hibernate.collection.spi.AbstractPersistentCollection.withTemporarySessionIfNeeded(AbstractPersistentCollection.java:219)
	at org.hibernate.collection.spi.AbstractPersistentCollection.initialize(AbstractPersistentCollection.java:615)
	at org.hibernate.collection.spi.AbstractPersistentCollection.read(AbstractPersistentCollection.java:138)
	at org.hibernate.collection.spi.PersistentBag.iterator(PersistentBag.java:369)
	at java.base/java.util.Spliterators$IteratorSpliterator.estimateSize(Spliterators.java:1865)
	at java.base/java.util.Spliterator.getExactSizeIfKnown(Spliterator.java:414)
	at java.base/java.util.stream.AbstractPipeline.copyInto(AbstractPipeline.java:508)
	at java.base/java.util.stream.AbstractPipeline.wrapAndCopyInto(AbstractPipeline.java:499)
	at java.base/java.util.stream.ReduceOps$ReduceOp.evaluateSequential(ReduceOps.java:921)
	at java.base/java.util.stream.AbstractPipeline.evaluate(AbstractPipeline.java:234)
	at java.base/java.util.stream.ReferencePipeline.collect(ReferencePipeline.java:682)
	at com.example.physiokalendar.service.AppointmentSeriesGeneratorJob.generateAppointmentsForSeries(AppointmentSeriesGeneratorJob.java:151)
	at com.example.physiokalendar.service.AppointmentSeriesGeneratorJob.generateMissingAppointments(AppointmentSeriesGeneratorJob.java:107)
	at com.example.physiokalendar.service.AppointmentSeriesGeneratorJob.onApplicationReady(AppointmentSeriesGeneratorJob.java:57)
	at java.base/jdk.internal.reflect.NativeMethodAccessorImpl.invoke0(Native Method)
	at java.base/jdk.internal.reflect.NativeMethodAccessorImpl.invoke(NativeMethodAccessorImpl.java:77)
	at java.base/jdk.internal.reflect.DelegatingMethodAccessorImpl.invoke(DelegatingMethodAccessorImpl.java:43)
	at java.base/java.lang.reflect.Method.invoke(Method.java:568)
	at org.springframework.context.event.ApplicationListenerMethodAdapter.doInvoke(ApplicationListenerMethodAdapter.java:365)
	at org.springframework.context.event.ApplicationListenerMethodAdapter.processEvent(ApplicationListenerMethodAdapter.java:237)
	at org.springframework.context.event.ApplicationListenerMethodAdapter.onApplicationEvent(ApplicationListenerMethodAdapter.java:168)
	at org.springframework.context.event.SimpleApplicationEventMulticaster.doInvokeListener(SimpleApplicationEventMulticaster.java:185)
	at org.springframework.context.event.SimpleApplicationEventMulticaster.invokeListener(SimpleApplicationEventMulticaster.java:178)
	at org.springframework.context.event.SimpleApplicationEventMulticaster.multicastEvent(SimpleApplicationEventMulticaster.java:156)
	at org.springframework.context.support.AbstractApplicationContext.publishEvent(AbstractApplicationContext.java:452)
	at org.springframework.context.support.AbstractApplicationContext.publishEvent(AbstractApplicationContext.java:385)
	at org.springframework.boot.context.event.EventPublishingRunListener.ready(EventPublishingRunListener.java:109)
	at org.springframework.boot.SpringApplicationRunListeners.lambda$ready$6(SpringApplicationRunListeners.java:80)
	at java.base/java.lang.Iterable.forEach(Iterable.java:75)
	at org.springframework.boot.SpringApplicationRunListeners.doWithListeners(SpringApplicationRunListeners.java:118)
	at org.springframework.boot.SpringApplicationRunListeners.doWithListeners(SpringApplicationRunListeners.java:112)
	at org.springframework.boot.SpringApplicationRunListeners.ready(SpringApplicationRunListeners.java:80)
	at org.springframework.boot.SpringApplication.run(SpringApplication.java:349)
	at org.springframework.boot.SpringApplication.run(SpringApplication.java:1363)
	at org.springframework.boot.SpringApplication.run(SpringApplication.java:1352)
	at com.example.physiokalendar.PhysiokalendarApplication.main(PhysiokalendarApplication.java:12)
	at java.base/jdk.internal.reflect.NativeMethodAccessorImpl.invoke0(Native Method)
	at java.base/jdk.internal.reflect.NativeMethodAccessorImpl.invoke(NativeMethodAccessorImpl.java:77)
	at java.base/jdk.internal.reflect.DelegatingMethodAccessorImpl.invoke(DelegatingMethodAccessorImpl.java:43)
	at java.base/java.lang.reflect.Method.invoke(Method.java:568)
	at org.springframework.boot.devtools.restart.RestartLauncher.run(RestartLauncher.java:50)
2026-02-18 02:58:11.530 [restartedMain] ERROR c.e.p.s.AppointmentSeriesGeneratorJob - Error generating appointments for series 4438: failed to lazily initialize a collection of role: com.example.physiokalendar.entity.AppointmentSeries.cancellations: could not initialize proxy - no Session
org.hibernate.LazyInitializationException: failed to lazily initialize a collection of role: com.example.physiokalendar.entity.AppointmentSeries.cancellations: could not initialize proxy - no Session
	at org.hibernate.collection.spi.AbstractPersistentCollection.throwLazyInitializationException(AbstractPersistentCollection.java:636)
	at org.hibernate.collection.spi.AbstractPersistentCollection.withTemporarySessionIfNeeded(AbstractPersistentCollection.java:219)
	at org.hibernate.collection.spi.AbstractPersistentCollection.initialize(AbstractPersistentCollection.java:615)
	at org.hibernate.collection.spi.AbstractPersistentCollection.read(AbstractPersistentCollection.java:138)
	at org.hibernate.collection.spi.PersistentBag.iterator(PersistentBag.java:369)
	at java.base/java.util.Spliterators$IteratorSpliterator.estimateSize(Spliterators.java:1865)
	at java.base/java.util.Spliterator.getExactSizeIfKnown(Spliterator.java:414)
	at java.base/java.util.stream.AbstractPipeline.copyInto(AbstractPipeline.java:508)
	at java.base/java.util.stream.AbstractPipeline.wrapAndCopyInto(AbstractPipeline.java:499)
	at java.base/java.util.stream.ReduceOps$ReduceOp.evaluateSequential(ReduceOps.java:921)
	at java.base/java.util.stream.AbstractPipeline.evaluate(AbstractPipeline.java:234)
	at java.base/java.util.stream.ReferencePipeline.collect(ReferencePipeline.java:682)
	at com.example.physiokalendar.service.AppointmentSeriesGeneratorJob.generateAppointmentsForSeries(AppointmentSeriesGeneratorJob.java:151)
	at com.example.physiokalendar.service.AppointmentSeriesGeneratorJob.generateMissingAppointments(AppointmentSeriesGeneratorJob.java:107)
	at com.example.physiokalendar.service.AppointmentSeriesGeneratorJob.onApplicationReady(AppointmentSeriesGeneratorJob.java:57)
	at java.base/jdk.internal.reflect.NativeMethodAccessorImpl.invoke0(Native Method)
	at java.base/jdk.internal.reflect.NativeMethodAccessorImpl.invoke(NativeMethodAccessorImpl.java:77)
	at java.base/jdk.internal.reflect.DelegatingMethodAccessorImpl.invoke(DelegatingMethodAccessorImpl.java:43)
	at java.base/java.lang.reflect.Method.invoke(Method.java:568)
	at org.springframework.context.event.ApplicationListenerMethodAdapter.doInvoke(ApplicationListenerMethodAdapter.java:365)
	at org.springframework.context.event.ApplicationListenerMethodAdapter.processEvent(ApplicationListenerMethodAdapter.java:237)
	at org.springframework.context.event.ApplicationListenerMethodAdapter.onApplicationEvent(ApplicationListenerMethodAdapter.java:168)
	at org.springframework.context.event.SimpleApplicationEventMulticaster.doInvokeListener(SimpleApplicationEventMulticaster.java:185)
	at org.springframework.context.event.SimpleApplicationEventMulticaster.invokeListener(SimpleApplicationEventMulticaster.java:178)
	at org.springframework.context.event.SimpleApplicationEventMulticaster.multicastEvent(SimpleApplicationEventMulticaster.java:156)
	at org.springframework.context.support.AbstractApplicationContext.publishEvent(AbstractApplicationContext.java:452)
	at org.springframework.context.support.AbstractApplicationContext.publishEvent(AbstractApplicationContext.java:385)
	at org.springframework.boot.context.event.EventPublishingRunListener.ready(EventPublishingRunListener.java:109)
	at org.springframework.boot.SpringApplicationRunListeners.lambda$ready$6(SpringApplicationRunListeners.java:80)
	at java.base/java.lang.Iterable.forEach(Iterable.java:75)
	at org.springframework.boot.SpringApplicationRunListeners.doWithListeners(SpringApplicationRunListeners.java:118)
	at org.springframework.boot.SpringApplicationRunListeners.doWithListeners(SpringApplicationRunListeners.java:112)
	at org.springframework.boot.SpringApplicationRunListeners.ready(SpringApplicationRunListeners.java:80)
	at org.springframework.boot.SpringApplication.run(SpringApplication.java:349)
	at org.springframework.boot.SpringApplication.run(SpringApplication.java:1363)
	at org.springframework.boot.SpringApplication.run(SpringApplication.java:1352)
	at com.example.physiokalendar.PhysiokalendarApplication.main(PhysiokalendarApplication.java:12)
	at java.base/jdk.internal.reflect.NativeMethodAccessorImpl.invoke0(Native Method)
	at java.base/jdk.internal.reflect.NativeMethodAccessorImpl.invoke(NativeMethodAccessorImpl.java:77)
	at java.base/jdk.internal.reflect.DelegatingMethodAccessorImpl.invoke(DelegatingMethodAccessorImpl.java:43)
	at java.base/java.lang.reflect.Method.invoke(Method.java:568)
	at org.springframework.boot.devtools.restart.RestartLauncher.run(RestartLauncher.java:50)
2026-02-18 02:58:11.534 [restartedMain] ERROR c.e.p.s.AppointmentSeriesGeneratorJob - Error generating appointments for series 4439: failed to lazily initialize a collection of role: com.example.physiokalendar.entity.AppointmentSeries.cancellations: could not initialize proxy - no Session
org.hibernate.LazyInitializationException: failed to lazily initialize a collection of role: com.example.physiokalendar.entity.AppointmentSeries.cancellations: could not initialize proxy - no Session
	at org.hibernate.collection.spi.AbstractPersistentCollection.throwLazyInitializationException(AbstractPersistentCollection.java:636)
	at org.hibernate.collection.spi.AbstractPersistentCollection.withTemporarySessionIfNeeded(AbstractPersistentCollection.java:219)
	at org.hibernate.collection.spi.AbstractPersistentCollection.initialize(AbstractPersistentCollection.java:615)
	at org.hibernate.collection.spi.AbstractPersistentCollection.read(AbstractPersistentCollection.java:138)
	at org.hibernate.collection.spi.PersistentBag.iterator(PersistentBag.java:369)
	at java.base/java.util.Spliterators$IteratorSpliterator.estimateSize(Spliterators.java:1865)
	at java.base/java.util.Spliterator.getExactSizeIfKnown(Spliterator.java:414)
	at java.base/java.util.stream.AbstractPipeline.copyInto(AbstractPipeline.java:508)
	at java.base/java.util.stream.AbstractPipeline.wrapAndCopyInto(AbstractPipeline.java:499)
	at java.base/java.util.stream.ReduceOps$ReduceOp.evaluateSequential(ReduceOps.java:921)
	at java.base/java.util.stream.AbstractPipeline.evaluate(AbstractPipeline.java:234)
	at java.base/java.util.stream.ReferencePipeline.collect(ReferencePipeline.java:682)
	at com.example.physiokalendar.service.AppointmentSeriesGeneratorJob.generateAppointmentsForSeries(AppointmentSeriesGeneratorJob.java:151)
	at com.example.physiokalendar.service.AppointmentSeriesGeneratorJob.generateMissingAppointments(AppointmentSeriesGeneratorJob.java:107)
	at com.example.physiokalendar.service.AppointmentSeriesGeneratorJob.onApplicationReady(AppointmentSeriesGeneratorJob.java:57)
	at java.base/jdk.internal.reflect.NativeMethodAccessorImpl.invoke0(Native Method)
	at java.base/jdk.internal.reflect.NativeMethodAccessorImpl.invoke(NativeMethodAccessorImpl.java:77)
	at java.base/jdk.internal.reflect.DelegatingMethodAccessorImpl.invoke(DelegatingMethodAccessorImpl.java:43)
	at java.base/java.lang.reflect.Method.invoke(Method.java:568)
	at org.springframework.context.event.ApplicationListenerMethodAdapter.doInvoke(ApplicationListenerMethodAdapter.java:365)
	at org.springframework.context.event.ApplicationListenerMethodAdapter.processEvent(ApplicationListenerMethodAdapter.java:237)
	at org.springframework.context.event.ApplicationListenerMethodAdapter.onApplicationEvent(ApplicationListenerMethodAdapter.java:168)
	at org.springframework.context.event.SimpleApplicationEventMulticaster.doInvokeListener(SimpleApplicationEventMulticaster.java:185)
	at org.springframework.context.event.SimpleApplicationEventMulticaster.invokeListener(SimpleApplicationEventMulticaster.java:178)
	at org.springframework.context.event.SimpleApplicationEventMulticaster.multicastEvent(SimpleApplicationEventMulticaster.java:156)
	at org.springframework.context.support.AbstractApplicationContext.publishEvent(AbstractApplicationContext.java:452)
	at org.springframework.context.support.AbstractApplicationContext.publishEvent(AbstractApplicationContext.java:385)
	at org.springframework.boot.context.event.EventPublishingRunListener.ready(EventPublishingRunListener.java:109)
	at org.springframework.boot.SpringApplicationRunListeners.lambda$ready$6(SpringApplicationRunListeners.java:80)
	at java.base/java.lang.Iterable.forEach(Iterable.java:75)
	at org.springframework.boot.SpringApplicationRunListeners.doWithListeners(SpringApplicationRunListeners.java:118)
	at org.springframework.boot.SpringApplicationRunListeners.doWithListeners(SpringApplicationRunListeners.java:112)
	at org.springframework.boot.SpringApplicationRunListeners.ready(SpringApplicationRunListeners.java:80)
	at org.springframework.boot.SpringApplication.run(SpringApplication.java:349)
	at org.springframework.boot.SpringApplication.run(SpringApplication.java:1363)
	at org.springframework.boot.SpringApplication.run(SpringApplication.java:1352)
	at com.example.physiokalendar.PhysiokalendarApplication.main(PhysiokalendarApplication.java:12)
	at java.base/jdk.internal.reflect.NativeMethodAccessorImpl.invoke0(Native Method)
	at java.base/jdk.internal.reflect.NativeMethodAccessorImpl.invoke(NativeMethodAccessorImpl.java:77)
	at java.base/jdk.internal.reflect.DelegatingMethodAccessorImpl.invoke(DelegatingMethodAccessorImpl.java:43)
	at java.base/java.lang.reflect.Method.invoke(Method.java:568)
	at org.springframework.boot.devtools.restart.RestartLauncher.run(RestartLauncher.java:50)
2026-02-18 02:58:11.538 [restartedMain] ERROR c.e.p.s.AppointmentSeriesGeneratorJob - Error generating appointments for series 4440: failed to lazily initialize a collection of role: com.example.physiokalendar.entity.AppointmentSeries.cancellations: could not initialize proxy - no Session
org.hibernate.LazyInitializationException: failed to lazily initialize a collection of role: com.example.physiokalendar.entity.AppointmentSeries.cancellations: could not initialize proxy - no Session
	at org.hibernate.collection.spi.AbstractPersistentCollection.throwLazyInitializationException(AbstractPersistentCollection.java:636)
	at org.hibernate.collection.spi.AbstractPersistentCollection.withTemporarySessionIfNeeded(AbstractPersistentCollection.java:219)
	at org.hibernate.collection.spi.AbstractPersistentCollection.initialize(AbstractPersistentCollection.java:615)
	at org.hibernate.collection.spi.AbstractPersistentCollection.read(AbstractPersistentCollection.java:138)
	at org.hibernate.collection.spi.PersistentBag.iterator(PersistentBag.java:369)
	at java.base/java.util.Spliterators$IteratorSpliterator.estimateSize(Spliterators.java:1865)
	at java.base/java.util.Spliterator.getExactSizeIfKnown(Spliterator.java:414)
	at java.base/java.util.stream.AbstractPipeline.copyInto(AbstractPipeline.java:508)
	at java.base/java.util.stream.AbstractPipeline.wrapAndCopyInto(AbstractPipeline.java:499)
	at java.base/java.util.stream.ReduceOps$ReduceOp.evaluateSequential(ReduceOps.java:921)
	at java.base/java.util.stream.AbstractPipeline.evaluate(AbstractPipeline.java:234)
	at java.base/java.util.stream.ReferencePipeline.collect(ReferencePipeline.java:682)
	at com.example.physiokalendar.service.AppointmentSeriesGeneratorJob.generateAppointmentsForSeries(AppointmentSeriesGeneratorJob.java:151)
	at com.example.physiokalendar.service.AppointmentSeriesGeneratorJob.generateMissingAppointments(AppointmentSeriesGeneratorJob.java:107)
	at com.example.physiokalendar.service.AppointmentSeriesGeneratorJob.onApplicationReady(AppointmentSeriesGeneratorJob.java:57)
	at java.base/jdk.internal.reflect.NativeMethodAccessorImpl.invoke0(Native Method)
	at java.base/jdk.internal.reflect.NativeMethodAccessorImpl.invoke(NativeMethodAccessorImpl.java:77)
	at java.base/jdk.internal.reflect.DelegatingMethodAccessorImpl.invoke(DelegatingMethodAccessorImpl.java:43)
	at java.base/java.lang.reflect.Method.invoke(Method.java:568)
	at org.springframework.context.event.ApplicationListenerMethodAdapter.doInvoke(ApplicationListenerMethodAdapter.java:365)
	at org.springframework.context.event.ApplicationListenerMethodAdapter.processEvent(ApplicationListenerMethodAdapter.java:237)
	at org.springframework.context.event.ApplicationListenerMethodAdapter.onApplicationEvent(ApplicationListenerMethodAdapter.java:168)
	at org.springframework.context.event.SimpleApplicationEventMulticaster.doInvokeListener(SimpleApplicationEventMulticaster.java:185)
	at org.springframework.context.event.SimpleApplicationEventMulticaster.invokeListener(SimpleApplicationEventMulticaster.java:178)
	at org.springframework.context.event.SimpleApplicationEventMulticaster.multicastEvent(SimpleApplicationEventMulticaster.java:156)
	at org.springframework.context.support.AbstractApplicationContext.publishEvent(AbstractApplicationContext.java:452)
	at org.springframework.context.support.AbstractApplicationContext.publishEvent(AbstractApplicationContext.java:385)
	at org.springframework.boot.context.event.EventPublishingRunListener.ready(EventPublishingRunListener.java:109)
	at org.springframework.boot.SpringApplicationRunListeners.lambda$ready$6(SpringApplicationRunListeners.java:80)
	at java.base/java.lang.Iterable.forEach(Iterable.java:75)
	at org.springframework.boot.SpringApplicationRunListeners.doWithListeners(SpringApplicationRunListeners.java:118)
	at org.springframework.boot.SpringApplicationRunListeners.doWithListeners(SpringApplicationRunListeners.java:112)
	at org.springframework.boot.SpringApplicationRunListeners.ready(SpringApplicationRunListeners.java:80)
	at org.springframework.boot.SpringApplication.run(SpringApplication.java:349)
	at org.springframework.boot.SpringApplication.run(SpringApplication.java:1363)
	at org.springframework.boot.SpringApplication.run(SpringApplication.java:1352)
	at com.example.physiokalendar.PhysiokalendarApplication.main(PhysiokalendarApplication.java:12)
	at java.base/jdk.internal.reflect.NativeMethodAccessorImpl.invoke0(Native Method)
	at java.base/jdk.internal.reflect.NativeMethodAccessorImpl.invoke(NativeMethodAccessorImpl.java:77)
	at java.base/jdk.internal.reflect.DelegatingMethodAccessorImpl.invoke(DelegatingMethodAccessorImpl.java:43)
	at java.base/java.lang.reflect.Method.invoke(Method.java:568)
	at org.springframework.boot.devtools.restart.RestartLauncher.run(RestartLauncher.java:50)
2026-02-18 02:58:11.542 [restartedMain] ERROR c.e.p.s.AppointmentSeriesGeneratorJob - Error generating appointments for series 4441: failed to lazily initialize a collection of role: com.example.physiokalendar.entity.AppointmentSeries.cancellations: could not initialize proxy - no Session
org.hibernate.LazyInitializationException: failed to lazily initialize a collection of role: com.example.physiokalendar.entity.AppointmentSeries.cancellations: could not initialize proxy - no Session
	at org.hibernate.collection.spi.AbstractPersistentCollection.throwLazyInitializationException(AbstractPersistentCollection.java:636)
	at org.hibernate.collection.spi.AbstractPersistentCollection.withTemporarySessionIfNeeded(AbstractPersistentCollection.java:219)
	at org.hibernate.collection.spi.AbstractPersistentCollection.initialize(AbstractPersistentCollection.java:615)
	at org.hibernate.collection.spi.AbstractPersistentCollection.read(AbstractPersistentCollection.java:138)
	at org.hibernate.collection.spi.PersistentBag.iterator(PersistentBag.java:369)
	at java.base/java.util.Spliterators$IteratorSpliterator.estimateSize(Spliterators.java:1865)
	at java.base/java.util.Spliterator.getExactSizeIfKnown(Spliterator.java:414)
	at java.base/java.util.stream.AbstractPipeline.copyInto(AbstractPipeline.java:508)
	at java.base/java.util.stream.AbstractPipeline.wrapAndCopyInto(AbstractPipeline.java:499)
	at java.base/java.util.stream.ReduceOps$ReduceOp.evaluateSequential(ReduceOps.java:921)
	at java.base/java.util.stream.AbstractPipeline.evaluate(AbstractPipeline.java:234)
	at java.base/java.util.stream.ReferencePipeline.collect(ReferencePipeline.java:682)
	at com.example.physiokalendar.service.AppointmentSeriesGeneratorJob.generateAppointmentsForSeries(AppointmentSeriesGeneratorJob.java:151)
	at com.example.physiokalendar.service.AppointmentSeriesGeneratorJob.generateMissingAppointments(AppointmentSeriesGeneratorJob.java:107)
	at com.example.physiokalendar.service.AppointmentSeriesGeneratorJob.onApplicationReady(AppointmentSeriesGeneratorJob.java:57)
	at java.base/jdk.internal.reflect.NativeMethodAccessorImpl.invoke0(Native Method)
	at java.base/jdk.internal.reflect.NativeMethodAccessorImpl.invoke(NativeMethodAccessorImpl.java:77)
	at java.base/jdk.internal.reflect.DelegatingMethodAccessorImpl.invoke(DelegatingMethodAccessorImpl.java:43)
	at java.base/java.lang.reflect.Method.invoke(Method.java:568)
	at org.springframework.context.event.ApplicationListenerMethodAdapter.doInvoke(ApplicationListenerMethodAdapter.java:365)
	at org.springframework.context.event.ApplicationListenerMethodAdapter.processEvent(ApplicationListenerMethodAdapter.java:237)
	at org.springframework.context.event.ApplicationListenerMethodAdapter.onApplicationEvent(ApplicationListenerMethodAdapter.java:168)
	at org.springframework.context.event.SimpleApplicationEventMulticaster.doInvokeListener(SimpleApplicationEventMulticaster.java:185)
	at org.springframework.context.event.SimpleApplicationEventMulticaster.invokeListener(SimpleApplicationEventMulticaster.java:178)
	at org.springframework.context.event.SimpleApplicationEventMulticaster.multicastEvent(SimpleApplicationEventMulticaster.java:156)
	at org.springframework.context.support.AbstractApplicationContext.publishEvent(AbstractApplicationContext.java:452)
	at org.springframework.context.support.AbstractApplicationContext.publishEvent(AbstractApplicationContext.java:385)
	at org.springframework.boot.context.event.EventPublishingRunListener.ready(EventPublishingRunListener.java:109)
	at org.springframework.boot.SpringApplicationRunListeners.lambda$ready$6(SpringApplicationRunListeners.java:80)
	at java.base/java.lang.Iterable.forEach(Iterable.java:75)
	at org.springframework.boot.SpringApplicationRunListeners.doWithListeners(SpringApplicationRunListeners.java:118)
	at org.springframework.boot.SpringApplicationRunListeners.doWithListeners(SpringApplicationRunListeners.java:112)
	at org.springframework.boot.SpringApplicationRunListeners.ready(SpringApplicationRunListeners.java:80)
	at org.springframework.boot.SpringApplication.run(SpringApplication.java:349)
	at org.springframework.boot.SpringApplication.run(SpringApplication.java:1363)
	at org.springframework.boot.SpringApplication.run(SpringApplication.java:1352)
	at com.example.physiokalendar.PhysiokalendarApplication.main(PhysiokalendarApplication.java:12)
	at java.base/jdk.internal.reflect.NativeMethodAccessorImpl.invoke0(Native Method)
	at java.base/jdk.internal.reflect.NativeMethodAccessorImpl.invoke(NativeMethodAccessorImpl.java:77)
	at java.base/jdk.internal.reflect.DelegatingMethodAccessorImpl.invoke(DelegatingMethodAccessorImpl.java:43)
	at java.base/java.lang.reflect.Method.invoke(Method.java:568)
	at org.springframework.boot.devtools.restart.RestartLauncher.run(RestartLauncher.java:50)
2026-02-18 02:58:11.546 [restartedMain] ERROR c.e.p.s.AppointmentSeriesGeneratorJob - Error generating appointments for series 4442: failed to lazily initialize a collection of role: com.example.physiokalendar.entity.AppointmentSeries.cancellations: could not initialize proxy - no Session
org.hibernate.LazyInitializationException: failed to lazily initialize a collection of role: com.example.physiokalendar.entity.AppointmentSeries.cancellations: could not initialize proxy - no Session
	at org.hibernate.collection.spi.AbstractPersistentCollection.throwLazyInitializationException(AbstractPersistentCollection.java:636)
	at org.hibernate.collection.spi.AbstractPersistentCollection.withTemporarySessionIfNeeded(AbstractPersistentCollection.java:219)
	at org.hibernate.collection.spi.AbstractPersistentCollection.initialize(AbstractPersistentCollection.java:615)
	at org.hibernate.collection.spi.AbstractPersistentCollection.read(AbstractPersistentCollection.java:138)
	at org.hibernate.collection.spi.PersistentBag.iterator(PersistentBag.java:369)
	at java.base/java.util.Spliterators$IteratorSpliterator.estimateSize(Spliterators.java:1865)
	at java.base/java.util.Spliterator.getExactSizeIfKnown(Spliterator.java:414)
	at java.base/java.util.stream.AbstractPipeline.copyInto(AbstractPipeline.java:508)
	at java.base/java.util.stream.AbstractPipeline.wrapAndCopyInto(AbstractPipeline.java:499)
	at java.base/java.util.stream.ReduceOps$ReduceOp.evaluateSequential(ReduceOps.java:921)
	at java.base/java.util.stream.AbstractPipeline.evaluate(AbstractPipeline.java:234)
	at java.base/java.util.stream.ReferencePipeline.collect(ReferencePipeline.java:682)
	at com.example.physiokalendar.service.AppointmentSeriesGeneratorJob.generateAppointmentsForSeries(AppointmentSeriesGeneratorJob.java:151)
	at com.example.physiokalendar.service.AppointmentSeriesGeneratorJob.generateMissingAppointments(AppointmentSeriesGeneratorJob.java:107)
	at com.example.physiokalendar.service.AppointmentSeriesGeneratorJob.onApplicationReady(AppointmentSeriesGeneratorJob.java:57)
	at java.base/jdk.internal.reflect.NativeMethodAccessorImpl.invoke0(Native Method)
	at java.base/jdk.internal.reflect.NativeMethodAccessorImpl.invoke(NativeMethodAccessorImpl.java:77)
	at java.base/jdk.internal.reflect.DelegatingMethodAccessorImpl.invoke(DelegatingMethodAccessorImpl.java:43)
	at java.base/java.lang.reflect.Method.invoke(Method.java:568)
	at org.springframework.context.event.ApplicationListenerMethodAdapter.doInvoke(ApplicationListenerMethodAdapter.java:365)
	at org.springframework.context.event.ApplicationListenerMethodAdapter.processEvent(ApplicationListenerMethodAdapter.java:237)
	at org.springframework.context.event.ApplicationListenerMethodAdapter.onApplicationEvent(ApplicationListenerMethodAdapter.java:168)
	at org.springframework.context.event.SimpleApplicationEventMulticaster.doInvokeListener(SimpleApplicationEventMulticaster.java:185)
	at org.springframework.context.event.SimpleApplicationEventMulticaster.invokeListener(SimpleApplicationEventMulticaster.java:178)
	at org.springframework.context.event.SimpleApplicationEventMulticaster.multicastEvent(SimpleApplicationEventMulticaster.java:156)
	at org.springframework.context.support.AbstractApplicationContext.publishEvent(AbstractApplicationContext.java:452)
	at org.springframework.context.support.AbstractApplicationContext.publishEvent(AbstractApplicationContext.java:385)
	at org.springframework.boot.context.event.EventPublishingRunListener.ready(EventPublishingRunListener.java:109)
	at org.springframework.boot.SpringApplicationRunListeners.lambda$ready$6(SpringApplicationRunListeners.java:80)
	at java.base/java.lang.Iterable.forEach(Iterable.java:75)
	at org.springframework.boot.SpringApplicationRunListeners.doWithListeners(SpringApplicationRunListeners.java:118)
	at org.springframework.boot.SpringApplicationRunListeners.doWithListeners(SpringApplicationRunListeners.java:112)
	at org.springframework.boot.SpringApplicationRunListeners.ready(SpringApplicationRunListeners.java:80)
	at org.springframework.boot.SpringApplication.run(SpringApplication.java:349)
	at org.springframework.boot.SpringApplication.run(SpringApplication.java:1363)
	at org.springframework.boot.SpringApplication.run(SpringApplication.java:1352)
	at com.example.physiokalendar.PhysiokalendarApplication.main(PhysiokalendarApplication.java:12)
	at java.base/jdk.internal.reflect.NativeMethodAccessorImpl.invoke0(Native Method)
	at java.base/jdk.internal.reflect.NativeMethodAccessorImpl.invoke(NativeMethodAccessorImpl.java:77)
	at java.base/jdk.internal.reflect.DelegatingMethodAccessorImpl.invoke(DelegatingMethodAccessorImpl.java:43)
	at java.base/java.lang.reflect.Method.invoke(Method.java:568)
	at org.springframework.boot.devtools.restart.RestartLauncher.run(RestartLauncher.java:50)
2026-02-18 02:58:11.550 [restartedMain] ERROR c.e.p.s.AppointmentSeriesGeneratorJob - Error generating appointments for series 4443: failed to lazily initialize a collection of role: com.example.physiokalendar.entity.AppointmentSeries.cancellations: could not initialize proxy - no Session
org.hibernate.LazyInitializationException: failed to lazily initialize a collection of role: com.example.physiokalendar.entity.AppointmentSeries.cancellations: could not initialize proxy - no Session
	at org.hibernate.collection.spi.AbstractPersistentCollection.throwLazyInitializationException(AbstractPersistentCollection.java:636)
	at org.hibernate.collection.spi.AbstractPersistentCollection.withTemporarySessionIfNeeded(AbstractPersistentCollection.java:219)
	at org.hibernate.collection.spi.AbstractPersistentCollection.initialize(AbstractPersistentCollection.java:615)
	at org.hibernate.collection.spi.AbstractPersistentCollection.read(AbstractPersistentCollection.java:138)
	at org.hibernate.collection.spi.PersistentBag.iterator(PersistentBag.java:369)
	at java.base/java.util.Spliterators$IteratorSpliterator.estimateSize(Spliterators.java:1865)
	at java.base/java.util.Spliterator.getExactSizeIfKnown(Spliterator.java:414)
	at java.base/java.util.stream.AbstractPipeline.copyInto(AbstractPipeline.java:508)
	at java.base/java.util.stream.AbstractPipeline.wrapAndCopyInto(AbstractPipeline.java:499)
	at java.base/java.util.stream.ReduceOps$ReduceOp.evaluateSequential(ReduceOps.java:921)
	at java.base/java.util.stream.AbstractPipeline.evaluate(AbstractPipeline.java:234)
	at java.base/java.util.stream.ReferencePipeline.collect(ReferencePipeline.java:682)
	at com.example.physiokalendar.service.AppointmentSeriesGeneratorJob.generateAppointmentsForSeries(AppointmentSeriesGeneratorJob.java:151)
	at com.example.physiokalendar.service.AppointmentSeriesGeneratorJob.generateMissingAppointments(AppointmentSeriesGeneratorJob.java:107)
	at com.example.physiokalendar.service.AppointmentSeriesGeneratorJob.onApplicationReady(AppointmentSeriesGeneratorJob.java:57)
	at java.base/jdk.internal.reflect.NativeMethodAccessorImpl.invoke0(Native Method)
	at java.base/jdk.internal.reflect.NativeMethodAccessorImpl.invoke(NativeMethodAccessorImpl.java:77)
	at java.base/jdk.internal.reflect.DelegatingMethodAccessorImpl.invoke(DelegatingMethodAccessorImpl.java:43)
	at java.base/java.lang.reflect.Method.invoke(Method.java:568)
	at org.springframework.context.event.ApplicationListenerMethodAdapter.doInvoke(ApplicationListenerMethodAdapter.java:365)
	at org.springframework.context.event.ApplicationListenerMethodAdapter.processEvent(ApplicationListenerMethodAdapter.java:237)
	at org.springframework.context.event.ApplicationListenerMethodAdapter.onApplicationEvent(ApplicationListenerMethodAdapter.java:168)
	at org.springframework.context.event.SimpleApplicationEventMulticaster.doInvokeListener(SimpleApplicationEventMulticaster.java:185)
	at org.springframework.context.event.SimpleApplicationEventMulticaster.invokeListener(SimpleApplicationEventMulticaster.java:178)
	at org.springframework.context.event.SimpleApplicationEventMulticaster.multicastEvent(SimpleApplicationEventMulticaster.java:156)
	at org.springframework.context.support.AbstractApplicationContext.publishEvent(AbstractApplicationContext.java:452)
	at org.springframework.context.support.AbstractApplicationContext.publishEvent(AbstractApplicationContext.java:385)
	at org.springframework.boot.context.event.EventPublishingRunListener.ready(EventPublishingRunListener.java:109)
	at org.springframework.boot.SpringApplicationRunListeners.lambda$ready$6(SpringApplicationRunListeners.java:80)
	at java.base/java.lang.Iterable.forEach(Iterable.java:75)
	at org.springframework.boot.SpringApplicationRunListeners.doWithListeners(SpringApplicationRunListeners.java:118)
	at org.springframework.boot.SpringApplicationRunListeners.doWithListeners(SpringApplicationRunListeners.java:112)
	at org.springframework.boot.SpringApplicationRunListeners.ready(SpringApplicationRunListeners.java:80)
	at org.springframework.boot.SpringApplication.run(SpringApplication.java:349)
	at org.springframework.boot.SpringApplication.run(SpringApplication.java:1363)
	at org.springframework.boot.SpringApplication.run(SpringApplication.java:1352)
	at com.example.physiokalendar.PhysiokalendarApplication.main(PhysiokalendarApplication.java:12)
	at java.base/jdk.internal.reflect.NativeMethodAccessorImpl.invoke0(Native Method)
	at java.base/jdk.internal.reflect.NativeMethodAccessorImpl.invoke(NativeMethodAccessorImpl.java:77)
	at java.base/jdk.internal.reflect.DelegatingMethodAccessorImpl.invoke(DelegatingMethodAccessorImpl.java:43)
	at java.base/java.lang.reflect.Method.invoke(Method.java:568)
	at org.springframework.boot.devtools.restart.RestartLauncher.run(RestartLauncher.java:50)
2026-02-18 02:58:11.554 [restartedMain] ERROR c.e.p.s.AppointmentSeriesGeneratorJob - Error generating appointments for series 4444: failed to lazily initialize a collection of role: com.example.physiokalendar.entity.AppointmentSeries.cancellations: could not initialize proxy - no Session
org.hibernate.LazyInitializationException: failed to lazily initialize a collection of role: com.example.physiokalendar.entity.AppointmentSeries.cancellations: could not initialize proxy - no Session
	at org.hibernate.collection.spi.AbstractPersistentCollection.throwLazyInitializationException(AbstractPersistentCollection.java:636)
	at org.hibernate.collection.spi.AbstractPersistentCollection.withTemporarySessionIfNeeded(AbstractPersistentCollection.java:219)
	at org.hibernate.collection.spi.AbstractPersistentCollection.initialize(AbstractPersistentCollection.java:615)
	at org.hibernate.collection.spi.AbstractPersistentCollection.read(AbstractPersistentCollection.java:138)
	at org.hibernate.collection.spi.PersistentBag.iterator(PersistentBag.java:369)
	at java.base/java.util.Spliterators$IteratorSpliterator.estimateSize(Spliterators.java:1865)
	at java.base/java.util.Spliterator.getExactSizeIfKnown(Spliterator.java:414)
	at java.base/java.util.stream.AbstractPipeline.copyInto(AbstractPipeline.java:508)
	at java.base/java.util.stream.AbstractPipeline.wrapAndCopyInto(AbstractPipeline.java:499)
	at java.base/java.util.stream.ReduceOps$ReduceOp.evaluateSequential(ReduceOps.java:921)
	at java.base/java.util.stream.AbstractPipeline.evaluate(AbstractPipeline.java:234)
	at java.base/java.util.stream.ReferencePipeline.collect(ReferencePipeline.java:682)
	at com.example.physiokalendar.service.AppointmentSeriesGeneratorJob.generateAppointmentsForSeries(AppointmentSeriesGeneratorJob.java:151)
	at com.example.physiokalendar.service.AppointmentSeriesGeneratorJob.generateMissingAppointments(AppointmentSeriesGeneratorJob.java:107)
	at com.example.physiokalendar.service.AppointmentSeriesGeneratorJob.onApplicationReady(AppointmentSeriesGeneratorJob.java:57)
	at java.base/jdk.internal.reflect.NativeMethodAccessorImpl.invoke0(Native Method)
	at java.base/jdk.internal.reflect.NativeMethodAccessorImpl.invoke(NativeMethodAccessorImpl.java:77)
	at java.base/jdk.internal.reflect.DelegatingMethodAccessorImpl.invoke(DelegatingMethodAccessorImpl.java:43)
	at java.base/java.lang.reflect.Method.invoke(Method.java:568)
	at org.springframework.context.event.ApplicationListenerMethodAdapter.doInvoke(ApplicationListenerMethodAdapter.java:365)
	at org.springframework.context.event.ApplicationListenerMethodAdapter.processEvent(ApplicationListenerMethodAdapter.java:237)
	at org.springframework.context.event.ApplicationListenerMethodAdapter.onApplicationEvent(ApplicationListenerMethodAdapter.java:168)
	at org.springframework.context.event.SimpleApplicationEventMulticaster.doInvokeListener(SimpleApplicationEventMulticaster.java:185)
	at org.springframework.context.event.SimpleApplicationEventMulticaster.invokeListener(SimpleApplicationEventMulticaster.java:178)
	at org.springframework.context.event.SimpleApplicationEventMulticaster.multicastEvent(SimpleApplicationEventMulticaster.java:156)
	at org.springframework.context.support.AbstractApplicationContext.publishEvent(AbstractApplicationContext.java:452)
	at org.springframework.context.support.AbstractApplicationContext.publishEvent(AbstractApplicationContext.java:385)
	at org.springframework.boot.context.event.EventPublishingRunListener.ready(EventPublishingRunListener.java:109)
	at org.springframework.boot.SpringApplicationRunListeners.lambda$ready$6(SpringApplicationRunListeners.java:80)
	at java.base/java.lang.Iterable.forEach(Iterable.java:75)
	at org.springframework.boot.SpringApplicationRunListeners.doWithListeners(SpringApplicationRunListeners.java:118)
	at org.springframework.boot.SpringApplicationRunListeners.doWithListeners(SpringApplicationRunListeners.java:112)
	at org.springframework.boot.SpringApplicationRunListeners.ready(SpringApplicationRunListeners.java:80)
	at org.springframework.boot.SpringApplication.run(SpringApplication.java:349)
	at org.springframework.boot.SpringApplication.run(SpringApplication.java:1363)
	at org.springframework.boot.SpringApplication.run(SpringApplication.java:1352)
	at com.example.physiokalendar.PhysiokalendarApplication.main(PhysiokalendarApplication.java:12)
	at java.base/jdk.internal.reflect.NativeMethodAccessorImpl.invoke0(Native Method)
	at java.base/jdk.internal.reflect.NativeMethodAccessorImpl.invoke(NativeMethodAccessorImpl.java:77)
	at java.base/jdk.internal.reflect.DelegatingMethodAccessorImpl.invoke(DelegatingMethodAccessorImpl.java:43)
	at java.base/java.lang.reflect.Method.invoke(Method.java:568)
	at org.springframework.boot.devtools.restart.RestartLauncher.run(RestartLauncher.java:50)
2026-02-18 02:58:11.558 [restartedMain] ERROR c.e.p.s.AppointmentSeriesGeneratorJob - Error generating appointments for series 4445: failed to lazily initialize a collection of role: com.example.physiokalendar.entity.AppointmentSeries.cancellations: could not initialize proxy - no Session
org.hibernate.LazyInitializationException: failed to lazily initialize a collection of role: com.example.physiokalendar.entity.AppointmentSeries.cancellations: could not initialize proxy - no Session
	at org.hibernate.collection.spi.AbstractPersistentCollection.throwLazyInitializationException(AbstractPersistentCollection.java:636)
	at org.hibernate.collection.spi.AbstractPersistentCollection.withTemporarySessionIfNeeded(AbstractPersistentCollection.java:219)
	at org.hibernate.collection.spi.AbstractPersistentCollection.initialize(AbstractPersistentCollection.java:615)
	at org.hibernate.collection.spi.AbstractPersistentCollection.read(AbstractPersistentCollection.java:138)
	at org.hibernate.collection.spi.PersistentBag.iterator(PersistentBag.java:369)
	at java.base/java.util.Spliterators$IteratorSpliterator.estimateSize(Spliterators.java:1865)
	at java.base/java.util.Spliterator.getExactSizeIfKnown(Spliterator.java:414)
	at java.base/java.util.stream.AbstractPipeline.copyInto(AbstractPipeline.java:508)
	at java.base/java.util.stream.AbstractPipeline.wrapAndCopyInto(AbstractPipeline.java:499)
	at java.base/java.util.stream.ReduceOps$ReduceOp.evaluateSequential(ReduceOps.java:921)
	at java.base/java.util.stream.AbstractPipeline.evaluate(AbstractPipeline.java:234)
	at java.base/java.util.stream.ReferencePipeline.collect(ReferencePipeline.java:682)
	at com.example.physiokalendar.service.AppointmentSeriesGeneratorJob.generateAppointmentsForSeries(AppointmentSeriesGeneratorJob.java:151)
	at com.example.physiokalendar.service.AppointmentSeriesGeneratorJob.generateMissingAppointments(AppointmentSeriesGeneratorJob.java:107)
	at com.example.physiokalendar.service.AppointmentSeriesGeneratorJob.onApplicationReady(AppointmentSeriesGeneratorJob.java:57)
	at java.base/jdk.internal.reflect.NativeMethodAccessorImpl.invoke0(Native Method)
	at java.base/jdk.internal.reflect.NativeMethodAccessorImpl.invoke(NativeMethodAccessorImpl.java:77)
	at java.base/jdk.internal.reflect.DelegatingMethodAccessorImpl.invoke(DelegatingMethodAccessorImpl.java:43)
	at java.base/java.lang.reflect.Method.invoke(Method.java:568)
	at org.springframework.context.event.ApplicationListenerMethodAdapter.doInvoke(ApplicationListenerMethodAdapter.java:365)
	at org.springframework.context.event.ApplicationListenerMethodAdapter.processEvent(ApplicationListenerMethodAdapter.java:237)
	at org.springframework.context.event.ApplicationListenerMethodAdapter.onApplicationEvent(ApplicationListenerMethodAdapter.java:168)
	at org.springframework.context.event.SimpleApplicationEventMulticaster.doInvokeListener(SimpleApplicationEventMulticaster.java:185)
	at org.springframework.context.event.SimpleApplicationEventMulticaster.invokeListener(SimpleApplicationEventMulticaster.java:178)
	at org.springframework.context.event.SimpleApplicationEventMulticaster.multicastEvent(SimpleApplicationEventMulticaster.java:156)
	at org.springframework.context.support.AbstractApplicationContext.publishEvent(AbstractApplicationContext.java:452)
	at org.springframework.context.support.AbstractApplicationContext.publishEvent(AbstractApplicationContext.java:385)
	at org.springframework.boot.context.event.EventPublishingRunListener.ready(EventPublishingRunListener.java:109)
	at org.springframework.boot.SpringApplicationRunListeners.lambda$ready$6(SpringApplicationRunListeners.java:80)
	at java.base/java.lang.Iterable.forEach(Iterable.java:75)
	at org.springframework.boot.SpringApplicationRunListeners.doWithListeners(SpringApplicationRunListeners.java:118)
	at org.springframework.boot.SpringApplicationRunListeners.doWithListeners(SpringApplicationRunListeners.java:112)
	at org.springframework.boot.SpringApplicationRunListeners.ready(SpringApplicationRunListeners.java:80)
	at org.springframework.boot.SpringApplication.run(SpringApplication.java:349)
	at org.springframework.boot.SpringApplication.run(SpringApplication.java:1363)
	at org.springframework.boot.SpringApplication.run(SpringApplication.java:1352)
	at com.example.physiokalendar.PhysiokalendarApplication.main(PhysiokalendarApplication.java:12)
	at java.base/jdk.internal.reflect.NativeMethodAccessorImpl.invoke0(Native Method)
	at java.base/jdk.internal.reflect.NativeMethodAccessorImpl.invoke(NativeMethodAccessorImpl.java:77)
	at java.base/jdk.internal.reflect.DelegatingMethodAccessorImpl.invoke(DelegatingMethodAccessorImpl.java:43)
	at java.base/java.lang.reflect.Method.invoke(Method.java:568)
	at org.springframework.boot.devtools.restart.RestartLauncher.run(RestartLauncher.java:50)
2026-02-18 02:58:11.564 [restartedMain] ERROR c.e.p.s.AppointmentSeriesGeneratorJob - Error generating appointments for series 4446: failed to lazily initialize a collection of role: com.example.physiokalendar.entity.AppointmentSeries.cancellations: could not initialize proxy - no Session
org.hibernate.LazyInitializationException: failed to lazily initialize a collection of role: com.example.physiokalendar.entity.AppointmentSeries.cancellations: could not initialize proxy - no Session
	at org.hibernate.collection.spi.AbstractPersistentCollection.throwLazyInitializationException(AbstractPersistentCollection.java:636)
	at org.hibernate.collection.spi.AbstractPersistentCollection.withTemporarySessionIfNeeded(AbstractPersistentCollection.java:219)
	at org.hibernate.collection.spi.AbstractPersistentCollection.initialize(AbstractPersistentCollection.java:615)
	at org.hibernate.collection.spi.AbstractPersistentCollection.read(AbstractPersistentCollection.java:138)
	at org.hibernate.collection.spi.PersistentBag.iterator(PersistentBag.java:369)
	at java.base/java.util.Spliterators$IteratorSpliterator.estimateSize(Spliterators.java:1865)
	at java.base/java.util.Spliterator.getExactSizeIfKnown(Spliterator.java:414)
	at java.base/java.util.stream.AbstractPipeline.copyInto(AbstractPipeline.java:508)
	at java.base/java.util.stream.AbstractPipeline.wrapAndCopyInto(AbstractPipeline.java:499)
	at java.base/java.util.stream.ReduceOps$ReduceOp.evaluateSequential(ReduceOps.java:921)
	at java.base/java.util.stream.AbstractPipeline.evaluate(AbstractPipeline.java:234)
	at java.base/java.util.stream.ReferencePipeline.collect(ReferencePipeline.java:682)
	at com.example.physiokalendar.service.AppointmentSeriesGeneratorJob.generateAppointmentsForSeries(AppointmentSeriesGeneratorJob.java:151)
	at com.example.physiokalendar.service.AppointmentSeriesGeneratorJob.generateMissingAppointments(AppointmentSeriesGeneratorJob.java:107)
	at com.example.physiokalendar.service.AppointmentSeriesGeneratorJob.onApplicationReady(AppointmentSeriesGeneratorJob.java:57)
	at java.base/jdk.internal.reflect.NativeMethodAccessorImpl.invoke0(Native Method)
	at java.base/jdk.internal.reflect.NativeMethodAccessorImpl.invoke(NativeMethodAccessorImpl.java:77)
	at java.base/jdk.internal.reflect.DelegatingMethodAccessorImpl.invoke(DelegatingMethodAccessorImpl.java:43)
	at java.base/java.lang.reflect.Method.invoke(Method.java:568)
	at org.springframework.context.event.ApplicationListenerMethodAdapter.doInvoke(ApplicationListenerMethodAdapter.java:365)
	at org.springframework.context.event.ApplicationListenerMethodAdapter.processEvent(ApplicationListenerMethodAdapter.java:237)
	at org.springframework.context.event.ApplicationListenerMethodAdapter.onApplicationEvent(ApplicationListenerMethodAdapter.java:168)
	at org.springframework.context.event.SimpleApplicationEventMulticaster.doInvokeListener(SimpleApplicationEventMulticaster.java:185)
	at org.springframework.context.event.SimpleApplicationEventMulticaster.invokeListener(SimpleApplicationEventMulticaster.java:178)
	at org.springframework.context.event.SimpleApplicationEventMulticaster.multicastEvent(SimpleApplicationEventMulticaster.java:156)
	at org.springframework.context.support.AbstractApplicationContext.publishEvent(AbstractApplicationContext.java:452)
	at org.springframework.context.support.AbstractApplicationContext.publishEvent(AbstractApplicationContext.java:385)
	at org.springframework.boot.context.event.EventPublishingRunListener.ready(EventPublishingRunListener.java:109)
	at org.springframework.boot.SpringApplicationRunListeners.lambda$ready$6(SpringApplicationRunListeners.java:80)
	at java.base/java.lang.Iterable.forEach(Iterable.java:75)
	at org.springframework.boot.SpringApplicationRunListeners.doWithListeners(SpringApplicationRunListeners.java:118)
	at org.springframework.boot.SpringApplicationRunListeners.doWithListeners(SpringApplicationRunListeners.java:112)
	at org.springframework.boot.SpringApplicationRunListeners.ready(SpringApplicationRunListeners.java:80)
	at org.springframework.boot.SpringApplication.run(SpringApplication.java:349)
	at org.springframework.boot.SpringApplication.run(SpringApplication.java:1363)
	at org.springframework.boot.SpringApplication.run(SpringApplication.java:1352)
	at com.example.physiokalendar.PhysiokalendarApplication.main(PhysiokalendarApplication.java:12)
	at java.base/jdk.internal.reflect.NativeMethodAccessorImpl.invoke0(Native Method)
	at java.base/jdk.internal.reflect.NativeMethodAccessorImpl.invoke(NativeMethodAccessorImpl.java:77)
	at java.base/jdk.internal.reflect.DelegatingMethodAccessorImpl.invoke(DelegatingMethodAccessorImpl.java:43)
	at java.base/java.lang.reflect.Method.invoke(Method.java:568)
	at org.springframework.boot.devtools.restart.RestartLauncher.run(RestartLauncher.java:50)
2026-02-18 02:58:11.568 [restartedMain] ERROR c.e.p.s.AppointmentSeriesGeneratorJob - Error generating appointments for series 4447: failed to lazily initialize a collection of role: com.example.physiokalendar.entity.AppointmentSeries.cancellations: could not initialize proxy - no Session
org.hibernate.LazyInitializationException: failed to lazily initialize a collection of role: com.example.physiokalendar.entity.AppointmentSeries.cancellations: could not initialize proxy - no Session
	at org.hibernate.collection.spi.AbstractPersistentCollection.throwLazyInitializationException(AbstractPersistentCollection.java:636)
	at org.hibernate.collection.spi.AbstractPersistentCollection.withTemporarySessionIfNeeded(AbstractPersistentCollection.java:219)
	at org.hibernate.collection.spi.AbstractPersistentCollection.initialize(AbstractPersistentCollection.java:615)
	at org.hibernate.collection.spi.AbstractPersistentCollection.read(AbstractPersistentCollection.java:138)
	at org.hibernate.collection.spi.PersistentBag.iterator(PersistentBag.java:369)
	at java.base/java.util.Spliterators$IteratorSpliterator.estimateSize(Spliterators.java:1865)
	at java.base/java.util.Spliterator.getExactSizeIfKnown(Spliterator.java:414)
	at java.base/java.util.stream.AbstractPipeline.copyInto(AbstractPipeline.java:508)
	at java.base/java.util.stream.AbstractPipeline.wrapAndCopyInto(AbstractPipeline.java:499)
	at java.base/java.util.stream.ReduceOps$ReduceOp.evaluateSequential(ReduceOps.java:921)
	at java.base/java.util.stream.AbstractPipeline.evaluate(AbstractPipeline.java:234)
	at java.base/java.util.stream.ReferencePipeline.collect(ReferencePipeline.java:682)
	at com.example.physiokalendar.service.AppointmentSeriesGeneratorJob.generateAppointmentsForSeries(AppointmentSeriesGeneratorJob.java:151)
	at com.example.physiokalendar.service.AppointmentSeriesGeneratorJob.generateMissingAppointments(AppointmentSeriesGeneratorJob.java:107)
	at com.example.physiokalendar.service.AppointmentSeriesGeneratorJob.onApplicationReady(AppointmentSeriesGeneratorJob.java:57)
	at java.base/jdk.internal.reflect.NativeMethodAccessorImpl.invoke0(Native Method)
	at java.base/jdk.internal.reflect.NativeMethodAccessorImpl.invoke(NativeMethodAccessorImpl.java:77)
	at java.base/jdk.internal.reflect.DelegatingMethodAccessorImpl.invoke(DelegatingMethodAccessorImpl.java:43)
	at java.base/java.lang.reflect.Method.invoke(Method.java:568)
	at org.springframework.context.event.ApplicationListenerMethodAdapter.doInvoke(ApplicationListenerMethodAdapter.java:365)
	at org.springframework.context.event.ApplicationListenerMethodAdapter.processEvent(ApplicationListenerMethodAdapter.java:237)
	at org.springframework.context.event.ApplicationListenerMethodAdapter.onApplicationEvent(ApplicationListenerMethodAdapter.java:168)
	at org.springframework.context.event.SimpleApplicationEventMulticaster.doInvokeListener(SimpleApplicationEventMulticaster.java:185)
	at org.springframework.context.event.SimpleApplicationEventMulticaster.invokeListener(SimpleApplicationEventMulticaster.java:178)
	at org.springframework.context.event.SimpleApplicationEventMulticaster.multicastEvent(SimpleApplicationEventMulticaster.java:156)
	at org.springframework.context.support.AbstractApplicationContext.publishEvent(AbstractApplicationContext.java:452)
	at org.springframework.context.support.AbstractApplicationContext.publishEvent(AbstractApplicationContext.java:385)
	at org.springframework.boot.context.event.EventPublishingRunListener.ready(EventPublishingRunListener.java:109)
	at org.springframework.boot.SpringApplicationRunListeners.lambda$ready$6(SpringApplicationRunListeners.java:80)
	at java.base/java.lang.Iterable.forEach(Iterable.java:75)
	at org.springframework.boot.SpringApplicationRunListeners.doWithListeners(SpringApplicationRunListeners.java:118)
	at org.springframework.boot.SpringApplicationRunListeners.doWithListeners(SpringApplicationRunListeners.java:112)
	at org.springframework.boot.SpringApplicationRunListeners.ready(SpringApplicationRunListeners.java:80)
	at org.springframework.boot.SpringApplication.run(SpringApplication.java:349)
	at org.springframework.boot.SpringApplication.run(SpringApplication.java:1363)
	at org.springframework.boot.SpringApplication.run(SpringApplication.java:1352)
	at com.example.physiokalendar.PhysiokalendarApplication.main(PhysiokalendarApplication.java:12)
	at java.base/jdk.internal.reflect.NativeMethodAccessorImpl.invoke0(Native Method)
	at java.base/jdk.internal.reflect.NativeMethodAccessorImpl.invoke(NativeMethodAccessorImpl.java:77)
	at java.base/jdk.internal.reflect.DelegatingMethodAccessorImpl.invoke(DelegatingMethodAccessorImpl.java:43)
	at java.base/java.lang.reflect.Method.invoke(Method.java:568)
	at org.springframework.boot.devtools.restart.RestartLauncher.run(RestartLauncher.java:50)
2026-02-18 02:58:11.572 [restartedMain] ERROR c.e.p.s.AppointmentSeriesGeneratorJob - Error generating appointments for series 4448: failed to lazily initialize a collection of role: com.example.physiokalendar.entity.AppointmentSeries.cancellations: could not initialize proxy - no Session
org.hibernate.LazyInitializationException: failed to lazily initialize a collection of role: com.example.physiokalendar.entity.AppointmentSeries.cancellations: could not initialize proxy - no Session
	at org.hibernate.collection.spi.AbstractPersistentCollection.throwLazyInitializationException(AbstractPersistentCollection.java:636)
	at org.hibernate.collection.spi.AbstractPersistentCollection.withTemporarySessionIfNeeded(AbstractPersistentCollection.java:219)
	at org.hibernate.collection.spi.AbstractPersistentCollection.initialize(AbstractPersistentCollection.java:615)
	at org.hibernate.collection.spi.AbstractPersistentCollection.read(AbstractPersistentCollection.java:138)
	at org.hibernate.collection.spi.PersistentBag.iterator(PersistentBag.java:369)
	at java.base/java.util.Spliterators$IteratorSpliterator.estimateSize(Spliterators.java:1865)
	at java.base/java.util.Spliterator.getExactSizeIfKnown(Spliterator.java:414)
	at java.base/java.util.stream.AbstractPipeline.copyInto(AbstractPipeline.java:508)
	at java.base/java.util.stream.AbstractPipeline.wrapAndCopyInto(AbstractPipeline.java:499)
	at java.base/java.util.stream.ReduceOps$ReduceOp.evaluateSequential(ReduceOps.java:921)
	at java.base/java.util.stream.AbstractPipeline.evaluate(AbstractPipeline.java:234)
	at java.base/java.util.stream.ReferencePipeline.collect(ReferencePipeline.java:682)
	at com.example.physiokalendar.service.AppointmentSeriesGeneratorJob.generateAppointmentsForSeries(AppointmentSeriesGeneratorJob.java:151)
	at com.example.physiokalendar.service.AppointmentSeriesGeneratorJob.generateMissingAppointments(AppointmentSeriesGeneratorJob.java:107)
	at com.example.physiokalendar.service.AppointmentSeriesGeneratorJob.onApplicationReady(AppointmentSeriesGeneratorJob.java:57)
	at java.base/jdk.internal.reflect.NativeMethodAccessorImpl.invoke0(Native Method)
	at java.base/jdk.internal.reflect.NativeMethodAccessorImpl.invoke(NativeMethodAccessorImpl.java:77)
	at java.base/jdk.internal.reflect.DelegatingMethodAccessorImpl.invoke(DelegatingMethodAccessorImpl.java:43)
	at java.base/java.lang.reflect.Method.invoke(Method.java:568)
	at org.springframework.context.event.ApplicationListenerMethodAdapter.doInvoke(ApplicationListenerMethodAdapter.java:365)
	at org.springframework.context.event.ApplicationListenerMethodAdapter.processEvent(ApplicationListenerMethodAdapter.java:237)
	at org.springframework.context.event.ApplicationListenerMethodAdapter.onApplicationEvent(ApplicationListenerMethodAdapter.java:168)
	at org.springframework.context.event.SimpleApplicationEventMulticaster.doInvokeListener(SimpleApplicationEventMulticaster.java:185)
	at org.springframework.context.event.SimpleApplicationEventMulticaster.invokeListener(SimpleApplicationEventMulticaster.java:178)
	at org.springframework.context.event.SimpleApplicationEventMulticaster.multicastEvent(SimpleApplicationEventMulticaster.java:156)
	at org.springframework.context.support.AbstractApplicationContext.publishEvent(AbstractApplicationContext.java:452)
	at org.springframework.context.support.AbstractApplicationContext.publishEvent(AbstractApplicationContext.java:385)
	at org.springframework.boot.context.event.EventPublishingRunListener.ready(EventPublishingRunListener.java:109)
	at org.springframework.boot.SpringApplicationRunListeners.lambda$ready$6(SpringApplicationRunListeners.java:80)
	at java.base/java.lang.Iterable.forEach(Iterable.java:75)
	at org.springframework.boot.SpringApplicationRunListeners.doWithListeners(SpringApplicationRunListeners.java:118)
	at org.springframework.boot.SpringApplicationRunListeners.doWithListeners(SpringApplicationRunListeners.java:112)
	at org.springframework.boot.SpringApplicationRunListeners.ready(SpringApplicationRunListeners.java:80)
	at org.springframework.boot.SpringApplication.run(SpringApplication.java:349)
	at org.springframework.boot.SpringApplication.run(SpringApplication.java:1363)
	at org.springframework.boot.SpringApplication.run(SpringApplication.java:1352)
	at com.example.physiokalendar.PhysiokalendarApplication.main(PhysiokalendarApplication.java:12)
	at java.base/jdk.internal.reflect.NativeMethodAccessorImpl.invoke0(Native Method)
	at java.base/jdk.internal.reflect.NativeMethodAccessorImpl.invoke(NativeMethodAccessorImpl.java:77)
	at java.base/jdk.internal.reflect.DelegatingMethodAccessorImpl.invoke(DelegatingMethodAccessorImpl.java:43)
	at java.base/java.lang.reflect.Method.invoke(Method.java:568)
	at org.springframework.boot.devtools.restart.RestartLauncher.run(RestartLauncher.java:50)
2026-02-18 02:58:11.576 [restartedMain] ERROR c.e.p.s.AppointmentSeriesGeneratorJob - Error generating appointments for series 4449: failed to lazily initialize a collection of role: com.example.physiokalendar.entity.AppointmentSeries.cancellations: could not initialize proxy - no Session
org.hibernate.LazyInitializationException: failed to lazily initialize a collection of role: com.example.physiokalendar.entity.AppointmentSeries.cancellations: could not initialize proxy - no Session
	at org.hibernate.collection.spi.AbstractPersistentCollection.throwLazyInitializationException(AbstractPersistentCollection.java:636)
	at org.hibernate.collection.spi.AbstractPersistentCollection.withTemporarySessionIfNeeded(AbstractPersistentCollection.java:219)
	at org.hibernate.collection.spi.AbstractPersistentCollection.initialize(AbstractPersistentCollection.java:615)
	at org.hibernate.collection.spi.AbstractPersistentCollection.read(AbstractPersistentCollection.java:138)
	at org.hibernate.collection.spi.PersistentBag.iterator(PersistentBag.java:369)
	at java.base/java.util.Spliterators$IteratorSpliterator.estimateSize(Spliterators.java:1865)
	at java.base/java.util.Spliterator.getExactSizeIfKnown(Spliterator.java:414)
	at java.base/java.util.stream.AbstractPipeline.copyInto(AbstractPipeline.java:508)
	at java.base/java.util.stream.AbstractPipeline.wrapAndCopyInto(AbstractPipeline.java:499)
	at java.base/java.util.stream.ReduceOps$ReduceOp.evaluateSequential(ReduceOps.java:921)
	at java.base/java.util.stream.AbstractPipeline.evaluate(AbstractPipeline.java:234)
	at java.base/java.util.stream.ReferencePipeline.collect(ReferencePipeline.java:682)
	at com.example.physiokalendar.service.AppointmentSeriesGeneratorJob.generateAppointmentsForSeries(AppointmentSeriesGeneratorJob.java:151)
	at com.example.physiokalendar.service.AppointmentSeriesGeneratorJob.generateMissingAppointments(AppointmentSeriesGeneratorJob.java:107)
	at com.example.physiokalendar.service.AppointmentSeriesGeneratorJob.onApplicationReady(AppointmentSeriesGeneratorJob.java:57)
	at java.base/jdk.internal.reflect.NativeMethodAccessorImpl.invoke0(Native Method)
	at java.base/jdk.internal.reflect.NativeMethodAccessorImpl.invoke(NativeMethodAccessorImpl.java:77)
	at java.base/jdk.internal.reflect.DelegatingMethodAccessorImpl.invoke(DelegatingMethodAccessorImpl.java:43)
	at java.base/java.lang.reflect.Method.invoke(Method.java:568)
	at org.springframework.context.event.ApplicationListenerMethodAdapter.doInvoke(ApplicationListenerMethodAdapter.java:365)
	at org.springframework.context.event.ApplicationListenerMethodAdapter.processEvent(ApplicationListenerMethodAdapter.java:237)
	at org.springframework.context.event.ApplicationListenerMethodAdapter.onApplicationEvent(ApplicationListenerMethodAdapter.java:168)
	at org.springframework.context.event.SimpleApplicationEventMulticaster.doInvokeListener(SimpleApplicationEventMulticaster.java:185)
	at org.springframework.context.event.SimpleApplicationEventMulticaster.invokeListener(SimpleApplicationEventMulticaster.java:178)
	at org.springframework.context.event.SimpleApplicationEventMulticaster.multicastEvent(SimpleApplicationEventMulticaster.java:156)
	at org.springframework.context.support.AbstractApplicationContext.publishEvent(AbstractApplicationContext.java:452)
	at org.springframework.context.support.AbstractApplicationContext.publishEvent(AbstractApplicationContext.java:385)
	at org.springframework.boot.context.event.EventPublishingRunListener.ready(EventPublishingRunListener.java:109)
	at org.springframework.boot.SpringApplicationRunListeners.lambda$ready$6(SpringApplicationRunListeners.java:80)
	at java.base/java.lang.Iterable.forEach(Iterable.java:75)
	at org.springframework.boot.SpringApplicationRunListeners.doWithListeners(SpringApplicationRunListeners.java:118)
	at org.springframework.boot.SpringApplicationRunListeners.doWithListeners(SpringApplicationRunListeners.java:112)
	at org.springframework.boot.SpringApplicationRunListeners.ready(SpringApplicationRunListeners.java:80)
	at org.springframework.boot.SpringApplication.run(SpringApplication.java:349)
	at org.springframework.boot.SpringApplication.run(SpringApplication.java:1363)
	at org.springframework.boot.SpringApplication.run(SpringApplication.java:1352)
	at com.example.physiokalendar.PhysiokalendarApplication.main(PhysiokalendarApplication.java:12)
	at java.base/jdk.internal.reflect.NativeMethodAccessorImpl.invoke0(Native Method)
	at java.base/jdk.internal.reflect.NativeMethodAccessorImpl.invoke(NativeMethodAccessorImpl.java:77)
	at java.base/jdk.internal.reflect.DelegatingMethodAccessorImpl.invoke(DelegatingMethodAccessorImpl.java:43)
	at java.base/java.lang.reflect.Method.invoke(Method.java:568)
	at org.springframework.boot.devtools.restart.RestartLauncher.run(RestartLauncher.java:50)
2026-02-18 02:58:11.580 [restartedMain] ERROR c.e.p.s.AppointmentSeriesGeneratorJob - Error generating appointments for series 4450: failed to lazily initialize a collection of role: com.example.physiokalendar.entity.AppointmentSeries.cancellations: could not initialize proxy - no Session
org.hibernate.LazyInitializationException: failed to lazily initialize a collection of role: com.example.physiokalendar.entity.AppointmentSeries.cancellations: could not initialize proxy - no Session
	at org.hibernate.collection.spi.AbstractPersistentCollection.throwLazyInitializationException(AbstractPersistentCollection.java:636)
	at org.hibernate.collection.spi.AbstractPersistentCollection.withTemporarySessionIfNeeded(AbstractPersistentCollection.java:219)
	at org.hibernate.collection.spi.AbstractPersistentCollection.initialize(AbstractPersistentCollection.java:615)
	at org.hibernate.collection.spi.AbstractPersistentCollection.read(AbstractPersistentCollection.java:138)
	at org.hibernate.collection.spi.PersistentBag.iterator(PersistentBag.java:369)
	at java.base/java.util.Spliterators$IteratorSpliterator.estimateSize(Spliterators.java:1865)
	at java.base/java.util.Spliterator.getExactSizeIfKnown(Spliterator.java:414)
	at java.base/java.util.stream.AbstractPipeline.copyInto(AbstractPipeline.java:508)
	at java.base/java.util.stream.AbstractPipeline.wrapAndCopyInto(AbstractPipeline.java:499)
	at java.base/java.util.stream.ReduceOps$ReduceOp.evaluateSequential(ReduceOps.java:921)
	at java.base/java.util.stream.AbstractPipeline.evaluate(AbstractPipeline.java:234)
	at java.base/java.util.stream.ReferencePipeline.collect(ReferencePipeline.java:682)
	at com.example.physiokalendar.service.AppointmentSeriesGeneratorJob.generateAppointmentsForSeries(AppointmentSeriesGeneratorJob.java:151)
	at com.example.physiokalendar.service.AppointmentSeriesGeneratorJob.generateMissingAppointments(AppointmentSeriesGeneratorJob.java:107)
	at com.example.physiokalendar.service.AppointmentSeriesGeneratorJob.onApplicationReady(AppointmentSeriesGeneratorJob.java:57)
	at java.base/jdk.internal.reflect.NativeMethodAccessorImpl.invoke0(Native Method)
	at java.base/jdk.internal.reflect.NativeMethodAccessorImpl.invoke(NativeMethodAccessorImpl.java:77)
	at java.base/jdk.internal.reflect.DelegatingMethodAccessorImpl.invoke(DelegatingMethodAccessorImpl.java:43)
	at java.base/java.lang.reflect.Method.invoke(Method.java:568)
	at org.springframework.context.event.ApplicationListenerMethodAdapter.doInvoke(ApplicationListenerMethodAdapter.java:365)
	at org.springframework.context.event.ApplicationListenerMethodAdapter.processEvent(ApplicationListenerMethodAdapter.java:237)
	at org.springframework.context.event.ApplicationListenerMethodAdapter.onApplicationEvent(ApplicationListenerMethodAdapter.java:168)
	at org.springframework.context.event.SimpleApplicationEventMulticaster.doInvokeListener(SimpleApplicationEventMulticaster.java:185)
	at org.springframework.context.event.SimpleApplicationEventMulticaster.invokeListener(SimpleApplicationEventMulticaster.java:178)
	at org.springframework.context.event.SimpleApplicationEventMulticaster.multicastEvent(SimpleApplicationEventMulticaster.java:156)
	at org.springframework.context.support.AbstractApplicationContext.publishEvent(AbstractApplicationContext.java:452)
	at org.springframework.context.support.AbstractApplicationContext.publishEvent(AbstractApplicationContext.java:385)
	at org.springframework.boot.context.event.EventPublishingRunListener.ready(EventPublishingRunListener.java:109)
	at org.springframework.boot.SpringApplicationRunListeners.lambda$ready$6(SpringApplicationRunListeners.java:80)
	at java.base/java.lang.Iterable.forEach(Iterable.java:75)
	at org.springframework.boot.SpringApplicationRunListeners.doWithListeners(SpringApplicationRunListeners.java:118)
	at org.springframework.boot.SpringApplicationRunListeners.doWithListeners(SpringApplicationRunListeners.java:112)
	at org.springframework.boot.SpringApplicationRunListeners.ready(SpringApplicationRunListeners.java:80)
	at org.springframework.boot.SpringApplication.run(SpringApplication.java:349)
	at org.springframework.boot.SpringApplication.run(SpringApplication.java:1363)
	at org.springframework.boot.SpringApplication.run(SpringApplication.java:1352)
	at com.example.physiokalendar.PhysiokalendarApplication.main(PhysiokalendarApplication.java:12)
	at java.base/jdk.internal.reflect.NativeMethodAccessorImpl.invoke0(Native Method)
	at java.base/jdk.internal.reflect.NativeMethodAccessorImpl.invoke(NativeMethodAccessorImpl.java:77)
	at java.base/jdk.internal.reflect.DelegatingMethodAccessorImpl.invoke(DelegatingMethodAccessorImpl.java:43)
	at java.base/java.lang.reflect.Method.invoke(Method.java:568)
	at org.springframework.boot.devtools.restart.RestartLauncher.run(RestartLauncher.java:50)
2026-02-18 02:58:11.585 [restartedMain] ERROR c.e.p.s.AppointmentSeriesGeneratorJob - Error generating appointments for series 4451: failed to lazily initialize a collection of role: com.example.physiokalendar.entity.AppointmentSeries.cancellations: could not initialize proxy - no Session
org.hibernate.LazyInitializationException: failed to lazily initialize a collection of role: com.example.physiokalendar.entity.AppointmentSeries.cancellations: could not initialize proxy - no Session
	at org.hibernate.collection.spi.AbstractPersistentCollection.throwLazyInitializationException(AbstractPersistentCollection.java:636)
	at org.hibernate.collection.spi.AbstractPersistentCollection.withTemporarySessionIfNeeded(AbstractPersistentCollection.java:219)
	at org.hibernate.collection.spi.AbstractPersistentCollection.initialize(AbstractPersistentCollection.java:615)
	at org.hibernate.collection.spi.AbstractPersistentCollection.read(AbstractPersistentCollection.java:138)
	at org.hibernate.collection.spi.PersistentBag.iterator(PersistentBag.java:369)
	at java.base/java.util.Spliterators$IteratorSpliterator.estimateSize(Spliterators.java:1865)
	at java.base/java.util.Spliterator.getExactSizeIfKnown(Spliterator.java:414)
	at java.base/java.util.stream.AbstractPipeline.copyInto(AbstractPipeline.java:508)
	at java.base/java.util.stream.AbstractPipeline.wrapAndCopyInto(AbstractPipeline.java:499)
	at java.base/java.util.stream.ReduceOps$ReduceOp.evaluateSequential(ReduceOps.java:921)
	at java.base/java.util.stream.AbstractPipeline.evaluate(AbstractPipeline.java:234)
	at java.base/java.util.stream.ReferencePipeline.collect(ReferencePipeline.java:682)
	at com.example.physiokalendar.service.AppointmentSeriesGeneratorJob.generateAppointmentsForSeries(AppointmentSeriesGeneratorJob.java:151)
	at com.example.physiokalendar.service.AppointmentSeriesGeneratorJob.generateMissingAppointments(AppointmentSeriesGeneratorJob.java:107)
	at com.example.physiokalendar.service.AppointmentSeriesGeneratorJob.onApplicationReady(AppointmentSeriesGeneratorJob.java:57)
	at java.base/jdk.internal.reflect.NativeMethodAccessorImpl.invoke0(Native Method)
	at java.base/jdk.internal.reflect.NativeMethodAccessorImpl.invoke(NativeMethodAccessorImpl.java:77)
	at java.base/jdk.internal.reflect.DelegatingMethodAccessorImpl.invoke(DelegatingMethodAccessorImpl.java:43)
	at java.base/java.lang.reflect.Method.invoke(Method.java:568)
	at org.springframework.context.event.ApplicationListenerMethodAdapter.doInvoke(ApplicationListenerMethodAdapter.java:365)
	at org.springframework.context.event.ApplicationListenerMethodAdapter.processEvent(ApplicationListenerMethodAdapter.java:237)
	at org.springframework.context.event.ApplicationListenerMethodAdapter.onApplicationEvent(ApplicationListenerMethodAdapter.java:168)
	at org.springframework.context.event.SimpleApplicationEventMulticaster.doInvokeListener(SimpleApplicationEventMulticaster.java:185)
	at org.springframework.context.event.SimpleApplicationEventMulticaster.invokeListener(SimpleApplicationEventMulticaster.java:178)
	at org.springframework.context.event.SimpleApplicationEventMulticaster.multicastEvent(SimpleApplicationEventMulticaster.java:156)
	at org.springframework.context.support.AbstractApplicationContext.publishEvent(AbstractApplicationContext.java:452)
	at org.springframework.context.support.AbstractApplicationContext.publishEvent(AbstractApplicationContext.java:385)
	at org.springframework.boot.context.event.EventPublishingRunListener.ready(EventPublishingRunListener.java:109)
	at org.springframework.boot.SpringApplicationRunListeners.lambda$ready$6(SpringApplicationRunListeners.java:80)
	at java.base/java.lang.Iterable.forEach(Iterable.java:75)
	at org.springframework.boot.SpringApplicationRunListeners.doWithListeners(SpringApplicationRunListeners.java:118)
	at org.springframework.boot.SpringApplicationRunListeners.doWithListeners(SpringApplicationRunListeners.java:112)
	at org.springframework.boot.SpringApplicationRunListeners.ready(SpringApplicationRunListeners.java:80)
	at org.springframework.boot.SpringApplication.run(SpringApplication.java:349)
	at org.springframework.boot.SpringApplication.run(SpringApplication.java:1363)
	at org.springframework.boot.SpringApplication.run(SpringApplication.java:1352)
	at com.example.physiokalendar.PhysiokalendarApplication.main(PhysiokalendarApplication.java:12)
	at java.base/jdk.internal.reflect.NativeMethodAccessorImpl.invoke0(Native Method)
	at java.base/jdk.internal.reflect.NativeMethodAccessorImpl.invoke(NativeMethodAccessorImpl.java:77)
	at java.base/jdk.internal.reflect.DelegatingMethodAccessorImpl.invoke(DelegatingMethodAccessorImpl.java:43)
	at java.base/java.lang.reflect.Method.invoke(Method.java:568)
	at org.springframework.boot.devtools.restart.RestartLauncher.run(RestartLauncher.java:50)
2026-02-18 02:58:11.589 [restartedMain] ERROR c.e.p.s.AppointmentSeriesGeneratorJob - Error generating appointments for series 4452: failed to lazily initialize a collection of role: com.example.physiokalendar.entity.AppointmentSeries.cancellations: could not initialize proxy - no Session
org.hibernate.LazyInitializationException: failed to lazily initialize a collection of role: com.example.physiokalendar.entity.AppointmentSeries.cancellations: could not initialize proxy - no Session
	at org.hibernate.collection.spi.AbstractPersistentCollection.throwLazyInitializationException(AbstractPersistentCollection.java:636)
	at org.hibernate.collection.spi.AbstractPersistentCollection.withTemporarySessionIfNeeded(AbstractPersistentCollection.java:219)
	at org.hibernate.collection.spi.AbstractPersistentCollection.initialize(AbstractPersistentCollection.java:615)
	at org.hibernate.collection.spi.AbstractPersistentCollection.read(AbstractPersistentCollection.java:138)
	at org.hibernate.collection.spi.PersistentBag.iterator(PersistentBag.java:369)
	at java.base/java.util.Spliterators$IteratorSpliterator.estimateSize(Spliterators.java:1865)
	at java.base/java.util.Spliterator.getExactSizeIfKnown(Spliterator.java:414)
	at java.base/java.util.stream.AbstractPipeline.copyInto(AbstractPipeline.java:508)
	at java.base/java.util.stream.AbstractPipeline.wrapAndCopyInto(AbstractPipeline.java:499)
	at java.base/java.util.stream.ReduceOps$ReduceOp.evaluateSequential(ReduceOps.java:921)
	at java.base/java.util.stream.AbstractPipeline.evaluate(AbstractPipeline.java:234)
	at java.base/java.util.stream.ReferencePipeline.collect(ReferencePipeline.java:682)
	at com.example.physiokalendar.service.AppointmentSeriesGeneratorJob.generateAppointmentsForSeries(AppointmentSeriesGeneratorJob.java:151)
	at com.example.physiokalendar.service.AppointmentSeriesGeneratorJob.generateMissingAppointments(AppointmentSeriesGeneratorJob.java:107)
	at com.example.physiokalendar.service.AppointmentSeriesGeneratorJob.onApplicationReady(AppointmentSeriesGeneratorJob.java:57)
	at java.base/jdk.internal.reflect.NativeMethodAccessorImpl.invoke0(Native Method)
	at java.base/jdk.internal.reflect.NativeMethodAccessorImpl.invoke(NativeMethodAccessorImpl.java:77)
	at java.base/jdk.internal.reflect.DelegatingMethodAccessorImpl.invoke(DelegatingMethodAccessorImpl.java:43)
	at java.base/java.lang.reflect.Method.invoke(Method.java:568)
	at org.springframework.context.event.ApplicationListenerMethodAdapter.doInvoke(ApplicationListenerMethodAdapter.java:365)
	at org.springframework.context.event.ApplicationListenerMethodAdapter.processEvent(ApplicationListenerMethodAdapter.java:237)
	at org.springframework.context.event.ApplicationListenerMethodAdapter.onApplicationEvent(ApplicationListenerMethodAdapter.java:168)
	at org.springframework.context.event.SimpleApplicationEventMulticaster.doInvokeListener(SimpleApplicationEventMulticaster.java:185)
	at org.springframework.context.event.SimpleApplicationEventMulticaster.invokeListener(SimpleApplicationEventMulticaster.java:178)
	at org.springframework.context.event.SimpleApplicationEventMulticaster.multicastEvent(SimpleApplicationEventMulticaster.java:156)
	at org.springframework.context.support.AbstractApplicationContext.publishEvent(AbstractApplicationContext.java:452)
	at org.springframework.context.support.AbstractApplicationContext.publishEvent(AbstractApplicationContext.java:385)
	at org.springframework.boot.context.event.EventPublishingRunListener.ready(EventPublishingRunListener.java:109)
	at org.springframework.boot.SpringApplicationRunListeners.lambda$ready$6(SpringApplicationRunListeners.java:80)
	at java.base/java.lang.Iterable.forEach(Iterable.java:75)
	at org.springframework.boot.SpringApplicationRunListeners.doWithListeners(SpringApplicationRunListeners.java:118)
	at org.springframework.boot.SpringApplicationRunListeners.doWithListeners(SpringApplicationRunListeners.java:112)
	at org.springframework.boot.SpringApplicationRunListeners.ready(SpringApplicationRunListeners.java:80)
	at org.springframework.boot.SpringApplication.run(SpringApplication.java:349)
	at org.springframework.boot.SpringApplication.run(SpringApplication.java:1363)
	at org.springframework.boot.SpringApplication.run(SpringApplication.java:1352)
	at com.example.physiokalendar.PhysiokalendarApplication.main(PhysiokalendarApplication.java:12)
	at java.base/jdk.internal.reflect.NativeMethodAccessorImpl.invoke0(Native Method)
	at java.base/jdk.internal.reflect.NativeMethodAccessorImpl.invoke(NativeMethodAccessorImpl.java:77)
	at java.base/jdk.internal.reflect.DelegatingMethodAccessorImpl.invoke(DelegatingMethodAccessorImpl.java:43)
	at java.base/java.lang.reflect.Method.invoke(Method.java:568)
	at org.springframework.boot.devtools.restart.RestartLauncher.run(RestartLauncher.java:50)
2026-02-18 02:58:11.592 [restartedMain] ERROR c.e.p.s.AppointmentSeriesGeneratorJob - Error generating appointments for series 4453: failed to lazily initialize a collection of role: com.example.physiokalendar.entity.AppointmentSeries.cancellations: could not initialize proxy - no Session
org.hibernate.LazyInitializationException: failed to lazily initialize a collection of role: com.example.physiokalendar.entity.AppointmentSeries.cancellations: could not initialize proxy - no Session
	at org.hibernate.collection.spi.AbstractPersistentCollection.throwLazyInitializationException(AbstractPersistentCollection.java:636)
	at org.hibernate.collection.spi.AbstractPersistentCollection.withTemporarySessionIfNeeded(AbstractPersistentCollection.java:219)
	at org.hibernate.collection.spi.AbstractPersistentCollection.initialize(AbstractPersistentCollection.java:615)
	at org.hibernate.collection.spi.AbstractPersistentCollection.read(AbstractPersistentCollection.java:138)
	at org.hibernate.collection.spi.PersistentBag.iterator(PersistentBag.java:369)
	at java.base/java.util.Spliterators$IteratorSpliterator.estimateSize(Spliterators.java:1865)
	at java.base/java.util.Spliterator.getExactSizeIfKnown(Spliterator.java:414)
	at java.base/java.util.stream.AbstractPipeline.copyInto(AbstractPipeline.java:508)
	at java.base/java.util.stream.AbstractPipeline.wrapAndCopyInto(AbstractPipeline.java:499)
	at java.base/java.util.stream.ReduceOps$ReduceOp.evaluateSequential(ReduceOps.java:921)
	at java.base/java.util.stream.AbstractPipeline.evaluate(AbstractPipeline.java:234)
	at java.base/java.util.stream.ReferencePipeline.collect(ReferencePipeline.java:682)
	at com.example.physiokalendar.service.AppointmentSeriesGeneratorJob.generateAppointmentsForSeries(AppointmentSeriesGeneratorJob.java:151)
	at com.example.physiokalendar.service.AppointmentSeriesGeneratorJob.generateMissingAppointments(AppointmentSeriesGeneratorJob.java:107)
	at com.example.physiokalendar.service.AppointmentSeriesGeneratorJob.onApplicationReady(AppointmentSeriesGeneratorJob.java:57)
	at java.base/jdk.internal.reflect.NativeMethodAccessorImpl.invoke0(Native Method)
	at java.base/jdk.internal.reflect.NativeMethodAccessorImpl.invoke(NativeMethodAccessorImpl.java:77)
	at java.base/jdk.internal.reflect.DelegatingMethodAccessorImpl.invoke(DelegatingMethodAccessorImpl.java:43)
	at java.base/java.lang.reflect.Method.invoke(Method.java:568)
	at org.springframework.context.event.ApplicationListenerMethodAdapter.doInvoke(ApplicationListenerMethodAdapter.java:365)
	at org.springframework.context.event.ApplicationListenerMethodAdapter.processEvent(ApplicationListenerMethodAdapter.java:237)
	at org.springframework.context.event.ApplicationListenerMethodAdapter.onApplicationEvent(ApplicationListenerMethodAdapter.java:168)
	at org.springframework.context.event.SimpleApplicationEventMulticaster.doInvokeListener(SimpleApplicationEventMulticaster.java:185)
	at org.springframework.context.event.SimpleApplicationEventMulticaster.invokeListener(SimpleApplicationEventMulticaster.java:178)
	at org.springframework.context.event.SimpleApplicationEventMulticaster.multicastEvent(SimpleApplicationEventMulticaster.java:156)
	at org.springframework.context.support.AbstractApplicationContext.publishEvent(AbstractApplicationContext.java:452)
	at org.springframework.context.support.AbstractApplicationContext.publishEvent(AbstractApplicationContext.java:385)
	at org.springframework.boot.context.event.EventPublishingRunListener.ready(EventPublishingRunListener.java:109)
	at org.springframework.boot.SpringApplicationRunListeners.lambda$ready$6(SpringApplicationRunListeners.java:80)
	at java.base/java.lang.Iterable.forEach(Iterable.java:75)
	at org.springframework.boot.SpringApplicationRunListeners.doWithListeners(SpringApplicationRunListeners.java:118)
	at org.springframework.boot.SpringApplicationRunListeners.doWithListeners(SpringApplicationRunListeners.java:112)
	at org.springframework.boot.SpringApplicationRunListeners.ready(SpringApplicationRunListeners.java:80)
	at org.springframework.boot.SpringApplication.run(SpringApplication.java:349)
	at org.springframework.boot.SpringApplication.run(SpringApplication.java:1363)
	at org.springframework.boot.SpringApplication.run(SpringApplication.java:1352)
	at com.example.physiokalendar.PhysiokalendarApplication.main(PhysiokalendarApplication.java:12)
	at java.base/jdk.internal.reflect.NativeMethodAccessorImpl.invoke0(Native Method)
	at java.base/jdk.internal.reflect.NativeMethodAccessorImpl.invoke(NativeMethodAccessorImpl.java:77)
	at java.base/jdk.internal.reflect.DelegatingMethodAccessorImpl.invoke(DelegatingMethodAccessorImpl.java:43)
	at java.base/java.lang.reflect.Method.invoke(Method.java:568)
	at org.springframework.boot.devtools.restart.RestartLauncher.run(RestartLauncher.java:50)
2026-02-18 02:58:11.596 [restartedMain] ERROR c.e.p.s.AppointmentSeriesGeneratorJob - Error generating appointments for series 4454: failed to lazily initialize a collection of role: com.example.physiokalendar.entity.AppointmentSeries.cancellations: could not initialize proxy - no Session
org.hibernate.LazyInitializationException: failed to lazily initialize a collection of role: com.example.physiokalendar.entity.AppointmentSeries.cancellations: could not initialize proxy - no Session
	at org.hibernate.collection.spi.AbstractPersistentCollection.throwLazyInitializationException(AbstractPersistentCollection.java:636)
	at org.hibernate.collection.spi.AbstractPersistentCollection.withTemporarySessionIfNeeded(AbstractPersistentCollection.java:219)
	at org.hibernate.collection.spi.AbstractPersistentCollection.initialize(AbstractPersistentCollection.java:615)
	at org.hibernate.collection.spi.AbstractPersistentCollection.read(AbstractPersistentCollection.java:138)
	at org.hibernate.collection.spi.PersistentBag.iterator(PersistentBag.java:369)
	at java.base/java.util.Spliterators$IteratorSpliterator.estimateSize(Spliterators.java:1865)
	at java.base/java.util.Spliterator.getExactSizeIfKnown(Spliterator.java:414)
	at java.base/java.util.stream.AbstractPipeline.copyInto(AbstractPipeline.java:508)
	at java.base/java.util.stream.AbstractPipeline.wrapAndCopyInto(AbstractPipeline.java:499)
	at java.base/java.util.stream.ReduceOps$ReduceOp.evaluateSequential(ReduceOps.java:921)
	at java.base/java.util.stream.AbstractPipeline.evaluate(AbstractPipeline.java:234)
	at java.base/java.util.stream.ReferencePipeline.collect(ReferencePipeline.java:682)
	at com.example.physiokalendar.service.AppointmentSeriesGeneratorJob.generateAppointmentsForSeries(AppointmentSeriesGeneratorJob.java:151)
	at com.example.physiokalendar.service.AppointmentSeriesGeneratorJob.generateMissingAppointments(AppointmentSeriesGeneratorJob.java:107)
	at com.example.physiokalendar.service.AppointmentSeriesGeneratorJob.onApplicationReady(AppointmentSeriesGeneratorJob.java:57)
	at java.base/jdk.internal.reflect.NativeMethodAccessorImpl.invoke0(Native Method)
	at java.base/jdk.internal.reflect.NativeMethodAccessorImpl.invoke(NativeMethodAccessorImpl.java:77)
	at java.base/jdk.internal.reflect.DelegatingMethodAccessorImpl.invoke(DelegatingMethodAccessorImpl.java:43)
	at java.base/java.lang.reflect.Method.invoke(Method.java:568)
	at org.springframework.context.event.ApplicationListenerMethodAdapter.doInvoke(ApplicationListenerMethodAdapter.java:365)
	at org.springframework.context.event.ApplicationListenerMethodAdapter.processEvent(ApplicationListenerMethodAdapter.java:237)
	at org.springframework.context.event.ApplicationListenerMethodAdapter.onApplicationEvent(ApplicationListenerMethodAdapter.java:168)
	at org.springframework.context.event.SimpleApplicationEventMulticaster.doInvokeListener(SimpleApplicationEventMulticaster.java:185)
	at org.springframework.context.event.SimpleApplicationEventMulticaster.invokeListener(SimpleApplicationEventMulticaster.java:178)
	at org.springframework.context.event.SimpleApplicationEventMulticaster.multicastEvent(SimpleApplicationEventMulticaster.java:156)
	at org.springframework.context.support.AbstractApplicationContext.publishEvent(AbstractApplicationContext.java:452)
	at org.springframework.context.support.AbstractApplicationContext.publishEvent(AbstractApplicationContext.java:385)
	at org.springframework.boot.context.event.EventPublishingRunListener.ready(EventPublishingRunListener.java:109)
	at org.springframework.boot.SpringApplicationRunListeners.lambda$ready$6(SpringApplicationRunListeners.java:80)
	at java.base/java.lang.Iterable.forEach(Iterable.java:75)
	at org.springframework.boot.SpringApplicationRunListeners.doWithListeners(SpringApplicationRunListeners.java:118)
	at org.springframework.boot.SpringApplicationRunListeners.doWithListeners(SpringApplicationRunListeners.java:112)
	at org.springframework.boot.SpringApplicationRunListeners.ready(SpringApplicationRunListeners.java:80)
	at org.springframework.boot.SpringApplication.run(SpringApplication.java:349)
	at org.springframework.boot.SpringApplication.run(SpringApplication.java:1363)
	at org.springframework.boot.SpringApplication.run(SpringApplication.java:1352)
	at com.example.physiokalendar.PhysiokalendarApplication.main(PhysiokalendarApplication.java:12)
	at java.base/jdk.internal.reflect.NativeMethodAccessorImpl.invoke0(Native Method)
	at java.base/jdk.internal.reflect.NativeMethodAccessorImpl.invoke(NativeMethodAccessorImpl.java:77)
	at java.base/jdk.internal.reflect.DelegatingMethodAccessorImpl.invoke(DelegatingMethodAccessorImpl.java:43)
	at java.base/java.lang.reflect.Method.invoke(Method.java:568)
	at org.springframework.boot.devtools.restart.RestartLauncher.run(RestartLauncher.java:50)
2026-02-18 02:58:11.600 [restartedMain] ERROR c.e.p.s.AppointmentSeriesGeneratorJob - Error generating appointments for series 4455: failed to lazily initialize a collection of role: com.example.physiokalendar.entity.AppointmentSeries.cancellations: could not initialize proxy - no Session
org.hibernate.LazyInitializationException: failed to lazily initialize a collection of role: com.example.physiokalendar.entity.AppointmentSeries.cancellations: could not initialize proxy - no Session
	at org.hibernate.collection.spi.AbstractPersistentCollection.throwLazyInitializationException(AbstractPersistentCollection.java:636)
	at org.hibernate.collection.spi.AbstractPersistentCollection.withTemporarySessionIfNeeded(AbstractPersistentCollection.java:219)
	at org.hibernate.collection.spi.AbstractPersistentCollection.initialize(AbstractPersistentCollection.java:615)
	at org.hibernate.collection.spi.AbstractPersistentCollection.read(AbstractPersistentCollection.java:138)
	at org.hibernate.collection.spi.PersistentBag.iterator(PersistentBag.java:369)
	at java.base/java.util.Spliterators$IteratorSpliterator.estimateSize(Spliterators.java:1865)
	at java.base/java.util.Spliterator.getExactSizeIfKnown(Spliterator.java:414)
	at java.base/java.util.stream.AbstractPipeline.copyInto(AbstractPipeline.java:508)
	at java.base/java.util.stream.AbstractPipeline.wrapAndCopyInto(AbstractPipeline.java:499)
	at java.base/java.util.stream.ReduceOps$ReduceOp.evaluateSequential(ReduceOps.java:921)
	at java.base/java.util.stream.AbstractPipeline.evaluate(AbstractPipeline.java:234)
	at java.base/java.util.stream.ReferencePipeline.collect(ReferencePipeline.java:682)
	at com.example.physiokalendar.service.AppointmentSeriesGeneratorJob.generateAppointmentsForSeries(AppointmentSeriesGeneratorJob.java:151)
	at com.example.physiokalendar.service.AppointmentSeriesGeneratorJob.generateMissingAppointments(AppointmentSeriesGeneratorJob.java:107)
	at com.example.physiokalendar.service.AppointmentSeriesGeneratorJob.onApplicationReady(AppointmentSeriesGeneratorJob.java:57)
	at java.base/jdk.internal.reflect.NativeMethodAccessorImpl.invoke0(Native Method)
	at java.base/jdk.internal.reflect.NativeMethodAccessorImpl.invoke(NativeMethodAccessorImpl.java:77)
	at java.base/jdk.internal.reflect.DelegatingMethodAccessorImpl.invoke(DelegatingMethodAccessorImpl.java:43)
	at java.base/java.lang.reflect.Method.invoke(Method.java:568)
	at org.springframework.context.event.ApplicationListenerMethodAdapter.doInvoke(ApplicationListenerMethodAdapter.java:365)
	at org.springframework.context.event.ApplicationListenerMethodAdapter.processEvent(ApplicationListenerMethodAdapter.java:237)
	at org.springframework.context.event.ApplicationListenerMethodAdapter.onApplicationEvent(ApplicationListenerMethodAdapter.java:168)
	at org.springframework.context.event.SimpleApplicationEventMulticaster.doInvokeListener(SimpleApplicationEventMulticaster.java:185)
	at org.springframework.context.event.SimpleApplicationEventMulticaster.invokeListener(SimpleApplicationEventMulticaster.java:178)
	at org.springframework.context.event.SimpleApplicationEventMulticaster.multicastEvent(SimpleApplicationEventMulticaster.java:156)
	at org.springframework.context.support.AbstractApplicationContext.publishEvent(AbstractApplicationContext.java:452)
	at org.springframework.context.support.AbstractApplicationContext.publishEvent(AbstractApplicationContext.java:385)
	at org.springframework.boot.context.event.EventPublishingRunListener.ready(EventPublishingRunListener.java:109)
	at org.springframework.boot.SpringApplicationRunListeners.lambda$ready$6(SpringApplicationRunListeners.java:80)
	at java.base/java.lang.Iterable.forEach(Iterable.java:75)
	at org.springframework.boot.SpringApplicationRunListeners.doWithListeners(SpringApplicationRunListeners.java:118)
	at org.springframework.boot.SpringApplicationRunListeners.doWithListeners(SpringApplicationRunListeners.java:112)
	at org.springframework.boot.SpringApplicationRunListeners.ready(SpringApplicationRunListeners.java:80)
	at org.springframework.boot.SpringApplication.run(SpringApplication.java:349)
	at org.springframework.boot.SpringApplication.run(SpringApplication.java:1363)
	at org.springframework.boot.SpringApplication.run(SpringApplication.java:1352)
	at com.example.physiokalendar.PhysiokalendarApplication.main(PhysiokalendarApplication.java:12)
	at java.base/jdk.internal.reflect.NativeMethodAccessorImpl.invoke0(Native Method)
	at java.base/jdk.internal.reflect.NativeMethodAccessorImpl.invoke(NativeMethodAccessorImpl.java:77)
	at java.base/jdk.internal.reflect.DelegatingMethodAccessorImpl.invoke(DelegatingMethodAccessorImpl.java:43)
	at java.base/java.lang.reflect.Method.invoke(Method.java:568)
	at org.springframework.boot.devtools.restart.RestartLauncher.run(RestartLauncher.java:50)
2026-02-18 02:58:11.605 [restartedMain] ERROR c.e.p.s.AppointmentSeriesGeneratorJob - Error generating appointments for series 4456: failed to lazily initialize a collection of role: com.example.physiokalendar.entity.AppointmentSeries.cancellations: could not initialize proxy - no Session
org.hibernate.LazyInitializationException: failed to lazily initialize a collection of role: com.example.physiokalendar.entity.AppointmentSeries.cancellations: could not initialize proxy - no Session
	at org.hibernate.collection.spi.AbstractPersistentCollection.throwLazyInitializationException(AbstractPersistentCollection.java:636)
	at org.hibernate.collection.spi.AbstractPersistentCollection.withTemporarySessionIfNeeded(AbstractPersistentCollection.java:219)
	at org.hibernate.collection.spi.AbstractPersistentCollection.initialize(AbstractPersistentCollection.java:615)
	at org.hibernate.collection.spi.AbstractPersistentCollection.read(AbstractPersistentCollection.java:138)
	at org.hibernate.collection.spi.PersistentBag.iterator(PersistentBag.java:369)
	at java.base/java.util.Spliterators$IteratorSpliterator.estimateSize(Spliterators.java:1865)
	at java.base/java.util.Spliterator.getExactSizeIfKnown(Spliterator.java:414)
	at java.base/java.util.stream.AbstractPipeline.copyInto(AbstractPipeline.java:508)
	at java.base/java.util.stream.AbstractPipeline.wrapAndCopyInto(AbstractPipeline.java:499)
	at java.base/java.util.stream.ReduceOps$ReduceOp.evaluateSequential(ReduceOps.java:921)
	at java.base/java.util.stream.AbstractPipeline.evaluate(AbstractPipeline.java:234)
	at java.base/java.util.stream.ReferencePipeline.collect(ReferencePipeline.java:682)
	at com.example.physiokalendar.service.AppointmentSeriesGeneratorJob.generateAppointmentsForSeries(AppointmentSeriesGeneratorJob.java:151)
	at com.example.physiokalendar.service.AppointmentSeriesGeneratorJob.generateMissingAppointments(AppointmentSeriesGeneratorJob.java:107)
	at com.example.physiokalendar.service.AppointmentSeriesGeneratorJob.onApplicationReady(AppointmentSeriesGeneratorJob.java:57)
	at java.base/jdk.internal.reflect.NativeMethodAccessorImpl.invoke0(Native Method)
	at java.base/jdk.internal.reflect.NativeMethodAccessorImpl.invoke(NativeMethodAccessorImpl.java:77)
	at java.base/jdk.internal.reflect.DelegatingMethodAccessorImpl.invoke(DelegatingMethodAccessorImpl.java:43)
	at java.base/java.lang.reflect.Method.invoke(Method.java:568)
	at org.springframework.context.event.ApplicationListenerMethodAdapter.doInvoke(ApplicationListenerMethodAdapter.java:365)
	at org.springframework.context.event.ApplicationListenerMethodAdapter.processEvent(ApplicationListenerMethodAdapter.java:237)
	at org.springframework.context.event.ApplicationListenerMethodAdapter.onApplicationEvent(ApplicationListenerMethodAdapter.java:168)
	at org.springframework.context.event.SimpleApplicationEventMulticaster.doInvokeListener(SimpleApplicationEventMulticaster.java:185)
	at org.springframework.context.event.SimpleApplicationEventMulticaster.invokeListener(SimpleApplicationEventMulticaster.java:178)
	at org.springframework.context.event.SimpleApplicationEventMulticaster.multicastEvent(SimpleApplicationEventMulticaster.java:156)
	at org.springframework.context.support.AbstractApplicationContext.publishEvent(AbstractApplicationContext.java:452)
	at org.springframework.context.support.AbstractApplicationContext.publishEvent(AbstractApplicationContext.java:385)
	at org.springframework.boot.context.event.EventPublishingRunListener.ready(EventPublishingRunListener.java:109)
	at org.springframework.boot.SpringApplicationRunListeners.lambda$ready$6(SpringApplicationRunListeners.java:80)
	at java.base/java.lang.Iterable.forEach(Iterable.java:75)
	at org.springframework.boot.SpringApplicationRunListeners.doWithListeners(SpringApplicationRunListeners.java:118)
	at org.springframework.boot.SpringApplicationRunListeners.doWithListeners(SpringApplicationRunListeners.java:112)
	at org.springframework.boot.SpringApplicationRunListeners.ready(SpringApplicationRunListeners.java:80)
	at org.springframework.boot.SpringApplication.run(SpringApplication.java:349)
	at org.springframework.boot.SpringApplication.run(SpringApplication.java:1363)
	at org.springframework.boot.SpringApplication.run(SpringApplication.java:1352)
	at com.example.physiokalendar.PhysiokalendarApplication.main(PhysiokalendarApplication.java:12)
	at java.base/jdk.internal.reflect.NativeMethodAccessorImpl.invoke0(Native Method)
	at java.base/jdk.internal.reflect.NativeMethodAccessorImpl.invoke(NativeMethodAccessorImpl.java:77)
	at java.base/jdk.internal.reflect.DelegatingMethodAccessorImpl.invoke(DelegatingMethodAccessorImpl.java:43)
	at java.base/java.lang.reflect.Method.invoke(Method.java:568)
	at org.springframework.boot.devtools.restart.RestartLauncher.run(RestartLauncher.java:50)
2026-02-18 02:58:11.609 [restartedMain] ERROR c.e.p.s.AppointmentSeriesGeneratorJob - Error generating appointments for series 4457: failed to lazily initialize a collection of role: com.example.physiokalendar.entity.AppointmentSeries.cancellations: could not initialize proxy - no Session
org.hibernate.LazyInitializationException: failed to lazily initialize a collection of role: com.example.physiokalendar.entity.AppointmentSeries.cancellations: could not initialize proxy - no Session
	at org.hibernate.collection.spi.AbstractPersistentCollection.throwLazyInitializationException(AbstractPersistentCollection.java:636)
	at org.hibernate.collection.spi.AbstractPersistentCollection.withTemporarySessionIfNeeded(AbstractPersistentCollection.java:219)
	at org.hibernate.collection.spi.AbstractPersistentCollection.initialize(AbstractPersistentCollection.java:615)
	at org.hibernate.collection.spi.AbstractPersistentCollection.read(AbstractPersistentCollection.java:138)
	at org.hibernate.collection.spi.PersistentBag.iterator(PersistentBag.java:369)
	at java.base/java.util.Spliterators$IteratorSpliterator.estimateSize(Spliterators.java:1865)
	at java.base/java.util.Spliterator.getExactSizeIfKnown(Spliterator.java:414)
	at java.base/java.util.stream.AbstractPipeline.copyInto(AbstractPipeline.java:508)
	at java.base/java.util.stream.AbstractPipeline.wrapAndCopyInto(AbstractPipeline.java:499)
	at java.base/java.util.stream.ReduceOps$ReduceOp.evaluateSequential(ReduceOps.java:921)
	at java.base/java.util.stream.AbstractPipeline.evaluate(AbstractPipeline.java:234)
	at java.base/java.util.stream.ReferencePipeline.collect(ReferencePipeline.java:682)
	at com.example.physiokalendar.service.AppointmentSeriesGeneratorJob.generateAppointmentsForSeries(AppointmentSeriesGeneratorJob.java:151)
	at com.example.physiokalendar.service.AppointmentSeriesGeneratorJob.generateMissingAppointments(AppointmentSeriesGeneratorJob.java:107)
	at com.example.physiokalendar.service.AppointmentSeriesGeneratorJob.onApplicationReady(AppointmentSeriesGeneratorJob.java:57)
	at java.base/jdk.internal.reflect.NativeMethodAccessorImpl.invoke0(Native Method)
	at java.base/jdk.internal.reflect.NativeMethodAccessorImpl.invoke(NativeMethodAccessorImpl.java:77)
	at java.base/jdk.internal.reflect.DelegatingMethodAccessorImpl.invoke(DelegatingMethodAccessorImpl.java:43)
	at java.base/java.lang.reflect.Method.invoke(Method.java:568)
	at org.springframework.context.event.ApplicationListenerMethodAdapter.doInvoke(ApplicationListenerMethodAdapter.java:365)
	at org.springframework.context.event.ApplicationListenerMethodAdapter.processEvent(ApplicationListenerMethodAdapter.java:237)
	at org.springframework.context.event.ApplicationListenerMethodAdapter.onApplicationEvent(ApplicationListenerMethodAdapter.java:168)
	at org.springframework.context.event.SimpleApplicationEventMulticaster.doInvokeListener(SimpleApplicationEventMulticaster.java:185)
	at org.springframework.context.event.SimpleApplicationEventMulticaster.invokeListener(SimpleApplicationEventMulticaster.java:178)
	at org.springframework.context.event.SimpleApplicationEventMulticaster.multicastEvent(SimpleApplicationEventMulticaster.java:156)
	at org.springframework.context.support.AbstractApplicationContext.publishEvent(AbstractApplicationContext.java:452)
	at org.springframework.context.support.AbstractApplicationContext.publishEvent(AbstractApplicationContext.java:385)
	at org.springframework.boot.context.event.EventPublishingRunListener.ready(EventPublishingRunListener.java:109)
	at org.springframework.boot.SpringApplicationRunListeners.lambda$ready$6(SpringApplicationRunListeners.java:80)
	at java.base/java.lang.Iterable.forEach(Iterable.java:75)
	at org.springframework.boot.SpringApplicationRunListeners.doWithListeners(SpringApplicationRunListeners.java:118)
	at org.springframework.boot.SpringApplicationRunListeners.doWithListeners(SpringApplicationRunListeners.java:112)
	at org.springframework.boot.SpringApplicationRunListeners.ready(SpringApplicationRunListeners.java:80)
	at org.springframework.boot.SpringApplication.run(SpringApplication.java:349)
	at org.springframework.boot.SpringApplication.run(SpringApplication.java:1363)
	at org.springframework.boot.SpringApplication.run(SpringApplication.java:1352)
	at com.example.physiokalendar.PhysiokalendarApplication.main(PhysiokalendarApplication.java:12)
	at java.base/jdk.internal.reflect.NativeMethodAccessorImpl.invoke0(Native Method)
	at java.base/jdk.internal.reflect.NativeMethodAccessorImpl.invoke(NativeMethodAccessorImpl.java:77)
	at java.base/jdk.internal.reflect.DelegatingMethodAccessorImpl.invoke(DelegatingMethodAccessorImpl.java:43)
	at java.base/java.lang.reflect.Method.invoke(Method.java:568)
	at org.springframework.boot.devtools.restart.RestartLauncher.run(RestartLauncher.java:50)
2026-02-18 02:58:11.613 [restartedMain] ERROR c.e.p.s.AppointmentSeriesGeneratorJob - Error generating appointments for series 4458: failed to lazily initialize a collection of role: com.example.physiokalendar.entity.AppointmentSeries.cancellations: could not initialize proxy - no Session
org.hibernate.LazyInitializationException: failed to lazily initialize a collection of role: com.example.physiokalendar.entity.AppointmentSeries.cancellations: could not initialize proxy - no Session
	at org.hibernate.collection.spi.AbstractPersistentCollection.throwLazyInitializationException(AbstractPersistentCollection.java:636)
	at org.hibernate.collection.spi.AbstractPersistentCollection.withTemporarySessionIfNeeded(AbstractPersistentCollection.java:219)
	at org.hibernate.collection.spi.AbstractPersistentCollection.initialize(AbstractPersistentCollection.java:615)
	at org.hibernate.collection.spi.AbstractPersistentCollection.read(AbstractPersistentCollection.java:138)
	at org.hibernate.collection.spi.PersistentBag.iterator(PersistentBag.java:369)
	at java.base/java.util.Spliterators$IteratorSpliterator.estimateSize(Spliterators.java:1865)
	at java.base/java.util.Spliterator.getExactSizeIfKnown(Spliterator.java:414)
	at java.base/java.util.stream.AbstractPipeline.copyInto(AbstractPipeline.java:508)
	at java.base/java.util.stream.AbstractPipeline.wrapAndCopyInto(AbstractPipeline.java:499)
	at java.base/java.util.stream.ReduceOps$ReduceOp.evaluateSequential(ReduceOps.java:921)
	at java.base/java.util.stream.AbstractPipeline.evaluate(AbstractPipeline.java:234)
	at java.base/java.util.stream.ReferencePipeline.collect(ReferencePipeline.java:682)
	at com.example.physiokalendar.service.AppointmentSeriesGeneratorJob.generateAppointmentsForSeries(AppointmentSeriesGeneratorJob.java:151)
	at com.example.physiokalendar.service.AppointmentSeriesGeneratorJob.generateMissingAppointments(AppointmentSeriesGeneratorJob.java:107)
	at com.example.physiokalendar.service.AppointmentSeriesGeneratorJob.onApplicationReady(AppointmentSeriesGeneratorJob.java:57)
	at java.base/jdk.internal.reflect.NativeMethodAccessorImpl.invoke0(Native Method)
	at java.base/jdk.internal.reflect.NativeMethodAccessorImpl.invoke(NativeMethodAccessorImpl.java:77)
	at java.base/jdk.internal.reflect.DelegatingMethodAccessorImpl.invoke(DelegatingMethodAccessorImpl.java:43)
	at java.base/java.lang.reflect.Method.invoke(Method.java:568)
	at org.springframework.context.event.ApplicationListenerMethodAdapter.doInvoke(ApplicationListenerMethodAdapter.java:365)
	at org.springframework.context.event.ApplicationListenerMethodAdapter.processEvent(ApplicationListenerMethodAdapter.java:237)
	at org.springframework.context.event.ApplicationListenerMethodAdapter.onApplicationEvent(ApplicationListenerMethodAdapter.java:168)
	at org.springframework.context.event.SimpleApplicationEventMulticaster.doInvokeListener(SimpleApplicationEventMulticaster.java:185)
	at org.springframework.context.event.SimpleApplicationEventMulticaster.invokeListener(SimpleApplicationEventMulticaster.java:178)
	at org.springframework.context.event.SimpleApplicationEventMulticaster.multicastEvent(SimpleApplicationEventMulticaster.java:156)
	at org.springframework.context.support.AbstractApplicationContext.publishEvent(AbstractApplicationContext.java:452)
	at org.springframework.context.support.AbstractApplicationContext.publishEvent(AbstractApplicationContext.java:385)
	at org.springframework.boot.context.event.EventPublishingRunListener.ready(EventPublishingRunListener.java:109)
	at org.springframework.boot.SpringApplicationRunListeners.lambda$ready$6(SpringApplicationRunListeners.java:80)
	at java.base/java.lang.Iterable.forEach(Iterable.java:75)
	at org.springframework.boot.SpringApplicationRunListeners.doWithListeners(SpringApplicationRunListeners.java:118)
	at org.springframework.boot.SpringApplicationRunListeners.doWithListeners(SpringApplicationRunListeners.java:112)
	at org.springframework.boot.SpringApplicationRunListeners.ready(SpringApplicationRunListeners.java:80)
	at org.springframework.boot.SpringApplication.run(SpringApplication.java:349)
	at org.springframework.boot.SpringApplication.run(SpringApplication.java:1363)
	at org.springframework.boot.SpringApplication.run(SpringApplication.java:1352)
	at com.example.physiokalendar.PhysiokalendarApplication.main(PhysiokalendarApplication.java:12)
	at java.base/jdk.internal.reflect.NativeMethodAccessorImpl.invoke0(Native Method)
	at java.base/jdk.internal.reflect.NativeMethodAccessorImpl.invoke(NativeMethodAccessorImpl.java:77)
	at java.base/jdk.internal.reflect.DelegatingMethodAccessorImpl.invoke(DelegatingMethodAccessorImpl.java:43)
	at java.base/java.lang.reflect.Method.invoke(Method.java:568)
	at org.springframework.boot.devtools.restart.RestartLauncher.run(RestartLauncher.java:50)
2026-02-18 02:58:11.616 [restartedMain] ERROR c.e.p.s.AppointmentSeriesGeneratorJob - Error generating appointments for series 4459: failed to lazily initialize a collection of role: com.example.physiokalendar.entity.AppointmentSeries.cancellations: could not initialize proxy - no Session
org.hibernate.LazyInitializationException: failed to lazily initialize a collection of role: com.example.physiokalendar.entity.AppointmentSeries.cancellations: could not initialize proxy - no Session
	at org.hibernate.collection.spi.AbstractPersistentCollection.throwLazyInitializationException(AbstractPersistentCollection.java:636)
	at org.hibernate.collection.spi.AbstractPersistentCollection.withTemporarySessionIfNeeded(AbstractPersistentCollection.java:219)
	at org.hibernate.collection.spi.AbstractPersistentCollection.initialize(AbstractPersistentCollection.java:615)
	at org.hibernate.collection.spi.AbstractPersistentCollection.read(AbstractPersistentCollection.java:138)
	at org.hibernate.collection.spi.PersistentBag.iterator(PersistentBag.java:369)
	at java.base/java.util.Spliterators$IteratorSpliterator.estimateSize(Spliterators.java:1865)
	at java.base/java.util.Spliterator.getExactSizeIfKnown(Spliterator.java:414)
	at java.base/java.util.stream.AbstractPipeline.copyInto(AbstractPipeline.java:508)
	at java.base/java.util.stream.AbstractPipeline.wrapAndCopyInto(AbstractPipeline.java:499)
	at java.base/java.util.stream.ReduceOps$ReduceOp.evaluateSequential(ReduceOps.java:921)
	at java.base/java.util.stream.AbstractPipeline.evaluate(AbstractPipeline.java:234)
	at java.base/java.util.stream.ReferencePipeline.collect(ReferencePipeline.java:682)
	at com.example.physiokalendar.service.AppointmentSeriesGeneratorJob.generateAppointmentsForSeries(AppointmentSeriesGeneratorJob.java:151)
	at com.example.physiokalendar.service.AppointmentSeriesGeneratorJob.generateMissingAppointments(AppointmentSeriesGeneratorJob.java:107)
	at com.example.physiokalendar.service.AppointmentSeriesGeneratorJob.onApplicationReady(AppointmentSeriesGeneratorJob.java:57)
	at java.base/jdk.internal.reflect.NativeMethodAccessorImpl.invoke0(Native Method)
	at java.base/jdk.internal.reflect.NativeMethodAccessorImpl.invoke(NativeMethodAccessorImpl.java:77)
	at java.base/jdk.internal.reflect.DelegatingMethodAccessorImpl.invoke(DelegatingMethodAccessorImpl.java:43)
	at java.base/java.lang.reflect.Method.invoke(Method.java:568)
	at org.springframework.context.event.ApplicationListenerMethodAdapter.doInvoke(ApplicationListenerMethodAdapter.java:365)
	at org.springframework.context.event.ApplicationListenerMethodAdapter.processEvent(ApplicationListenerMethodAdapter.java:237)
	at org.springframework.context.event.ApplicationListenerMethodAdapter.onApplicationEvent(ApplicationListenerMethodAdapter.java:168)
	at org.springframework.context.event.SimpleApplicationEventMulticaster.doInvokeListener(SimpleApplicationEventMulticaster.java:185)
	at org.springframework.context.event.SimpleApplicationEventMulticaster.invokeListener(SimpleApplicationEventMulticaster.java:178)
	at org.springframework.context.event.SimpleApplicationEventMulticaster.multicastEvent(SimpleApplicationEventMulticaster.java:156)
	at org.springframework.context.support.AbstractApplicationContext.publishEvent(AbstractApplicationContext.java:452)
	at org.springframework.context.support.AbstractApplicationContext.publishEvent(AbstractApplicationContext.java:385)
	at org.springframework.boot.context.event.EventPublishingRunListener.ready(EventPublishingRunListener.java:109)
	at org.springframework.boot.SpringApplicationRunListeners.lambda$ready$6(SpringApplicationRunListeners.java:80)
	at java.base/java.lang.Iterable.forEach(Iterable.java:75)
	at org.springframework.boot.SpringApplicationRunListeners.doWithListeners(SpringApplicationRunListeners.java:118)
	at org.springframework.boot.SpringApplicationRunListeners.doWithListeners(SpringApplicationRunListeners.java:112)
	at org.springframework.boot.SpringApplicationRunListeners.ready(SpringApplicationRunListeners.java:80)
	at org.springframework.boot.SpringApplication.run(SpringApplication.java:349)
	at org.springframework.boot.SpringApplication.run(SpringApplication.java:1363)
	at org.springframework.boot.SpringApplication.run(SpringApplication.java:1352)
	at com.example.physiokalendar.PhysiokalendarApplication.main(PhysiokalendarApplication.java:12)
	at java.base/jdk.internal.reflect.NativeMethodAccessorImpl.invoke0(Native Method)
	at java.base/jdk.internal.reflect.NativeMethodAccessorImpl.invoke(NativeMethodAccessorImpl.java:77)
	at java.base/jdk.internal.reflect.DelegatingMethodAccessorImpl.invoke(DelegatingMethodAccessorImpl.java:43)
	at java.base/java.lang.reflect.Method.invoke(Method.java:568)
	at org.springframework.boot.devtools.restart.RestartLauncher.run(RestartLauncher.java:50)
2026-02-18 02:58:11.620 [restartedMain] ERROR c.e.p.s.AppointmentSeriesGeneratorJob - Error generating appointments for series 4460: failed to lazily initialize a collection of role: com.example.physiokalendar.entity.AppointmentSeries.cancellations: could not initialize proxy - no Session
org.hibernate.LazyInitializationException: failed to lazily initialize a collection of role: com.example.physiokalendar.entity.AppointmentSeries.cancellations: could not initialize proxy - no Session
	at org.hibernate.collection.spi.AbstractPersistentCollection.throwLazyInitializationException(AbstractPersistentCollection.java:636)
	at org.hibernate.collection.spi.AbstractPersistentCollection.withTemporarySessionIfNeeded(AbstractPersistentCollection.java:219)
	at org.hibernate.collection.spi.AbstractPersistentCollection.initialize(AbstractPersistentCollection.java:615)
	at org.hibernate.collection.spi.AbstractPersistentCollection.read(AbstractPersistentCollection.java:138)
	at org.hibernate.collection.spi.PersistentBag.iterator(PersistentBag.java:369)
	at java.base/java.util.Spliterators$IteratorSpliterator.estimateSize(Spliterators.java:1865)
	at java.base/java.util.Spliterator.getExactSizeIfKnown(Spliterator.java:414)
	at java.base/java.util.stream.AbstractPipeline.copyInto(AbstractPipeline.java:508)
	at java.base/java.util.stream.AbstractPipeline.wrapAndCopyInto(AbstractPipeline.java:499)
	at java.base/java.util.stream.ReduceOps$ReduceOp.evaluateSequential(ReduceOps.java:921)
	at java.base/java.util.stream.AbstractPipeline.evaluate(AbstractPipeline.java:234)
	at java.base/java.util.stream.ReferencePipeline.collect(ReferencePipeline.java:682)
	at com.example.physiokalendar.service.AppointmentSeriesGeneratorJob.generateAppointmentsForSeries(AppointmentSeriesGeneratorJob.java:151)
	at com.example.physiokalendar.service.AppointmentSeriesGeneratorJob.generateMissingAppointments(AppointmentSeriesGeneratorJob.java:107)
	at com.example.physiokalendar.service.AppointmentSeriesGeneratorJob.onApplicationReady(AppointmentSeriesGeneratorJob.java:57)
	at java.base/jdk.internal.reflect.NativeMethodAccessorImpl.invoke0(Native Method)
	at java.base/jdk.internal.reflect.NativeMethodAccessorImpl.invoke(NativeMethodAccessorImpl.java:77)
	at java.base/jdk.internal.reflect.DelegatingMethodAccessorImpl.invoke(DelegatingMethodAccessorImpl.java:43)
	at java.base/java.lang.reflect.Method.invoke(Method.java:568)
	at org.springframework.context.event.ApplicationListenerMethodAdapter.doInvoke(ApplicationListenerMethodAdapter.java:365)
	at org.springframework.context.event.ApplicationListenerMethodAdapter.processEvent(ApplicationListenerMethodAdapter.java:237)
	at org.springframework.context.event.ApplicationListenerMethodAdapter.onApplicationEvent(ApplicationListenerMethodAdapter.java:168)
	at org.springframework.context.event.SimpleApplicationEventMulticaster.doInvokeListener(SimpleApplicationEventMulticaster.java:185)
	at org.springframework.context.event.SimpleApplicationEventMulticaster.invokeListener(SimpleApplicationEventMulticaster.java:178)
	at org.springframework.context.event.SimpleApplicationEventMulticaster.multicastEvent(SimpleApplicationEventMulticaster.java:156)
	at org.springframework.context.support.AbstractApplicationContext.publishEvent(AbstractApplicationContext.java:452)
	at org.springframework.context.support.AbstractApplicationContext.publishEvent(AbstractApplicationContext.java:385)
	at org.springframework.boot.context.event.EventPublishingRunListener.ready(EventPublishingRunListener.java:109)
	at org.springframework.boot.SpringApplicationRunListeners.lambda$ready$6(SpringApplicationRunListeners.java:80)
	at java.base/java.lang.Iterable.forEach(Iterable.java:75)
	at org.springframework.boot.SpringApplicationRunListeners.doWithListeners(SpringApplicationRunListeners.java:118)
	at org.springframework.boot.SpringApplicationRunListeners.doWithListeners(SpringApplicationRunListeners.java:112)
	at org.springframework.boot.SpringApplicationRunListeners.ready(SpringApplicationRunListeners.java:80)
	at org.springframework.boot.SpringApplication.run(SpringApplication.java:349)
	at org.springframework.boot.SpringApplication.run(SpringApplication.java:1363)
	at org.springframework.boot.SpringApplication.run(SpringApplication.java:1352)
	at com.example.physiokalendar.PhysiokalendarApplication.main(PhysiokalendarApplication.java:12)
	at java.base/jdk.internal.reflect.NativeMethodAccessorImpl.invoke0(Native Method)
	at java.base/jdk.internal.reflect.NativeMethodAccessorImpl.invoke(NativeMethodAccessorImpl.java:77)
	at java.base/jdk.internal.reflect.DelegatingMethodAccessorImpl.invoke(DelegatingMethodAccessorImpl.java:43)
	at java.base/java.lang.reflect.Method.invoke(Method.java:568)
	at org.springframework.boot.devtools.restart.RestartLauncher.run(RestartLauncher.java:50)
2026-02-18 02:58:11.624 [restartedMain] ERROR c.e.p.s.AppointmentSeriesGeneratorJob - Error generating appointments for series 4461: failed to lazily initialize a collection of role: com.example.physiokalendar.entity.AppointmentSeries.cancellations: could not initialize proxy - no Session
org.hibernate.LazyInitializationException: failed to lazily initialize a collection of role: com.example.physiokalendar.entity.AppointmentSeries.cancellations: could not initialize proxy - no Session
	at org.hibernate.collection.spi.AbstractPersistentCollection.throwLazyInitializationException(AbstractPersistentCollection.java:636)
	at org.hibernate.collection.spi.AbstractPersistentCollection.withTemporarySessionIfNeeded(AbstractPersistentCollection.java:219)
	at org.hibernate.collection.spi.AbstractPersistentCollection.initialize(AbstractPersistentCollection.java:615)
	at org.hibernate.collection.spi.AbstractPersistentCollection.read(AbstractPersistentCollection.java:138)
	at org.hibernate.collection.spi.PersistentBag.iterator(PersistentBag.java:369)
	at java.base/java.util.Spliterators$IteratorSpliterator.estimateSize(Spliterators.java:1865)
	at java.base/java.util.Spliterator.getExactSizeIfKnown(Spliterator.java:414)
	at java.base/java.util.stream.AbstractPipeline.copyInto(AbstractPipeline.java:508)
	at java.base/java.util.stream.AbstractPipeline.wrapAndCopyInto(AbstractPipeline.java:499)
	at java.base/java.util.stream.ReduceOps$ReduceOp.evaluateSequential(ReduceOps.java:921)
	at java.base/java.util.stream.AbstractPipeline.evaluate(AbstractPipeline.java:234)
	at java.base/java.util.stream.ReferencePipeline.collect(ReferencePipeline.java:682)
	at com.example.physiokalendar.service.AppointmentSeriesGeneratorJob.generateAppointmentsForSeries(AppointmentSeriesGeneratorJob.java:151)
	at com.example.physiokalendar.service.AppointmentSeriesGeneratorJob.generateMissingAppointments(AppointmentSeriesGeneratorJob.java:107)
	at com.example.physiokalendar.service.AppointmentSeriesGeneratorJob.onApplicationReady(AppointmentSeriesGeneratorJob.java:57)
	at java.base/jdk.internal.reflect.NativeMethodAccessorImpl.invoke0(Native Method)
	at java.base/jdk.internal.reflect.NativeMethodAccessorImpl.invoke(NativeMethodAccessorImpl.java:77)
	at java.base/jdk.internal.reflect.DelegatingMethodAccessorImpl.invoke(DelegatingMethodAccessorImpl.java:43)
	at java.base/java.lang.reflect.Method.invoke(Method.java:568)
	at org.springframework.context.event.ApplicationListenerMethodAdapter.doInvoke(ApplicationListenerMethodAdapter.java:365)
	at org.springframework.context.event.ApplicationListenerMethodAdapter.processEvent(ApplicationListenerMethodAdapter.java:237)
	at org.springframework.context.event.ApplicationListenerMethodAdapter.onApplicationEvent(ApplicationListenerMethodAdapter.java:168)
	at org.springframework.context.event.SimpleApplicationEventMulticaster.doInvokeListener(SimpleApplicationEventMulticaster.java:185)
	at org.springframework.context.event.SimpleApplicationEventMulticaster.invokeListener(SimpleApplicationEventMulticaster.java:178)
	at org.springframework.context.event.SimpleApplicationEventMulticaster.multicastEvent(SimpleApplicationEventMulticaster.java:156)
	at org.springframework.context.support.AbstractApplicationContext.publishEvent(AbstractApplicationContext.java:452)
	at org.springframework.context.support.AbstractApplicationContext.publishEvent(AbstractApplicationContext.java:385)
	at org.springframework.boot.context.event.EventPublishingRunListener.ready(EventPublishingRunListener.java:109)
	at org.springframework.boot.SpringApplicationRunListeners.lambda$ready$6(SpringApplicationRunListeners.java:80)
	at java.base/java.lang.Iterable.forEach(Iterable.java:75)
	at org.springframework.boot.SpringApplicationRunListeners.doWithListeners(SpringApplicationRunListeners.java:118)
	at org.springframework.boot.SpringApplicationRunListeners.doWithListeners(SpringApplicationRunListeners.java:112)
	at org.springframework.boot.SpringApplicationRunListeners.ready(SpringApplicationRunListeners.java:80)
	at org.springframework.boot.SpringApplication.run(SpringApplication.java:349)
	at org.springframework.boot.SpringApplication.run(SpringApplication.java:1363)
	at org.springframework.boot.SpringApplication.run(SpringApplication.java:1352)
	at com.example.physiokalendar.PhysiokalendarApplication.main(PhysiokalendarApplication.java:12)
	at java.base/jdk.internal.reflect.NativeMethodAccessorImpl.invoke0(Native Method)
	at java.base/jdk.internal.reflect.NativeMethodAccessorImpl.invoke(NativeMethodAccessorImpl.java:77)
	at java.base/jdk.internal.reflect.DelegatingMethodAccessorImpl.invoke(DelegatingMethodAccessorImpl.java:43)
	at java.base/java.lang.reflect.Method.invoke(Method.java:568)
	at org.springframework.boot.devtools.restart.RestartLauncher.run(RestartLauncher.java:50)
2026-02-18 02:58:11.627 [restartedMain] ERROR c.e.p.s.AppointmentSeriesGeneratorJob - Error generating appointments for series 4462: failed to lazily initialize a collection of role: com.example.physiokalendar.entity.AppointmentSeries.cancellations: could not initialize proxy - no Session
org.hibernate.LazyInitializationException: failed to lazily initialize a collection of role: com.example.physiokalendar.entity.AppointmentSeries.cancellations: could not initialize proxy - no Session
	at org.hibernate.collection.spi.AbstractPersistentCollection.throwLazyInitializationException(AbstractPersistentCollection.java:636)
	at org.hibernate.collection.spi.AbstractPersistentCollection.withTemporarySessionIfNeeded(AbstractPersistentCollection.java:219)
	at org.hibernate.collection.spi.AbstractPersistentCollection.initialize(AbstractPersistentCollection.java:615)
	at org.hibernate.collection.spi.AbstractPersistentCollection.read(AbstractPersistentCollection.java:138)
	at org.hibernate.collection.spi.PersistentBag.iterator(PersistentBag.java:369)
	at java.base/java.util.Spliterators$IteratorSpliterator.estimateSize(Spliterators.java:1865)
	at java.base/java.util.Spliterator.getExactSizeIfKnown(Spliterator.java:414)
	at java.base/java.util.stream.AbstractPipeline.copyInto(AbstractPipeline.java:508)
	at java.base/java.util.stream.AbstractPipeline.wrapAndCopyInto(AbstractPipeline.java:499)
	at java.base/java.util.stream.ReduceOps$ReduceOp.evaluateSequential(ReduceOps.java:921)
	at java.base/java.util.stream.AbstractPipeline.evaluate(AbstractPipeline.java:234)
	at java.base/java.util.stream.ReferencePipeline.collect(ReferencePipeline.java:682)
	at com.example.physiokalendar.service.AppointmentSeriesGeneratorJob.generateAppointmentsForSeries(AppointmentSeriesGeneratorJob.java:151)
	at com.example.physiokalendar.service.AppointmentSeriesGeneratorJob.generateMissingAppointments(AppointmentSeriesGeneratorJob.java:107)
	at com.example.physiokalendar.service.AppointmentSeriesGeneratorJob.onApplicationReady(AppointmentSeriesGeneratorJob.java:57)
	at java.base/jdk.internal.reflect.NativeMethodAccessorImpl.invoke0(Native Method)
	at java.base/jdk.internal.reflect.NativeMethodAccessorImpl.invoke(NativeMethodAccessorImpl.java:77)
	at java.base/jdk.internal.reflect.DelegatingMethodAccessorImpl.invoke(DelegatingMethodAccessorImpl.java:43)
	at java.base/java.lang.reflect.Method.invoke(Method.java:568)
	at org.springframework.context.event.ApplicationListenerMethodAdapter.doInvoke(ApplicationListenerMethodAdapter.java:365)
	at org.springframework.context.event.ApplicationListenerMethodAdapter.processEvent(ApplicationListenerMethodAdapter.java:237)
	at org.springframework.context.event.ApplicationListenerMethodAdapter.onApplicationEvent(ApplicationListenerMethodAdapter.java:168)
	at org.springframework.context.event.SimpleApplicationEventMulticaster.doInvokeListener(SimpleApplicationEventMulticaster.java:185)
	at org.springframework.context.event.SimpleApplicationEventMulticaster.invokeListener(SimpleApplicationEventMulticaster.java:178)
	at org.springframework.context.event.SimpleApplicationEventMulticaster.multicastEvent(SimpleApplicationEventMulticaster.java:156)
	at org.springframework.context.support.AbstractApplicationContext.publishEvent(AbstractApplicationContext.java:452)
	at org.springframework.context.support.AbstractApplicationContext.publishEvent(AbstractApplicationContext.java:385)
	at org.springframework.boot.context.event.EventPublishingRunListener.ready(EventPublishingRunListener.java:109)
	at org.springframework.boot.SpringApplicationRunListeners.lambda$ready$6(SpringApplicationRunListeners.java:80)
	at java.base/java.lang.Iterable.forEach(Iterable.java:75)
	at org.springframework.boot.SpringApplicationRunListeners.doWithListeners(SpringApplicationRunListeners.java:118)
	at org.springframework.boot.SpringApplicationRunListeners.doWithListeners(SpringApplicationRunListeners.java:112)
	at org.springframework.boot.SpringApplicationRunListeners.ready(SpringApplicationRunListeners.java:80)
	at org.springframework.boot.SpringApplication.run(SpringApplication.java:349)
	at org.springframework.boot.SpringApplication.run(SpringApplication.java:1363)
	at org.springframework.boot.SpringApplication.run(SpringApplication.java:1352)
	at com.example.physiokalendar.PhysiokalendarApplication.main(PhysiokalendarApplication.java:12)
	at java.base/jdk.internal.reflect.NativeMethodAccessorImpl.invoke0(Native Method)
	at java.base/jdk.internal.reflect.NativeMethodAccessorImpl.invoke(NativeMethodAccessorImpl.java:77)
	at java.base/jdk.internal.reflect.DelegatingMethodAccessorImpl.invoke(DelegatingMethodAccessorImpl.java:43)
	at java.base/java.lang.reflect.Method.invoke(Method.java:568)
	at org.springframework.boot.devtools.restart.RestartLauncher.run(RestartLauncher.java:50)
2026-02-18 02:58:11.630 [restartedMain] ERROR c.e.p.s.AppointmentSeriesGeneratorJob - Error generating appointments for series 4463: failed to lazily initialize a collection of role: com.example.physiokalendar.entity.AppointmentSeries.cancellations: could not initialize proxy - no Session
org.hibernate.LazyInitializationException: failed to lazily initialize a collection of role: com.example.physiokalendar.entity.AppointmentSeries.cancellations: could not initialize proxy - no Session
	at org.hibernate.collection.spi.AbstractPersistentCollection.throwLazyInitializationException(AbstractPersistentCollection.java:636)
	at org.hibernate.collection.spi.AbstractPersistentCollection.withTemporarySessionIfNeeded(AbstractPersistentCollection.java:219)
	at org.hibernate.collection.spi.AbstractPersistentCollection.initialize(AbstractPersistentCollection.java:615)
	at org.hibernate.collection.spi.AbstractPersistentCollection.read(AbstractPersistentCollection.java:138)
	at org.hibernate.collection.spi.PersistentBag.iterator(PersistentBag.java:369)
	at java.base/java.util.Spliterators$IteratorSpliterator.estimateSize(Spliterators.java:1865)
	at java.base/java.util.Spliterator.getExactSizeIfKnown(Spliterator.java:414)
	at java.base/java.util.stream.AbstractPipeline.copyInto(AbstractPipeline.java:508)
	at java.base/java.util.stream.AbstractPipeline.wrapAndCopyInto(AbstractPipeline.java:499)
	at java.base/java.util.stream.ReduceOps$ReduceOp.evaluateSequential(ReduceOps.java:921)
	at java.base/java.util.stream.AbstractPipeline.evaluate(AbstractPipeline.java:234)
	at java.base/java.util.stream.ReferencePipeline.collect(ReferencePipeline.java:682)
	at com.example.physiokalendar.service.AppointmentSeriesGeneratorJob.generateAppointmentsForSeries(AppointmentSeriesGeneratorJob.java:151)
	at com.example.physiokalendar.service.AppointmentSeriesGeneratorJob.generateMissingAppointments(AppointmentSeriesGeneratorJob.java:107)
	at com.example.physiokalendar.service.AppointmentSeriesGeneratorJob.onApplicationReady(AppointmentSeriesGeneratorJob.java:57)
	at java.base/jdk.internal.reflect.NativeMethodAccessorImpl.invoke0(Native Method)
	at java.base/jdk.internal.reflect.NativeMethodAccessorImpl.invoke(NativeMethodAccessorImpl.java:77)
	at java.base/jdk.internal.reflect.DelegatingMethodAccessorImpl.invoke(DelegatingMethodAccessorImpl.java:43)
	at java.base/java.lang.reflect.Method.invoke(Method.java:568)
	at org.springframework.context.event.ApplicationListenerMethodAdapter.doInvoke(ApplicationListenerMethodAdapter.java:365)
	at org.springframework.context.event.ApplicationListenerMethodAdapter.processEvent(ApplicationListenerMethodAdapter.java:237)
	at org.springframework.context.event.ApplicationListenerMethodAdapter.onApplicationEvent(ApplicationListenerMethodAdapter.java:168)
	at org.springframework.context.event.SimpleApplicationEventMulticaster.doInvokeListener(SimpleApplicationEventMulticaster.java:185)
	at org.springframework.context.event.SimpleApplicationEventMulticaster.invokeListener(SimpleApplicationEventMulticaster.java:178)
	at org.springframework.context.event.SimpleApplicationEventMulticaster.multicastEvent(SimpleApplicationEventMulticaster.java:156)
	at org.springframework.context.support.AbstractApplicationContext.publishEvent(AbstractApplicationContext.java:452)
	at org.springframework.context.support.AbstractApplicationContext.publishEvent(AbstractApplicationContext.java:385)
	at org.springframework.boot.context.event.EventPublishingRunListener.ready(EventPublishingRunListener.java:109)
	at org.springframework.boot.SpringApplicationRunListeners.lambda$ready$6(SpringApplicationRunListeners.java:80)
	at java.base/java.lang.Iterable.forEach(Iterable.java:75)
	at org.springframework.boot.SpringApplicationRunListeners.doWithListeners(SpringApplicationRunListeners.java:118)
	at org.springframework.boot.SpringApplicationRunListeners.doWithListeners(SpringApplicationRunListeners.java:112)
	at org.springframework.boot.SpringApplicationRunListeners.ready(SpringApplicationRunListeners.java:80)
	at org.springframework.boot.SpringApplication.run(SpringApplication.java:349)
	at org.springframework.boot.SpringApplication.run(SpringApplication.java:1363)
	at org.springframework.boot.SpringApplication.run(SpringApplication.java:1352)
	at com.example.physiokalendar.PhysiokalendarApplication.main(PhysiokalendarApplication.java:12)
	at java.base/jdk.internal.reflect.NativeMethodAccessorImpl.invoke0(Native Method)
	at java.base/jdk.internal.reflect.NativeMethodAccessorImpl.invoke(NativeMethodAccessorImpl.java:77)
	at java.base/jdk.internal.reflect.DelegatingMethodAccessorImpl.invoke(DelegatingMethodAccessorImpl.java:43)
	at java.base/java.lang.reflect.Method.invoke(Method.java:568)
	at org.springframework.boot.devtools.restart.RestartLauncher.run(RestartLauncher.java:50)
2026-02-18 02:58:11.634 [restartedMain] ERROR c.e.p.s.AppointmentSeriesGeneratorJob - Error generating appointments for series 4465: failed to lazily initialize a collection of role: com.example.physiokalendar.entity.AppointmentSeries.cancellations: could not initialize proxy - no Session
org.hibernate.LazyInitializationException: failed to lazily initialize a collection of role: com.example.physiokalendar.entity.AppointmentSeries.cancellations: could not initialize proxy - no Session
	at org.hibernate.collection.spi.AbstractPersistentCollection.throwLazyInitializationException(AbstractPersistentCollection.java:636)
	at org.hibernate.collection.spi.AbstractPersistentCollection.withTemporarySessionIfNeeded(AbstractPersistentCollection.java:219)
	at org.hibernate.collection.spi.AbstractPersistentCollection.initialize(AbstractPersistentCollection.java:615)
	at org.hibernate.collection.spi.AbstractPersistentCollection.read(AbstractPersistentCollection.java:138)
	at org.hibernate.collection.spi.PersistentBag.iterator(PersistentBag.java:369)
	at java.base/java.util.Spliterators$IteratorSpliterator.estimateSize(Spliterators.java:1865)
	at java.base/java.util.Spliterator.getExactSizeIfKnown(Spliterator.java:414)
	at java.base/java.util.stream.AbstractPipeline.copyInto(AbstractPipeline.java:508)
	at java.base/java.util.stream.AbstractPipeline.wrapAndCopyInto(AbstractPipeline.java:499)
	at java.base/java.util.stream.ReduceOps$ReduceOp.evaluateSequential(ReduceOps.java:921)
	at java.base/java.util.stream.AbstractPipeline.evaluate(AbstractPipeline.java:234)
	at java.base/java.util.stream.ReferencePipeline.collect(ReferencePipeline.java:682)
	at com.example.physiokalendar.service.AppointmentSeriesGeneratorJob.generateAppointmentsForSeries(AppointmentSeriesGeneratorJob.java:151)
	at com.example.physiokalendar.service.AppointmentSeriesGeneratorJob.generateMissingAppointments(AppointmentSeriesGeneratorJob.java:107)
	at com.example.physiokalendar.service.AppointmentSeriesGeneratorJob.onApplicationReady(AppointmentSeriesGeneratorJob.java:57)
	at java.base/jdk.internal.reflect.NativeMethodAccessorImpl.invoke0(Native Method)
	at java.base/jdk.internal.reflect.NativeMethodAccessorImpl.invoke(NativeMethodAccessorImpl.java:77)
	at java.base/jdk.internal.reflect.DelegatingMethodAccessorImpl.invoke(DelegatingMethodAccessorImpl.java:43)
	at java.base/java.lang.reflect.Method.invoke(Method.java:568)
	at org.springframework.context.event.ApplicationListenerMethodAdapter.doInvoke(ApplicationListenerMethodAdapter.java:365)
	at org.springframework.context.event.ApplicationListenerMethodAdapter.processEvent(ApplicationListenerMethodAdapter.java:237)
	at org.springframework.context.event.ApplicationListenerMethodAdapter.onApplicationEvent(ApplicationListenerMethodAdapter.java:168)
	at org.springframework.context.event.SimpleApplicationEventMulticaster.doInvokeListener(SimpleApplicationEventMulticaster.java:185)
	at org.springframework.context.event.SimpleApplicationEventMulticaster.invokeListener(SimpleApplicationEventMulticaster.java:178)
	at org.springframework.context.event.SimpleApplicationEventMulticaster.multicastEvent(SimpleApplicationEventMulticaster.java:156)
	at org.springframework.context.support.AbstractApplicationContext.publishEvent(AbstractApplicationContext.java:452)
	at org.springframework.context.support.AbstractApplicationContext.publishEvent(AbstractApplicationContext.java:385)
	at org.springframework.boot.context.event.EventPublishingRunListener.ready(EventPublishingRunListener.java:109)
	at org.springframework.boot.SpringApplicationRunListeners.lambda$ready$6(SpringApplicationRunListeners.java:80)
	at java.base/java.lang.Iterable.forEach(Iterable.java:75)
	at org.springframework.boot.SpringApplicationRunListeners.doWithListeners(SpringApplicationRunListeners.java:118)
	at org.springframework.boot.SpringApplicationRunListeners.doWithListeners(SpringApplicationRunListeners.java:112)
	at org.springframework.boot.SpringApplicationRunListeners.ready(SpringApplicationRunListeners.java:80)
	at org.springframework.boot.SpringApplication.run(SpringApplication.java:349)
	at org.springframework.boot.SpringApplication.run(SpringApplication.java:1363)
	at org.springframework.boot.SpringApplication.run(SpringApplication.java:1352)
	at com.example.physiokalendar.PhysiokalendarApplication.main(PhysiokalendarApplication.java:12)
	at java.base/jdk.internal.reflect.NativeMethodAccessorImpl.invoke0(Native Method)
	at java.base/jdk.internal.reflect.NativeMethodAccessorImpl.invoke(NativeMethodAccessorImpl.java:77)
	at java.base/jdk.internal.reflect.DelegatingMethodAccessorImpl.invoke(DelegatingMethodAccessorImpl.java:43)
	at java.base/java.lang.reflect.Method.invoke(Method.java:568)
	at org.springframework.boot.devtools.restart.RestartLauncher.run(RestartLauncher.java:50)
2026-02-18 02:58:11.639 [restartedMain] ERROR c.e.p.s.AppointmentSeriesGeneratorJob - Error generating appointments for series 4466: failed to lazily initialize a collection of role: com.example.physiokalendar.entity.AppointmentSeries.cancellations: could not initialize proxy - no Session
org.hibernate.LazyInitializationException: failed to lazily initialize a collection of role: com.example.physiokalendar.entity.AppointmentSeries.cancellations: could not initialize proxy - no Session
	at org.hibernate.collection.spi.AbstractPersistentCollection.throwLazyInitializationException(AbstractPersistentCollection.java:636)
	at org.hibernate.collection.spi.AbstractPersistentCollection.withTemporarySessionIfNeeded(AbstractPersistentCollection.java:219)
	at org.hibernate.collection.spi.AbstractPersistentCollection.initialize(AbstractPersistentCollection.java:615)
	at org.hibernate.collection.spi.AbstractPersistentCollection.read(AbstractPersistentCollection.java:138)
	at org.hibernate.collection.spi.PersistentBag.iterator(PersistentBag.java:369)
	at java.base/java.util.Spliterators$IteratorSpliterator.estimateSize(Spliterators.java:1865)
	at java.base/java.util.Spliterator.getExactSizeIfKnown(Spliterator.java:414)
	at java.base/java.util.stream.AbstractPipeline.copyInto(AbstractPipeline.java:508)
	at java.base/java.util.stream.AbstractPipeline.wrapAndCopyInto(AbstractPipeline.java:499)
	at java.base/java.util.stream.ReduceOps$ReduceOp.evaluateSequential(ReduceOps.java:921)
	at java.base/java.util.stream.AbstractPipeline.evaluate(AbstractPipeline.java:234)
	at java.base/java.util.stream.ReferencePipeline.collect(ReferencePipeline.java:682)
	at com.example.physiokalendar.service.AppointmentSeriesGeneratorJob.generateAppointmentsForSeries(AppointmentSeriesGeneratorJob.java:151)
	at com.example.physiokalendar.service.AppointmentSeriesGeneratorJob.generateMissingAppointments(AppointmentSeriesGeneratorJob.java:107)
	at com.example.physiokalendar.service.AppointmentSeriesGeneratorJob.onApplicationReady(AppointmentSeriesGeneratorJob.java:57)
	at java.base/jdk.internal.reflect.NativeMethodAccessorImpl.invoke0(Native Method)
	at java.base/jdk.internal.reflect.NativeMethodAccessorImpl.invoke(NativeMethodAccessorImpl.java:77)
	at java.base/jdk.internal.reflect.DelegatingMethodAccessorImpl.invoke(DelegatingMethodAccessorImpl.java:43)
	at java.base/java.lang.reflect.Method.invoke(Method.java:568)
	at org.springframework.context.event.ApplicationListenerMethodAdapter.doInvoke(ApplicationListenerMethodAdapter.java:365)
	at org.springframework.context.event.ApplicationListenerMethodAdapter.processEvent(ApplicationListenerMethodAdapter.java:237)
	at org.springframework.context.event.ApplicationListenerMethodAdapter.onApplicationEvent(ApplicationListenerMethodAdapter.java:168)
	at org.springframework.context.event.SimpleApplicationEventMulticaster.doInvokeListener(SimpleApplicationEventMulticaster.java:185)
	at org.springframework.context.event.SimpleApplicationEventMulticaster.invokeListener(SimpleApplicationEventMulticaster.java:178)
	at org.springframework.context.event.SimpleApplicationEventMulticaster.multicastEvent(SimpleApplicationEventMulticaster.java:156)
	at org.springframework.context.support.AbstractApplicationContext.publishEvent(AbstractApplicationContext.java:452)
	at org.springframework.context.support.AbstractApplicationContext.publishEvent(AbstractApplicationContext.java:385)
	at org.springframework.boot.context.event.EventPublishingRunListener.ready(EventPublishingRunListener.java:109)
	at org.springframework.boot.SpringApplicationRunListeners.lambda$ready$6(SpringApplicationRunListeners.java:80)
	at java.base/java.lang.Iterable.forEach(Iterable.java:75)
	at org.springframework.boot.SpringApplicationRunListeners.doWithListeners(SpringApplicationRunListeners.java:118)
	at org.springframework.boot.SpringApplicationRunListeners.doWithListeners(SpringApplicationRunListeners.java:112)
	at org.springframework.boot.SpringApplicationRunListeners.ready(SpringApplicationRunListeners.java:80)
	at org.springframework.boot.SpringApplication.run(SpringApplication.java:349)
	at org.springframework.boot.SpringApplication.run(SpringApplication.java:1363)
	at org.springframework.boot.SpringApplication.run(SpringApplication.java:1352)
	at com.example.physiokalendar.PhysiokalendarApplication.main(PhysiokalendarApplication.java:12)
	at java.base/jdk.internal.reflect.NativeMethodAccessorImpl.invoke0(Native Method)
	at java.base/jdk.internal.reflect.NativeMethodAccessorImpl.invoke(NativeMethodAccessorImpl.java:77)
	at java.base/jdk.internal.reflect.DelegatingMethodAccessorImpl.invoke(DelegatingMethodAccessorImpl.java:43)
	at java.base/java.lang.reflect.Method.invoke(Method.java:568)
	at org.springframework.boot.devtools.restart.RestartLauncher.run(RestartLauncher.java:50)
2026-02-18 02:58:11.643 [restartedMain] ERROR c.e.p.s.AppointmentSeriesGeneratorJob - Error generating appointments for series 4467: failed to lazily initialize a collection of role: com.example.physiokalendar.entity.AppointmentSeries.cancellations: could not initialize proxy - no Session
org.hibernate.LazyInitializationException: failed to lazily initialize a collection of role: com.example.physiokalendar.entity.AppointmentSeries.cancellations: could not initialize proxy - no Session
	at org.hibernate.collection.spi.AbstractPersistentCollection.throwLazyInitializationException(AbstractPersistentCollection.java:636)
	at org.hibernate.collection.spi.AbstractPersistentCollection.withTemporarySessionIfNeeded(AbstractPersistentCollection.java:219)
	at org.hibernate.collection.spi.AbstractPersistentCollection.initialize(AbstractPersistentCollection.java:615)
	at org.hibernate.collection.spi.AbstractPersistentCollection.read(AbstractPersistentCollection.java:138)
	at org.hibernate.collection.spi.PersistentBag.iterator(PersistentBag.java:369)
	at java.base/java.util.Spliterators$IteratorSpliterator.estimateSize(Spliterators.java:1865)
	at java.base/java.util.Spliterator.getExactSizeIfKnown(Spliterator.java:414)
	at java.base/java.util.stream.AbstractPipeline.copyInto(AbstractPipeline.java:508)
	at java.base/java.util.stream.AbstractPipeline.wrapAndCopyInto(AbstractPipeline.java:499)
	at java.base/java.util.stream.ReduceOps$ReduceOp.evaluateSequential(ReduceOps.java:921)
	at java.base/java.util.stream.AbstractPipeline.evaluate(AbstractPipeline.java:234)
	at java.base/java.util.stream.ReferencePipeline.collect(ReferencePipeline.java:682)
	at com.example.physiokalendar.service.AppointmentSeriesGeneratorJob.generateAppointmentsForSeries(AppointmentSeriesGeneratorJob.java:151)
	at com.example.physiokalendar.service.AppointmentSeriesGeneratorJob.generateMissingAppointments(AppointmentSeriesGeneratorJob.java:107)
	at com.example.physiokalendar.service.AppointmentSeriesGeneratorJob.onApplicationReady(AppointmentSeriesGeneratorJob.java:57)
	at java.base/jdk.internal.reflect.NativeMethodAccessorImpl.invoke0(Native Method)
	at java.base/jdk.internal.reflect.NativeMethodAccessorImpl.invoke(NativeMethodAccessorImpl.java:77)
	at java.base/jdk.internal.reflect.DelegatingMethodAccessorImpl.invoke(DelegatingMethodAccessorImpl.java:43)
	at java.base/java.lang.reflect.Method.invoke(Method.java:568)
	at org.springframework.context.event.ApplicationListenerMethodAdapter.doInvoke(ApplicationListenerMethodAdapter.java:365)
	at org.springframework.context.event.ApplicationListenerMethodAdapter.processEvent(ApplicationListenerMethodAdapter.java:237)
	at org.springframework.context.event.ApplicationListenerMethodAdapter.onApplicationEvent(ApplicationListenerMethodAdapter.java:168)
	at org.springframework.context.event.SimpleApplicationEventMulticaster.doInvokeListener(SimpleApplicationEventMulticaster.java:185)
	at org.springframework.context.event.SimpleApplicationEventMulticaster.invokeListener(SimpleApplicationEventMulticaster.java:178)
	at org.springframework.context.event.SimpleApplicationEventMulticaster.multicastEvent(SimpleApplicationEventMulticaster.java:156)
	at org.springframework.context.support.AbstractApplicationContext.publishEvent(AbstractApplicationContext.java:452)
	at org.springframework.context.support.AbstractApplicationContext.publishEvent(AbstractApplicationContext.java:385)
	at org.springframework.boot.context.event.EventPublishingRunListener.ready(EventPublishingRunListener.java:109)
	at org.springframework.boot.SpringApplicationRunListeners.lambda$ready$6(SpringApplicationRunListeners.java:80)
	at java.base/java.lang.Iterable.forEach(Iterable.java:75)
	at org.springframework.boot.SpringApplicationRunListeners.doWithListeners(SpringApplicationRunListeners.java:118)
	at org.springframework.boot.SpringApplicationRunListeners.doWithListeners(SpringApplicationRunListeners.java:112)
	at org.springframework.boot.SpringApplicationRunListeners.ready(SpringApplicationRunListeners.java:80)
	at org.springframework.boot.SpringApplication.run(SpringApplication.java:349)
	at org.springframework.boot.SpringApplication.run(SpringApplication.java:1363)
	at org.springframework.boot.SpringApplication.run(SpringApplication.java:1352)
	at com.example.physiokalendar.PhysiokalendarApplication.main(PhysiokalendarApplication.java:12)
	at java.base/jdk.internal.reflect.NativeMethodAccessorImpl.invoke0(Native Method)
	at java.base/jdk.internal.reflect.NativeMethodAccessorImpl.invoke(NativeMethodAccessorImpl.java:77)
	at java.base/jdk.internal.reflect.DelegatingMethodAccessorImpl.invoke(DelegatingMethodAccessorImpl.java:43)
	at java.base/java.lang.reflect.Method.invoke(Method.java:568)
	at org.springframework.boot.devtools.restart.RestartLauncher.run(RestartLauncher.java:50)
2026-02-18 02:58:11.646 [restartedMain] ERROR c.e.p.s.AppointmentSeriesGeneratorJob - Error generating appointments for series 4468: failed to lazily initialize a collection of role: com.example.physiokalendar.entity.AppointmentSeries.cancellations: could not initialize proxy - no Session
org.hibernate.LazyInitializationException: failed to lazily initialize a collection of role: com.example.physiokalendar.entity.AppointmentSeries.cancellations: could not initialize proxy - no Session
	at org.hibernate.collection.spi.AbstractPersistentCollection.throwLazyInitializationException(AbstractPersistentCollection.java:636)
	at org.hibernate.collection.spi.AbstractPersistentCollection.withTemporarySessionIfNeeded(AbstractPersistentCollection.java:219)
	at org.hibernate.collection.spi.AbstractPersistentCollection.initialize(AbstractPersistentCollection.java:615)
	at org.hibernate.collection.spi.AbstractPersistentCollection.read(AbstractPersistentCollection.java:138)
	at org.hibernate.collection.spi.PersistentBag.iterator(PersistentBag.java:369)
	at java.base/java.util.Spliterators$IteratorSpliterator.estimateSize(Spliterators.java:1865)
	at java.base/java.util.Spliterator.getExactSizeIfKnown(Spliterator.java:414)
	at java.base/java.util.stream.AbstractPipeline.copyInto(AbstractPipeline.java:508)
	at java.base/java.util.stream.AbstractPipeline.wrapAndCopyInto(AbstractPipeline.java:499)
	at java.base/java.util.stream.ReduceOps$ReduceOp.evaluateSequential(ReduceOps.java:921)
	at java.base/java.util.stream.AbstractPipeline.evaluate(AbstractPipeline.java:234)
	at java.base/java.util.stream.ReferencePipeline.collect(ReferencePipeline.java:682)
	at com.example.physiokalendar.service.AppointmentSeriesGeneratorJob.generateAppointmentsForSeries(AppointmentSeriesGeneratorJob.java:151)
	at com.example.physiokalendar.service.AppointmentSeriesGeneratorJob.generateMissingAppointments(AppointmentSeriesGeneratorJob.java:107)
	at com.example.physiokalendar.service.AppointmentSeriesGeneratorJob.onApplicationReady(AppointmentSeriesGeneratorJob.java:57)
	at java.base/jdk.internal.reflect.NativeMethodAccessorImpl.invoke0(Native Method)
	at java.base/jdk.internal.reflect.NativeMethodAccessorImpl.invoke(NativeMethodAccessorImpl.java:77)
	at java.base/jdk.internal.reflect.DelegatingMethodAccessorImpl.invoke(DelegatingMethodAccessorImpl.java:43)
	at java.base/java.lang.reflect.Method.invoke(Method.java:568)
	at org.springframework.context.event.ApplicationListenerMethodAdapter.doInvoke(ApplicationListenerMethodAdapter.java:365)
	at org.springframework.context.event.ApplicationListenerMethodAdapter.processEvent(ApplicationListenerMethodAdapter.java:237)
	at org.springframework.context.event.ApplicationListenerMethodAdapter.onApplicationEvent(ApplicationListenerMethodAdapter.java:168)
	at org.springframework.context.event.SimpleApplicationEventMulticaster.doInvokeListener(SimpleApplicationEventMulticaster.java:185)
	at org.springframework.context.event.SimpleApplicationEventMulticaster.invokeListener(SimpleApplicationEventMulticaster.java:178)
	at org.springframework.context.event.SimpleApplicationEventMulticaster.multicastEvent(SimpleApplicationEventMulticaster.java:156)
	at org.springframework.context.support.AbstractApplicationContext.publishEvent(AbstractApplicationContext.java:452)
	at org.springframework.context.support.AbstractApplicationContext.publishEvent(AbstractApplicationContext.java:385)
	at org.springframework.boot.context.event.EventPublishingRunListener.ready(EventPublishingRunListener.java:109)
	at org.springframework.boot.SpringApplicationRunListeners.lambda$ready$6(SpringApplicationRunListeners.java:80)
	at java.base/java.lang.Iterable.forEach(Iterable.java:75)
	at org.springframework.boot.SpringApplicationRunListeners.doWithListeners(SpringApplicationRunListeners.java:118)
	at org.springframework.boot.SpringApplicationRunListeners.doWithListeners(SpringApplicationRunListeners.java:112)
	at org.springframework.boot.SpringApplicationRunListeners.ready(SpringApplicationRunListeners.java:80)
	at org.springframework.boot.SpringApplication.run(SpringApplication.java:349)
	at org.springframework.boot.SpringApplication.run(SpringApplication.java:1363)
	at org.springframework.boot.SpringApplication.run(SpringApplication.java:1352)
	at com.example.physiokalendar.PhysiokalendarApplication.main(PhysiokalendarApplication.java:12)
	at java.base/jdk.internal.reflect.NativeMethodAccessorImpl.invoke0(Native Method)
	at java.base/jdk.internal.reflect.NativeMethodAccessorImpl.invoke(NativeMethodAccessorImpl.java:77)
	at java.base/jdk.internal.reflect.DelegatingMethodAccessorImpl.invoke(DelegatingMethodAccessorImpl.java:43)
	at java.base/java.lang.reflect.Method.invoke(Method.java:568)
	at org.springframework.boot.devtools.restart.RestartLauncher.run(RestartLauncher.java:50)
2026-02-18 02:58:11.650 [restartedMain] ERROR c.e.p.s.AppointmentSeriesGeneratorJob - Error generating appointments for series 4469: failed to lazily initialize a collection of role: com.example.physiokalendar.entity.AppointmentSeries.cancellations: could not initialize proxy - no Session
org.hibernate.LazyInitializationException: failed to lazily initialize a collection of role: com.example.physiokalendar.entity.AppointmentSeries.cancellations: could not initialize proxy - no Session
	at org.hibernate.collection.spi.AbstractPersistentCollection.throwLazyInitializationException(AbstractPersistentCollection.java:636)
	at org.hibernate.collection.spi.AbstractPersistentCollection.withTemporarySessionIfNeeded(AbstractPersistentCollection.java:219)
	at org.hibernate.collection.spi.AbstractPersistentCollection.initialize(AbstractPersistentCollection.java:615)
	at org.hibernate.collection.spi.AbstractPersistentCollection.read(AbstractPersistentCollection.java:138)
	at org.hibernate.collection.spi.PersistentBag.iterator(PersistentBag.java:369)
	at java.base/java.util.Spliterators$IteratorSpliterator.estimateSize(Spliterators.java:1865)
	at java.base/java.util.Spliterator.getExactSizeIfKnown(Spliterator.java:414)
	at java.base/java.util.stream.AbstractPipeline.copyInto(AbstractPipeline.java:508)
	at java.base/java.util.stream.AbstractPipeline.wrapAndCopyInto(AbstractPipeline.java:499)
	at java.base/java.util.stream.ReduceOps$ReduceOp.evaluateSequential(ReduceOps.java:921)
	at java.base/java.util.stream.AbstractPipeline.evaluate(AbstractPipeline.java:234)
	at java.base/java.util.stream.ReferencePipeline.collect(ReferencePipeline.java:682)
	at com.example.physiokalendar.service.AppointmentSeriesGeneratorJob.generateAppointmentsForSeries(AppointmentSeriesGeneratorJob.java:151)
	at com.example.physiokalendar.service.AppointmentSeriesGeneratorJob.generateMissingAppointments(AppointmentSeriesGeneratorJob.java:107)
	at com.example.physiokalendar.service.AppointmentSeriesGeneratorJob.onApplicationReady(AppointmentSeriesGeneratorJob.java:57)
	at java.base/jdk.internal.reflect.NativeMethodAccessorImpl.invoke0(Native Method)
	at java.base/jdk.internal.reflect.NativeMethodAccessorImpl.invoke(NativeMethodAccessorImpl.java:77)
	at java.base/jdk.internal.reflect.DelegatingMethodAccessorImpl.invoke(DelegatingMethodAccessorImpl.java:43)
	at java.base/java.lang.reflect.Method.invoke(Method.java:568)
	at org.springframework.context.event.ApplicationListenerMethodAdapter.doInvoke(ApplicationListenerMethodAdapter.java:365)
	at org.springframework.context.event.ApplicationListenerMethodAdapter.processEvent(ApplicationListenerMethodAdapter.java:237)
	at org.springframework.context.event.ApplicationListenerMethodAdapter.onApplicationEvent(ApplicationListenerMethodAdapter.java:168)
	at org.springframework.context.event.SimpleApplicationEventMulticaster.doInvokeListener(SimpleApplicationEventMulticaster.java:185)
	at org.springframework.context.event.SimpleApplicationEventMulticaster.invokeListener(SimpleApplicationEventMulticaster.java:178)
	at org.springframework.context.event.SimpleApplicationEventMulticaster.multicastEvent(SimpleApplicationEventMulticaster.java:156)
	at org.springframework.context.support.AbstractApplicationContext.publishEvent(AbstractApplicationContext.java:452)
	at org.springframework.context.support.AbstractApplicationContext.publishEvent(AbstractApplicationContext.java:385)
	at org.springframework.boot.context.event.EventPublishingRunListener.ready(EventPublishingRunListener.java:109)
	at org.springframework.boot.SpringApplicationRunListeners.lambda$ready$6(SpringApplicationRunListeners.java:80)
	at java.base/java.lang.Iterable.forEach(Iterable.java:75)
	at org.springframework.boot.SpringApplicationRunListeners.doWithListeners(SpringApplicationRunListeners.java:118)
	at org.springframework.boot.SpringApplicationRunListeners.doWithListeners(SpringApplicationRunListeners.java:112)
	at org.springframework.boot.SpringApplicationRunListeners.ready(SpringApplicationRunListeners.java:80)
	at org.springframework.boot.SpringApplication.run(SpringApplication.java:349)
	at org.springframework.boot.SpringApplication.run(SpringApplication.java:1363)
	at org.springframework.boot.SpringApplication.run(SpringApplication.java:1352)
	at com.example.physiokalendar.PhysiokalendarApplication.main(PhysiokalendarApplication.java:12)
	at java.base/jdk.internal.reflect.NativeMethodAccessorImpl.invoke0(Native Method)
	at java.base/jdk.internal.reflect.NativeMethodAccessorImpl.invoke(NativeMethodAccessorImpl.java:77)
	at java.base/jdk.internal.reflect.DelegatingMethodAccessorImpl.invoke(DelegatingMethodAccessorImpl.java:43)
	at java.base/java.lang.reflect.Method.invoke(Method.java:568)
	at org.springframework.boot.devtools.restart.RestartLauncher.run(RestartLauncher.java:50)
2026-02-18 02:58:11.654 [restartedMain] ERROR c.e.p.s.AppointmentSeriesGeneratorJob - Error generating appointments for series 4470: failed to lazily initialize a collection of role: com.example.physiokalendar.entity.AppointmentSeries.cancellations: could not initialize proxy - no Session
org.hibernate.LazyInitializationException: failed to lazily initialize a collection of role: com.example.physiokalendar.entity.AppointmentSeries.cancellations: could not initialize proxy - no Session
	at org.hibernate.collection.spi.AbstractPersistentCollection.throwLazyInitializationException(AbstractPersistentCollection.java:636)
	at org.hibernate.collection.spi.AbstractPersistentCollection.withTemporarySessionIfNeeded(AbstractPersistentCollection.java:219)
	at org.hibernate.collection.spi.AbstractPersistentCollection.initialize(AbstractPersistentCollection.java:615)
	at org.hibernate.collection.spi.AbstractPersistentCollection.read(AbstractPersistentCollection.java:138)
	at org.hibernate.collection.spi.PersistentBag.iterator(PersistentBag.java:369)
	at java.base/java.util.Spliterators$IteratorSpliterator.estimateSize(Spliterators.java:1865)
	at java.base/java.util.Spliterator.getExactSizeIfKnown(Spliterator.java:414)
	at java.base/java.util.stream.AbstractPipeline.copyInto(AbstractPipeline.java:508)
	at java.base/java.util.stream.AbstractPipeline.wrapAndCopyInto(AbstractPipeline.java:499)
	at java.base/java.util.stream.ReduceOps$ReduceOp.evaluateSequential(ReduceOps.java:921)
	at java.base/java.util.stream.AbstractPipeline.evaluate(AbstractPipeline.java:234)
	at java.base/java.util.stream.ReferencePipeline.collect(ReferencePipeline.java:682)
	at com.example.physiokalendar.service.AppointmentSeriesGeneratorJob.generateAppointmentsForSeries(AppointmentSeriesGeneratorJob.java:151)
	at com.example.physiokalendar.service.AppointmentSeriesGeneratorJob.generateMissingAppointments(AppointmentSeriesGeneratorJob.java:107)
	at com.example.physiokalendar.service.AppointmentSeriesGeneratorJob.onApplicationReady(AppointmentSeriesGeneratorJob.java:57)
	at java.base/jdk.internal.reflect.NativeMethodAccessorImpl.invoke0(Native Method)
	at java.base/jdk.internal.reflect.NativeMethodAccessorImpl.invoke(NativeMethodAccessorImpl.java:77)
	at java.base/jdk.internal.reflect.DelegatingMethodAccessorImpl.invoke(DelegatingMethodAccessorImpl.java:43)
	at java.base/java.lang.reflect.Method.invoke(Method.java:568)
	at org.springframework.context.event.ApplicationListenerMethodAdapter.doInvoke(ApplicationListenerMethodAdapter.java:365)
	at org.springframework.context.event.ApplicationListenerMethodAdapter.processEvent(ApplicationListenerMethodAdapter.java:237)
	at org.springframework.context.event.ApplicationListenerMethodAdapter.onApplicationEvent(ApplicationListenerMethodAdapter.java:168)
	at org.springframework.context.event.SimpleApplicationEventMulticaster.doInvokeListener(SimpleApplicationEventMulticaster.java:185)
	at org.springframework.context.event.SimpleApplicationEventMulticaster.invokeListener(SimpleApplicationEventMulticaster.java:178)
	at org.springframework.context.event.SimpleApplicationEventMulticaster.multicastEvent(SimpleApplicationEventMulticaster.java:156)
	at org.springframework.context.support.AbstractApplicationContext.publishEvent(AbstractApplicationContext.java:452)
	at org.springframework.context.support.AbstractApplicationContext.publishEvent(AbstractApplicationContext.java:385)
	at org.springframework.boot.context.event.EventPublishingRunListener.ready(EventPublishingRunListener.java:109)
	at org.springframework.boot.SpringApplicationRunListeners.lambda$ready$6(SpringApplicationRunListeners.java:80)
	at java.base/java.lang.Iterable.forEach(Iterable.java:75)
	at org.springframework.boot.SpringApplicationRunListeners.doWithListeners(SpringApplicationRunListeners.java:118)
	at org.springframework.boot.SpringApplicationRunListeners.doWithListeners(SpringApplicationRunListeners.java:112)
	at org.springframework.boot.SpringApplicationRunListeners.ready(SpringApplicationRunListeners.java:80)
	at org.springframework.boot.SpringApplication.run(SpringApplication.java:349)
	at org.springframework.boot.SpringApplication.run(SpringApplication.java:1363)
	at org.springframework.boot.SpringApplication.run(SpringApplication.java:1352)
	at com.example.physiokalendar.PhysiokalendarApplication.main(PhysiokalendarApplication.java:12)
	at java.base/jdk.internal.reflect.NativeMethodAccessorImpl.invoke0(Native Method)
	at java.base/jdk.internal.reflect.NativeMethodAccessorImpl.invoke(NativeMethodAccessorImpl.java:77)
	at java.base/jdk.internal.reflect.DelegatingMethodAccessorImpl.invoke(DelegatingMethodAccessorImpl.java:43)
	at java.base/java.lang.reflect.Method.invoke(Method.java:568)
	at org.springframework.boot.devtools.restart.RestartLauncher.run(RestartLauncher.java:50)
2026-02-18 02:58:11.658 [restartedMain] ERROR c.e.p.s.AppointmentSeriesGeneratorJob - Error generating appointments for series 4471: failed to lazily initialize a collection of role: com.example.physiokalendar.entity.AppointmentSeries.cancellations: could not initialize proxy - no Session
org.hibernate.LazyInitializationException: failed to lazily initialize a collection of role: com.example.physiokalendar.entity.AppointmentSeries.cancellations: could not initialize proxy - no Session
	at org.hibernate.collection.spi.AbstractPersistentCollection.throwLazyInitializationException(AbstractPersistentCollection.java:636)
	at org.hibernate.collection.spi.AbstractPersistentCollection.withTemporarySessionIfNeeded(AbstractPersistentCollection.java:219)
	at org.hibernate.collection.spi.AbstractPersistentCollection.initialize(AbstractPersistentCollection.java:615)
	at org.hibernate.collection.spi.AbstractPersistentCollection.read(AbstractPersistentCollection.java:138)
	at org.hibernate.collection.spi.PersistentBag.iterator(PersistentBag.java:369)
	at java.base/java.util.Spliterators$IteratorSpliterator.estimateSize(Spliterators.java:1865)
	at java.base/java.util.Spliterator.getExactSizeIfKnown(Spliterator.java:414)
	at java.base/java.util.stream.AbstractPipeline.copyInto(AbstractPipeline.java:508)
	at java.base/java.util.stream.AbstractPipeline.wrapAndCopyInto(AbstractPipeline.java:499)
	at java.base/java.util.stream.ReduceOps$ReduceOp.evaluateSequential(ReduceOps.java:921)
	at java.base/java.util.stream.AbstractPipeline.evaluate(AbstractPipeline.java:234)
	at java.base/java.util.stream.ReferencePipeline.collect(ReferencePipeline.java:682)
	at com.example.physiokalendar.service.AppointmentSeriesGeneratorJob.generateAppointmentsForSeries(AppointmentSeriesGeneratorJob.java:151)
	at com.example.physiokalendar.service.AppointmentSeriesGeneratorJob.generateMissingAppointments(AppointmentSeriesGeneratorJob.java:107)
	at com.example.physiokalendar.service.AppointmentSeriesGeneratorJob.onApplicationReady(AppointmentSeriesGeneratorJob.java:57)
	at java.base/jdk.internal.reflect.NativeMethodAccessorImpl.invoke0(Native Method)
	at java.base/jdk.internal.reflect.NativeMethodAccessorImpl.invoke(NativeMethodAccessorImpl.java:77)
	at java.base/jdk.internal.reflect.DelegatingMethodAccessorImpl.invoke(DelegatingMethodAccessorImpl.java:43)
	at java.base/java.lang.reflect.Method.invoke(Method.java:568)
	at org.springframework.context.event.ApplicationListenerMethodAdapter.doInvoke(ApplicationListenerMethodAdapter.java:365)
	at org.springframework.context.event.ApplicationListenerMethodAdapter.processEvent(ApplicationListenerMethodAdapter.java:237)
	at org.springframework.context.event.ApplicationListenerMethodAdapter.onApplicationEvent(ApplicationListenerMethodAdapter.java:168)
	at org.springframework.context.event.SimpleApplicationEventMulticaster.doInvokeListener(SimpleApplicationEventMulticaster.java:185)
	at org.springframework.context.event.SimpleApplicationEventMulticaster.invokeListener(SimpleApplicationEventMulticaster.java:178)
	at org.springframework.context.event.SimpleApplicationEventMulticaster.multicastEvent(SimpleApplicationEventMulticaster.java:156)
	at org.springframework.context.support.AbstractApplicationContext.publishEvent(AbstractApplicationContext.java:452)
	at org.springframework.context.support.AbstractApplicationContext.publishEvent(AbstractApplicationContext.java:385)
	at org.springframework.boot.context.event.EventPublishingRunListener.ready(EventPublishingRunListener.java:109)
	at org.springframework.boot.SpringApplicationRunListeners.lambda$ready$6(SpringApplicationRunListeners.java:80)
	at java.base/java.lang.Iterable.forEach(Iterable.java:75)
	at org.springframework.boot.SpringApplicationRunListeners.doWithListeners(SpringApplicationRunListeners.java:118)
	at org.springframework.boot.SpringApplicationRunListeners.doWithListeners(SpringApplicationRunListeners.java:112)
	at org.springframework.boot.SpringApplicationRunListeners.ready(SpringApplicationRunListeners.java:80)
	at org.springframework.boot.SpringApplication.run(SpringApplication.java:349)
	at org.springframework.boot.SpringApplication.run(SpringApplication.java:1363)
	at org.springframework.boot.SpringApplication.run(SpringApplication.java:1352)
	at com.example.physiokalendar.PhysiokalendarApplication.main(PhysiokalendarApplication.java:12)
	at java.base/jdk.internal.reflect.NativeMethodAccessorImpl.invoke0(Native Method)
	at java.base/jdk.internal.reflect.NativeMethodAccessorImpl.invoke(NativeMethodAccessorImpl.java:77)
	at java.base/jdk.internal.reflect.DelegatingMethodAccessorImpl.invoke(DelegatingMethodAccessorImpl.java:43)
	at java.base/java.lang.reflect.Method.invoke(Method.java:568)
	at org.springframework.boot.devtools.restart.RestartLauncher.run(RestartLauncher.java:50)
2026-02-18 02:58:11.662 [restartedMain] ERROR c.e.p.s.AppointmentSeriesGeneratorJob - Error generating appointments for series 4472: failed to lazily initialize a collection of role: com.example.physiokalendar.entity.AppointmentSeries.cancellations: could not initialize proxy - no Session
org.hibernate.LazyInitializationException: failed to lazily initialize a collection of role: com.example.physiokalendar.entity.AppointmentSeries.cancellations: could not initialize proxy - no Session
	at org.hibernate.collection.spi.AbstractPersistentCollection.throwLazyInitializationException(AbstractPersistentCollection.java:636)
	at org.hibernate.collection.spi.AbstractPersistentCollection.withTemporarySessionIfNeeded(AbstractPersistentCollection.java:219)
	at org.hibernate.collection.spi.AbstractPersistentCollection.initialize(AbstractPersistentCollection.java:615)
	at org.hibernate.collection.spi.AbstractPersistentCollection.read(AbstractPersistentCollection.java:138)
	at org.hibernate.collection.spi.PersistentBag.iterator(PersistentBag.java:369)
	at java.base/java.util.Spliterators$IteratorSpliterator.estimateSize(Spliterators.java:1865)
	at java.base/java.util.Spliterator.getExactSizeIfKnown(Spliterator.java:414)
	at java.base/java.util.stream.AbstractPipeline.copyInto(AbstractPipeline.java:508)
	at java.base/java.util.stream.AbstractPipeline.wrapAndCopyInto(AbstractPipeline.java:499)
	at java.base/java.util.stream.ReduceOps$ReduceOp.evaluateSequential(ReduceOps.java:921)
	at java.base/java.util.stream.AbstractPipeline.evaluate(AbstractPipeline.java:234)
	at java.base/java.util.stream.ReferencePipeline.collect(ReferencePipeline.java:682)
	at com.example.physiokalendar.service.AppointmentSeriesGeneratorJob.generateAppointmentsForSeries(AppointmentSeriesGeneratorJob.java:151)
	at com.example.physiokalendar.service.AppointmentSeriesGeneratorJob.generateMissingAppointments(AppointmentSeriesGeneratorJob.java:107)
	at com.example.physiokalendar.service.AppointmentSeriesGeneratorJob.onApplicationReady(AppointmentSeriesGeneratorJob.java:57)
	at java.base/jdk.internal.reflect.NativeMethodAccessorImpl.invoke0(Native Method)
	at java.base/jdk.internal.reflect.NativeMethodAccessorImpl.invoke(NativeMethodAccessorImpl.java:77)
	at java.base/jdk.internal.reflect.DelegatingMethodAccessorImpl.invoke(DelegatingMethodAccessorImpl.java:43)
	at java.base/java.lang.reflect.Method.invoke(Method.java:568)
	at org.springframework.context.event.ApplicationListenerMethodAdapter.doInvoke(ApplicationListenerMethodAdapter.java:365)
	at org.springframework.context.event.ApplicationListenerMethodAdapter.processEvent(ApplicationListenerMethodAdapter.java:237)
	at org.springframework.context.event.ApplicationListenerMethodAdapter.onApplicationEvent(ApplicationListenerMethodAdapter.java:168)
	at org.springframework.context.event.SimpleApplicationEventMulticaster.doInvokeListener(SimpleApplicationEventMulticaster.java:185)
	at org.springframework.context.event.SimpleApplicationEventMulticaster.invokeListener(SimpleApplicationEventMulticaster.java:178)
	at org.springframework.context.event.SimpleApplicationEventMulticaster.multicastEvent(SimpleApplicationEventMulticaster.java:156)
	at org.springframework.context.support.AbstractApplicationContext.publishEvent(AbstractApplicationContext.java:452)
	at org.springframework.context.support.AbstractApplicationContext.publishEvent(AbstractApplicationContext.java:385)
	at org.springframework.boot.context.event.EventPublishingRunListener.ready(EventPublishingRunListener.java:109)
	at org.springframework.boot.SpringApplicationRunListeners.lambda$ready$6(SpringApplicationRunListeners.java:80)
	at java.base/java.lang.Iterable.forEach(Iterable.java:75)
	at org.springframework.boot.SpringApplicationRunListeners.doWithListeners(SpringApplicationRunListeners.java:118)
	at org.springframework.boot.SpringApplicationRunListeners.doWithListeners(SpringApplicationRunListeners.java:112)
	at org.springframework.boot.SpringApplicationRunListeners.ready(SpringApplicationRunListeners.java:80)
	at org.springframework.boot.SpringApplication.run(SpringApplication.java:349)
	at org.springframework.boot.SpringApplication.run(SpringApplication.java:1363)
	at org.springframework.boot.SpringApplication.run(SpringApplication.java:1352)
	at com.example.physiokalendar.PhysiokalendarApplication.main(PhysiokalendarApplication.java:12)
	at java.base/jdk.internal.reflect.NativeMethodAccessorImpl.invoke0(Native Method)
	at java.base/jdk.internal.reflect.NativeMethodAccessorImpl.invoke(NativeMethodAccessorImpl.java:77)
	at java.base/jdk.internal.reflect.DelegatingMethodAccessorImpl.invoke(DelegatingMethodAccessorImpl.java:43)
	at java.base/java.lang.reflect.Method.invoke(Method.java:568)
	at org.springframework.boot.devtools.restart.RestartLauncher.run(RestartLauncher.java:50)
2026-02-18 02:58:11.665 [restartedMain] ERROR c.e.p.s.AppointmentSeriesGeneratorJob - Error generating appointments for series 4473: failed to lazily initialize a collection of role: com.example.physiokalendar.entity.AppointmentSeries.cancellations: could not initialize proxy - no Session
org.hibernate.LazyInitializationException: failed to lazily initialize a collection of role: com.example.physiokalendar.entity.AppointmentSeries.cancellations: could not initialize proxy - no Session
	at org.hibernate.collection.spi.AbstractPersistentCollection.throwLazyInitializationException(AbstractPersistentCollection.java:636)
	at org.hibernate.collection.spi.AbstractPersistentCollection.withTemporarySessionIfNeeded(AbstractPersistentCollection.java:219)
	at org.hibernate.collection.spi.AbstractPersistentCollection.initialize(AbstractPersistentCollection.java:615)
	at org.hibernate.collection.spi.AbstractPersistentCollection.read(AbstractPersistentCollection.java:138)
	at org.hibernate.collection.spi.PersistentBag.iterator(PersistentBag.java:369)
	at java.base/java.util.Spliterators$IteratorSpliterator.estimateSize(Spliterators.java:1865)
	at java.base/java.util.Spliterator.getExactSizeIfKnown(Spliterator.java:414)
	at java.base/java.util.stream.AbstractPipeline.copyInto(AbstractPipeline.java:508)
	at java.base/java.util.stream.AbstractPipeline.wrapAndCopyInto(AbstractPipeline.java:499)
	at java.base/java.util.stream.ReduceOps$ReduceOp.evaluateSequential(ReduceOps.java:921)
	at java.base/java.util.stream.AbstractPipeline.evaluate(AbstractPipeline.java:234)
	at java.base/java.util.stream.ReferencePipeline.collect(ReferencePipeline.java:682)
	at com.example.physiokalendar.service.AppointmentSeriesGeneratorJob.generateAppointmentsForSeries(AppointmentSeriesGeneratorJob.java:151)
	at com.example.physiokalendar.service.AppointmentSeriesGeneratorJob.generateMissingAppointments(AppointmentSeriesGeneratorJob.java:107)
	at com.example.physiokalendar.service.AppointmentSeriesGeneratorJob.onApplicationReady(AppointmentSeriesGeneratorJob.java:57)
	at java.base/jdk.internal.reflect.NativeMethodAccessorImpl.invoke0(Native Method)
	at java.base/jdk.internal.reflect.NativeMethodAccessorImpl.invoke(NativeMethodAccessorImpl.java:77)
	at java.base/jdk.internal.reflect.DelegatingMethodAccessorImpl.invoke(DelegatingMethodAccessorImpl.java:43)
	at java.base/java.lang.reflect.Method.invoke(Method.java:568)
	at org.springframework.context.event.ApplicationListenerMethodAdapter.doInvoke(ApplicationListenerMethodAdapter.java:365)
	at org.springframework.context.event.ApplicationListenerMethodAdapter.processEvent(ApplicationListenerMethodAdapter.java:237)
	at org.springframework.context.event.ApplicationListenerMethodAdapter.onApplicationEvent(ApplicationListenerMethodAdapter.java:168)
	at org.springframework.context.event.SimpleApplicationEventMulticaster.doInvokeListener(SimpleApplicationEventMulticaster.java:185)
	at org.springframework.context.event.SimpleApplicationEventMulticaster.invokeListener(SimpleApplicationEventMulticaster.java:178)
	at org.springframework.context.event.SimpleApplicationEventMulticaster.multicastEvent(SimpleApplicationEventMulticaster.java:156)
	at org.springframework.context.support.AbstractApplicationContext.publishEvent(AbstractApplicationContext.java:452)
	at org.springframework.context.support.AbstractApplicationContext.publishEvent(AbstractApplicationContext.java:385)
	at org.springframework.boot.context.event.EventPublishingRunListener.ready(EventPublishingRunListener.java:109)
	at org.springframework.boot.SpringApplicationRunListeners.lambda$ready$6(SpringApplicationRunListeners.java:80)
	at java.base/java.lang.Iterable.forEach(Iterable.java:75)
	at org.springframework.boot.SpringApplicationRunListeners.doWithListeners(SpringApplicationRunListeners.java:118)
	at org.springframework.boot.SpringApplicationRunListeners.doWithListeners(SpringApplicationRunListeners.java:112)
	at org.springframework.boot.SpringApplicationRunListeners.ready(SpringApplicationRunListeners.java:80)
	at org.springframework.boot.SpringApplication.run(SpringApplication.java:349)
	at org.springframework.boot.SpringApplication.run(SpringApplication.java:1363)
	at org.springframework.boot.SpringApplication.run(SpringApplication.java:1352)
	at com.example.physiokalendar.PhysiokalendarApplication.main(PhysiokalendarApplication.java:12)
	at java.base/jdk.internal.reflect.NativeMethodAccessorImpl.invoke0(Native Method)
	at java.base/jdk.internal.reflect.NativeMethodAccessorImpl.invoke(NativeMethodAccessorImpl.java:77)
	at java.base/jdk.internal.reflect.DelegatingMethodAccessorImpl.invoke(DelegatingMethodAccessorImpl.java:43)
	at java.base/java.lang.reflect.Method.invoke(Method.java:568)
	at org.springframework.boot.devtools.restart.RestartLauncher.run(RestartLauncher.java:50)
2026-02-18 02:58:11.669 [restartedMain] ERROR c.e.p.s.AppointmentSeriesGeneratorJob - Error generating appointments for series 4474: failed to lazily initialize a collection of role: com.example.physiokalendar.entity.AppointmentSeries.cancellations: could not initialize proxy - no Session
org.hibernate.LazyInitializationException: failed to lazily initialize a collection of role: com.example.physiokalendar.entity.AppointmentSeries.cancellations: could not initialize proxy - no Session
	at org.hibernate.collection.spi.AbstractPersistentCollection.throwLazyInitializationException(AbstractPersistentCollection.java:636)
	at org.hibernate.collection.spi.AbstractPersistentCollection.withTemporarySessionIfNeeded(AbstractPersistentCollection.java:219)
	at org.hibernate.collection.spi.AbstractPersistentCollection.initialize(AbstractPersistentCollection.java:615)
	at org.hibernate.collection.spi.AbstractPersistentCollection.read(AbstractPersistentCollection.java:138)
	at org.hibernate.collection.spi.PersistentBag.iterator(PersistentBag.java:369)
	at java.base/java.util.Spliterators$IteratorSpliterator.estimateSize(Spliterators.java:1865)
	at java.base/java.util.Spliterator.getExactSizeIfKnown(Spliterator.java:414)
	at java.base/java.util.stream.AbstractPipeline.copyInto(AbstractPipeline.java:508)
	at java.base/java.util.stream.AbstractPipeline.wrapAndCopyInto(AbstractPipeline.java:499)
	at java.base/java.util.stream.ReduceOps$ReduceOp.evaluateSequential(ReduceOps.java:921)
	at java.base/java.util.stream.AbstractPipeline.evaluate(AbstractPipeline.java:234)
	at java.base/java.util.stream.ReferencePipeline.collect(ReferencePipeline.java:682)
	at com.example.physiokalendar.service.AppointmentSeriesGeneratorJob.generateAppointmentsForSeries(AppointmentSeriesGeneratorJob.java:151)
	at com.example.physiokalendar.service.AppointmentSeriesGeneratorJob.generateMissingAppointments(AppointmentSeriesGeneratorJob.java:107)
	at com.example.physiokalendar.service.AppointmentSeriesGeneratorJob.onApplicationReady(AppointmentSeriesGeneratorJob.java:57)
	at java.base/jdk.internal.reflect.NativeMethodAccessorImpl.invoke0(Native Method)
	at java.base/jdk.internal.reflect.NativeMethodAccessorImpl.invoke(NativeMethodAccessorImpl.java:77)
	at java.base/jdk.internal.reflect.DelegatingMethodAccessorImpl.invoke(DelegatingMethodAccessorImpl.java:43)
	at java.base/java.lang.reflect.Method.invoke(Method.java:568)
	at org.springframework.context.event.ApplicationListenerMethodAdapter.doInvoke(ApplicationListenerMethodAdapter.java:365)
	at org.springframework.context.event.ApplicationListenerMethodAdapter.processEvent(ApplicationListenerMethodAdapter.java:237)
	at org.springframework.context.event.ApplicationListenerMethodAdapter.onApplicationEvent(ApplicationListenerMethodAdapter.java:168)
	at org.springframework.context.event.SimpleApplicationEventMulticaster.doInvokeListener(SimpleApplicationEventMulticaster.java:185)
	at org.springframework.context.event.SimpleApplicationEventMulticaster.invokeListener(SimpleApplicationEventMulticaster.java:178)
	at org.springframework.context.event.SimpleApplicationEventMulticaster.multicastEvent(SimpleApplicationEventMulticaster.java:156)
	at org.springframework.context.support.AbstractApplicationContext.publishEvent(AbstractApplicationContext.java:452)
	at org.springframework.context.support.AbstractApplicationContext.publishEvent(AbstractApplicationContext.java:385)
	at org.springframework.boot.context.event.EventPublishingRunListener.ready(EventPublishingRunListener.java:109)
	at org.springframework.boot.SpringApplicationRunListeners.lambda$ready$6(SpringApplicationRunListeners.java:80)
	at java.base/java.lang.Iterable.forEach(Iterable.java:75)
	at org.springframework.boot.SpringApplicationRunListeners.doWithListeners(SpringApplicationRunListeners.java:118)
	at org.springframework.boot.SpringApplicationRunListeners.doWithListeners(SpringApplicationRunListeners.java:112)
	at org.springframework.boot.SpringApplicationRunListeners.ready(SpringApplicationRunListeners.java:80)
	at org.springframework.boot.SpringApplication.run(SpringApplication.java:349)
	at org.springframework.boot.SpringApplication.run(SpringApplication.java:1363)
	at org.springframework.boot.SpringApplication.run(SpringApplication.java:1352)
	at com.example.physiokalendar.PhysiokalendarApplication.main(PhysiokalendarApplication.java:12)
	at java.base/jdk.internal.reflect.NativeMethodAccessorImpl.invoke0(Native Method)
	at java.base/jdk.internal.reflect.NativeMethodAccessorImpl.invoke(NativeMethodAccessorImpl.java:77)
	at java.base/jdk.internal.reflect.DelegatingMethodAccessorImpl.invoke(DelegatingMethodAccessorImpl.java:43)
	at java.base/java.lang.reflect.Method.invoke(Method.java:568)
	at org.springframework.boot.devtools.restart.RestartLauncher.run(RestartLauncher.java:50)
2026-02-18 02:58:11.674 [restartedMain] ERROR c.e.p.s.AppointmentSeriesGeneratorJob - Error generating appointments for series 4475: failed to lazily initialize a collection of role: com.example.physiokalendar.entity.AppointmentSeries.cancellations: could not initialize proxy - no Session
org.hibernate.LazyInitializationException: failed to lazily initialize a collection of role: com.example.physiokalendar.entity.AppointmentSeries.cancellations: could not initialize proxy - no Session
	at org.hibernate.collection.spi.AbstractPersistentCollection.throwLazyInitializationException(AbstractPersistentCollection.java:636)
	at org.hibernate.collection.spi.AbstractPersistentCollection.withTemporarySessionIfNeeded(AbstractPersistentCollection.java:219)
	at org.hibernate.collection.spi.AbstractPersistentCollection.initialize(AbstractPersistentCollection.java:615)
	at org.hibernate.collection.spi.AbstractPersistentCollection.read(AbstractPersistentCollection.java:138)
	at org.hibernate.collection.spi.PersistentBag.iterator(PersistentBag.java:369)
	at java.base/java.util.Spliterators$IteratorSpliterator.estimateSize(Spliterators.java:1865)
	at java.base/java.util.Spliterator.getExactSizeIfKnown(Spliterator.java:414)
	at java.base/java.util.stream.AbstractPipeline.copyInto(AbstractPipeline.java:508)
	at java.base/java.util.stream.AbstractPipeline.wrapAndCopyInto(AbstractPipeline.java:499)
	at java.base/java.util.stream.ReduceOps$ReduceOp.evaluateSequential(ReduceOps.java:921)
	at java.base/java.util.stream.AbstractPipeline.evaluate(AbstractPipeline.java:234)
	at java.base/java.util.stream.ReferencePipeline.collect(ReferencePipeline.java:682)
	at com.example.physiokalendar.service.AppointmentSeriesGeneratorJob.generateAppointmentsForSeries(AppointmentSeriesGeneratorJob.java:151)
	at com.example.physiokalendar.service.AppointmentSeriesGeneratorJob.generateMissingAppointments(AppointmentSeriesGeneratorJob.java:107)
	at com.example.physiokalendar.service.AppointmentSeriesGeneratorJob.onApplicationReady(AppointmentSeriesGeneratorJob.java:57)
	at java.base/jdk.internal.reflect.NativeMethodAccessorImpl.invoke0(Native Method)
	at java.base/jdk.internal.reflect.NativeMethodAccessorImpl.invoke(NativeMethodAccessorImpl.java:77)
	at java.base/jdk.internal.reflect.DelegatingMethodAccessorImpl.invoke(DelegatingMethodAccessorImpl.java:43)
	at java.base/java.lang.reflect.Method.invoke(Method.java:568)
	at org.springframework.context.event.ApplicationListenerMethodAdapter.doInvoke(ApplicationListenerMethodAdapter.java:365)
	at org.springframework.context.event.ApplicationListenerMethodAdapter.processEvent(ApplicationListenerMethodAdapter.java:237)
	at org.springframework.context.event.ApplicationListenerMethodAdapter.onApplicationEvent(ApplicationListenerMethodAdapter.java:168)
	at org.springframework.context.event.SimpleApplicationEventMulticaster.doInvokeListener(SimpleApplicationEventMulticaster.java:185)
	at org.springframework.context.event.SimpleApplicationEventMulticaster.invokeListener(SimpleApplicationEventMulticaster.java:178)
	at org.springframework.context.event.SimpleApplicationEventMulticaster.multicastEvent(SimpleApplicationEventMulticaster.java:156)
	at org.springframework.context.support.AbstractApplicationContext.publishEvent(AbstractApplicationContext.java:452)
	at org.springframework.context.support.AbstractApplicationContext.publishEvent(AbstractApplicationContext.java:385)
	at org.springframework.boot.context.event.EventPublishingRunListener.ready(EventPublishingRunListener.java:109)
	at org.springframework.boot.SpringApplicationRunListeners.lambda$ready$6(SpringApplicationRunListeners.java:80)
	at java.base/java.lang.Iterable.forEach(Iterable.java:75)
	at org.springframework.boot.SpringApplicationRunListeners.doWithListeners(SpringApplicationRunListeners.java:118)
	at org.springframework.boot.SpringApplicationRunListeners.doWithListeners(SpringApplicationRunListeners.java:112)
	at org.springframework.boot.SpringApplicationRunListeners.ready(SpringApplicationRunListeners.java:80)
	at org.springframework.boot.SpringApplication.run(SpringApplication.java:349)
	at org.springframework.boot.SpringApplication.run(SpringApplication.java:1363)
	at org.springframework.boot.SpringApplication.run(SpringApplication.java:1352)
	at com.example.physiokalendar.PhysiokalendarApplication.main(PhysiokalendarApplication.java:12)
	at java.base/jdk.internal.reflect.NativeMethodAccessorImpl.invoke0(Native Method)
	at java.base/jdk.internal.reflect.NativeMethodAccessorImpl.invoke(NativeMethodAccessorImpl.java:77)
	at java.base/jdk.internal.reflect.DelegatingMethodAccessorImpl.invoke(DelegatingMethodAccessorImpl.java:43)
	at java.base/java.lang.reflect.Method.invoke(Method.java:568)
	at org.springframework.boot.devtools.restart.RestartLauncher.run(RestartLauncher.java:50)
2026-02-18 02:58:11.677 [restartedMain] ERROR c.e.p.s.AppointmentSeriesGeneratorJob - Error generating appointments for series 4476: failed to lazily initialize a collection of role: com.example.physiokalendar.entity.AppointmentSeries.cancellations: could not initialize proxy - no Session
org.hibernate.LazyInitializationException: failed to lazily initialize a collection of role: com.example.physiokalendar.entity.AppointmentSeries.cancellations: could not initialize proxy - no Session
	at org.hibernate.collection.spi.AbstractPersistentCollection.throwLazyInitializationException(AbstractPersistentCollection.java:636)
	at org.hibernate.collection.spi.AbstractPersistentCollection.withTemporarySessionIfNeeded(AbstractPersistentCollection.java:219)
	at org.hibernate.collection.spi.AbstractPersistentCollection.initialize(AbstractPersistentCollection.java:615)
	at org.hibernate.collection.spi.AbstractPersistentCollection.read(AbstractPersistentCollection.java:138)
	at org.hibernate.collection.spi.PersistentBag.iterator(PersistentBag.java:369)
	at java.base/java.util.Spliterators$IteratorSpliterator.estimateSize(Spliterators.java:1865)
	at java.base/java.util.Spliterator.getExactSizeIfKnown(Spliterator.java:414)
	at java.base/java.util.stream.AbstractPipeline.copyInto(AbstractPipeline.java:508)
	at java.base/java.util.stream.AbstractPipeline.wrapAndCopyInto(AbstractPipeline.java:499)
	at java.base/java.util.stream.ReduceOps$ReduceOp.evaluateSequential(ReduceOps.java:921)
	at java.base/java.util.stream.AbstractPipeline.evaluate(AbstractPipeline.java:234)
	at java.base/java.util.stream.ReferencePipeline.collect(ReferencePipeline.java:682)
	at com.example.physiokalendar.service.AppointmentSeriesGeneratorJob.generateAppointmentsForSeries(AppointmentSeriesGeneratorJob.java:151)
	at com.example.physiokalendar.service.AppointmentSeriesGeneratorJob.generateMissingAppointments(AppointmentSeriesGeneratorJob.java:107)
	at com.example.physiokalendar.service.AppointmentSeriesGeneratorJob.onApplicationReady(AppointmentSeriesGeneratorJob.java:57)
	at java.base/jdk.internal.reflect.NativeMethodAccessorImpl.invoke0(Native Method)
	at java.base/jdk.internal.reflect.NativeMethodAccessorImpl.invoke(NativeMethodAccessorImpl.java:77)
	at java.base/jdk.internal.reflect.DelegatingMethodAccessorImpl.invoke(DelegatingMethodAccessorImpl.java:43)
	at java.base/java.lang.reflect.Method.invoke(Method.java:568)
	at org.springframework.context.event.ApplicationListenerMethodAdapter.doInvoke(ApplicationListenerMethodAdapter.java:365)
	at org.springframework.context.event.ApplicationListenerMethodAdapter.processEvent(ApplicationListenerMethodAdapter.java:237)
	at org.springframework.context.event.ApplicationListenerMethodAdapter.onApplicationEvent(ApplicationListenerMethodAdapter.java:168)
	at org.springframework.context.event.SimpleApplicationEventMulticaster.doInvokeListener(SimpleApplicationEventMulticaster.java:185)
	at org.springframework.context.event.SimpleApplicationEventMulticaster.invokeListener(SimpleApplicationEventMulticaster.java:178)
	at org.springframework.context.event.SimpleApplicationEventMulticaster.multicastEvent(SimpleApplicationEventMulticaster.java:156)
	at org.springframework.context.support.AbstractApplicationContext.publishEvent(AbstractApplicationContext.java:452)
	at org.springframework.context.support.AbstractApplicationContext.publishEvent(AbstractApplicationContext.java:385)
	at org.springframework.boot.context.event.EventPublishingRunListener.ready(EventPublishingRunListener.java:109)
	at org.springframework.boot.SpringApplicationRunListeners.lambda$ready$6(SpringApplicationRunListeners.java:80)
	at java.base/java.lang.Iterable.forEach(Iterable.java:75)
	at org.springframework.boot.SpringApplicationRunListeners.doWithListeners(SpringApplicationRunListeners.java:118)
	at org.springframework.boot.SpringApplicationRunListeners.doWithListeners(SpringApplicationRunListeners.java:112)
	at org.springframework.boot.SpringApplicationRunListeners.ready(SpringApplicationRunListeners.java:80)
	at org.springframework.boot.SpringApplication.run(SpringApplication.java:349)
	at org.springframework.boot.SpringApplication.run(SpringApplication.java:1363)
	at org.springframework.boot.SpringApplication.run(SpringApplication.java:1352)
	at com.example.physiokalendar.PhysiokalendarApplication.main(PhysiokalendarApplication.java:12)
	at java.base/jdk.internal.reflect.NativeMethodAccessorImpl.invoke0(Native Method)
	at java.base/jdk.internal.reflect.NativeMethodAccessorImpl.invoke(NativeMethodAccessorImpl.java:77)
	at java.base/jdk.internal.reflect.DelegatingMethodAccessorImpl.invoke(DelegatingMethodAccessorImpl.java:43)
	at java.base/java.lang.reflect.Method.invoke(Method.java:568)
	at org.springframework.boot.devtools.restart.RestartLauncher.run(RestartLauncher.java:50)
2026-02-18 02:58:11.681 [restartedMain] ERROR c.e.p.s.AppointmentSeriesGeneratorJob - Error generating appointments for series 4477: failed to lazily initialize a collection of role: com.example.physiokalendar.entity.AppointmentSeries.cancellations: could not initialize proxy - no Session
org.hibernate.LazyInitializationException: failed to lazily initialize a collection of role: com.example.physiokalendar.entity.AppointmentSeries.cancellations: could not initialize proxy - no Session
	at org.hibernate.collection.spi.AbstractPersistentCollection.throwLazyInitializationException(AbstractPersistentCollection.java:636)
	at org.hibernate.collection.spi.AbstractPersistentCollection.withTemporarySessionIfNeeded(AbstractPersistentCollection.java:219)
	at org.hibernate.collection.spi.AbstractPersistentCollection.initialize(AbstractPersistentCollection.java:615)
	at org.hibernate.collection.spi.AbstractPersistentCollection.read(AbstractPersistentCollection.java:138)
	at org.hibernate.collection.spi.PersistentBag.iterator(PersistentBag.java:369)
	at java.base/java.util.Spliterators$IteratorSpliterator.estimateSize(Spliterators.java:1865)
	at java.base/java.util.Spliterator.getExactSizeIfKnown(Spliterator.java:414)
	at java.base/java.util.stream.AbstractPipeline.copyInto(AbstractPipeline.java:508)
	at java.base/java.util.stream.AbstractPipeline.wrapAndCopyInto(AbstractPipeline.java:499)
	at java.base/java.util.stream.ReduceOps$ReduceOp.evaluateSequential(ReduceOps.java:921)
	at java.base/java.util.stream.AbstractPipeline.evaluate(AbstractPipeline.java:234)
	at java.base/java.util.stream.ReferencePipeline.collect(ReferencePipeline.java:682)
	at com.example.physiokalendar.service.AppointmentSeriesGeneratorJob.generateAppointmentsForSeries(AppointmentSeriesGeneratorJob.java:151)
	at com.example.physiokalendar.service.AppointmentSeriesGeneratorJob.generateMissingAppointments(AppointmentSeriesGeneratorJob.java:107)
	at com.example.physiokalendar.service.AppointmentSeriesGeneratorJob.onApplicationReady(AppointmentSeriesGeneratorJob.java:57)
	at java.base/jdk.internal.reflect.NativeMethodAccessorImpl.invoke0(Native Method)
	at java.base/jdk.internal.reflect.NativeMethodAccessorImpl.invoke(NativeMethodAccessorImpl.java:77)
	at java.base/jdk.internal.reflect.DelegatingMethodAccessorImpl.invoke(DelegatingMethodAccessorImpl.java:43)
	at java.base/java.lang.reflect.Method.invoke(Method.java:568)
	at org.springframework.context.event.ApplicationListenerMethodAdapter.doInvoke(ApplicationListenerMethodAdapter.java:365)
	at org.springframework.context.event.ApplicationListenerMethodAdapter.processEvent(ApplicationListenerMethodAdapter.java:237)
	at org.springframework.context.event.ApplicationListenerMethodAdapter.onApplicationEvent(ApplicationListenerMethodAdapter.java:168)
	at org.springframework.context.event.SimpleApplicationEventMulticaster.doInvokeListener(SimpleApplicationEventMulticaster.java:185)
	at org.springframework.context.event.SimpleApplicationEventMulticaster.invokeListener(SimpleApplicationEventMulticaster.java:178)
	at org.springframework.context.event.SimpleApplicationEventMulticaster.multicastEvent(SimpleApplicationEventMulticaster.java:156)
	at org.springframework.context.support.AbstractApplicationContext.publishEvent(AbstractApplicationContext.java:452)
	at org.springframework.context.support.AbstractApplicationContext.publishEvent(AbstractApplicationContext.java:385)
	at org.springframework.boot.context.event.EventPublishingRunListener.ready(EventPublishingRunListener.java:109)
	at org.springframework.boot.SpringApplicationRunListeners.lambda$ready$6(SpringApplicationRunListeners.java:80)
	at java.base/java.lang.Iterable.forEach(Iterable.java:75)
	at org.springframework.boot.SpringApplicationRunListeners.doWithListeners(SpringApplicationRunListeners.java:118)
	at org.springframework.boot.SpringApplicationRunListeners.doWithListeners(SpringApplicationRunListeners.java:112)
	at org.springframework.boot.SpringApplicationRunListeners.ready(SpringApplicationRunListeners.java:80)
	at org.springframework.boot.SpringApplication.run(SpringApplication.java:349)
	at org.springframework.boot.SpringApplication.run(SpringApplication.java:1363)
	at org.springframework.boot.SpringApplication.run(SpringApplication.java:1352)
	at com.example.physiokalendar.PhysiokalendarApplication.main(PhysiokalendarApplication.java:12)
	at java.base/jdk.internal.reflect.NativeMethodAccessorImpl.invoke0(Native Method)
	at java.base/jdk.internal.reflect.NativeMethodAccessorImpl.invoke(NativeMethodAccessorImpl.java:77)
	at java.base/jdk.internal.reflect.DelegatingMethodAccessorImpl.invoke(DelegatingMethodAccessorImpl.java:43)
	at java.base/java.lang.reflect.Method.invoke(Method.java:568)
	at org.springframework.boot.devtools.restart.RestartLauncher.run(RestartLauncher.java:50)
2026-02-18 02:58:11.686 [restartedMain] ERROR c.e.p.s.AppointmentSeriesGeneratorJob - Error generating appointments for series 4478: failed to lazily initialize a collection of role: com.example.physiokalendar.entity.AppointmentSeries.cancellations: could not initialize proxy - no Session
org.hibernate.LazyInitializationException: failed to lazily initialize a collection of role: com.example.physiokalendar.entity.AppointmentSeries.cancellations: could not initialize proxy - no Session
	at org.hibernate.collection.spi.AbstractPersistentCollection.throwLazyInitializationException(AbstractPersistentCollection.java:636)
	at org.hibernate.collection.spi.AbstractPersistentCollection.withTemporarySessionIfNeeded(AbstractPersistentCollection.java:219)
	at org.hibernate.collection.spi.AbstractPersistentCollection.initialize(AbstractPersistentCollection.java:615)
	at org.hibernate.collection.spi.AbstractPersistentCollection.read(AbstractPersistentCollection.java:138)
	at org.hibernate.collection.spi.PersistentBag.iterator(PersistentBag.java:369)
	at java.base/java.util.Spliterators$IteratorSpliterator.estimateSize(Spliterators.java:1865)
	at java.base/java.util.Spliterator.getExactSizeIfKnown(Spliterator.java:414)
	at java.base/java.util.stream.AbstractPipeline.copyInto(AbstractPipeline.java:508)
	at java.base/java.util.stream.AbstractPipeline.wrapAndCopyInto(AbstractPipeline.java:499)
	at java.base/java.util.stream.ReduceOps$ReduceOp.evaluateSequential(ReduceOps.java:921)
	at java.base/java.util.stream.AbstractPipeline.evaluate(AbstractPipeline.java:234)
	at java.base/java.util.stream.ReferencePipeline.collect(ReferencePipeline.java:682)
	at com.example.physiokalendar.service.AppointmentSeriesGeneratorJob.generateAppointmentsForSeries(AppointmentSeriesGeneratorJob.java:151)
	at com.example.physiokalendar.service.AppointmentSeriesGeneratorJob.generateMissingAppointments(AppointmentSeriesGeneratorJob.java:107)
	at com.example.physiokalendar.service.AppointmentSeriesGeneratorJob.onApplicationReady(AppointmentSeriesGeneratorJob.java:57)
	at java.base/jdk.internal.reflect.NativeMethodAccessorImpl.invoke0(Native Method)
	at java.base/jdk.internal.reflect.NativeMethodAccessorImpl.invoke(NativeMethodAccessorImpl.java:77)
	at java.base/jdk.internal.reflect.DelegatingMethodAccessorImpl.invoke(DelegatingMethodAccessorImpl.java:43)
	at java.base/java.lang.reflect.Method.invoke(Method.java:568)
	at org.springframework.context.event.ApplicationListenerMethodAdapter.doInvoke(ApplicationListenerMethodAdapter.java:365)
	at org.springframework.context.event.ApplicationListenerMethodAdapter.processEvent(ApplicationListenerMethodAdapter.java:237)
	at org.springframework.context.event.ApplicationListenerMethodAdapter.onApplicationEvent(ApplicationListenerMethodAdapter.java:168)
	at org.springframework.context.event.SimpleApplicationEventMulticaster.doInvokeListener(SimpleApplicationEventMulticaster.java:185)
	at org.springframework.context.event.SimpleApplicationEventMulticaster.invokeListener(SimpleApplicationEventMulticaster.java:178)
	at org.springframework.context.event.SimpleApplicationEventMulticaster.multicastEvent(SimpleApplicationEventMulticaster.java:156)
	at org.springframework.context.support.AbstractApplicationContext.publishEvent(AbstractApplicationContext.java:452)
	at org.springframework.context.support.AbstractApplicationContext.publishEvent(AbstractApplicationContext.java:385)
	at org.springframework.boot.context.event.EventPublishingRunListener.ready(EventPublishingRunListener.java:109)
	at org.springframework.boot.SpringApplicationRunListeners.lambda$ready$6(SpringApplicationRunListeners.java:80)
	at java.base/java.lang.Iterable.forEach(Iterable.java:75)
	at org.springframework.boot.SpringApplicationRunListeners.doWithListeners(SpringApplicationRunListeners.java:118)
	at org.springframework.boot.SpringApplicationRunListeners.doWithListeners(SpringApplicationRunListeners.java:112)
	at org.springframework.boot.SpringApplicationRunListeners.ready(SpringApplicationRunListeners.java:80)
	at org.springframework.boot.SpringApplication.run(SpringApplication.java:349)
	at org.springframework.boot.SpringApplication.run(SpringApplication.java:1363)
	at org.springframework.boot.SpringApplication.run(SpringApplication.java:1352)
	at com.example.physiokalendar.PhysiokalendarApplication.main(PhysiokalendarApplication.java:12)
	at java.base/jdk.internal.reflect.NativeMethodAccessorImpl.invoke0(Native Method)
	at java.base/jdk.internal.reflect.NativeMethodAccessorImpl.invoke(NativeMethodAccessorImpl.java:77)
	at java.base/jdk.internal.reflect.DelegatingMethodAccessorImpl.invoke(DelegatingMethodAccessorImpl.java:43)
	at java.base/java.lang.reflect.Method.invoke(Method.java:568)
	at org.springframework.boot.devtools.restart.RestartLauncher.run(RestartLauncher.java:50)
2026-02-18 02:58:11.689 [restartedMain] ERROR c.e.p.s.AppointmentSeriesGeneratorJob - Error generating appointments for series 4479: failed to lazily initialize a collection of role: com.example.physiokalendar.entity.AppointmentSeries.cancellations: could not initialize proxy - no Session
org.hibernate.LazyInitializationException: failed to lazily initialize a collection of role: com.example.physiokalendar.entity.AppointmentSeries.cancellations: could not initialize proxy - no Session
	at org.hibernate.collection.spi.AbstractPersistentCollection.throwLazyInitializationException(AbstractPersistentCollection.java:636)
	at org.hibernate.collection.spi.AbstractPersistentCollection.withTemporarySessionIfNeeded(AbstractPersistentCollection.java:219)
	at org.hibernate.collection.spi.AbstractPersistentCollection.initialize(AbstractPersistentCollection.java:615)
	at org.hibernate.collection.spi.AbstractPersistentCollection.read(AbstractPersistentCollection.java:138)
	at org.hibernate.collection.spi.PersistentBag.iterator(PersistentBag.java:369)
	at java.base/java.util.Spliterators$IteratorSpliterator.estimateSize(Spliterators.java:1865)
	at java.base/java.util.Spliterator.getExactSizeIfKnown(Spliterator.java:414)
	at java.base/java.util.stream.AbstractPipeline.copyInto(AbstractPipeline.java:508)
	at java.base/java.util.stream.AbstractPipeline.wrapAndCopyInto(AbstractPipeline.java:499)
	at java.base/java.util.stream.ReduceOps$ReduceOp.evaluateSequential(ReduceOps.java:921)
	at java.base/java.util.stream.AbstractPipeline.evaluate(AbstractPipeline.java:234)
	at java.base/java.util.stream.ReferencePipeline.collect(ReferencePipeline.java:682)
	at com.example.physiokalendar.service.AppointmentSeriesGeneratorJob.generateAppointmentsForSeries(AppointmentSeriesGeneratorJob.java:151)
	at com.example.physiokalendar.service.AppointmentSeriesGeneratorJob.generateMissingAppointments(AppointmentSeriesGeneratorJob.java:107)
	at com.example.physiokalendar.service.AppointmentSeriesGeneratorJob.onApplicationReady(AppointmentSeriesGeneratorJob.java:57)
	at java.base/jdk.internal.reflect.NativeMethodAccessorImpl.invoke0(Native Method)
	at java.base/jdk.internal.reflect.NativeMethodAccessorImpl.invoke(NativeMethodAccessorImpl.java:77)
	at java.base/jdk.internal.reflect.DelegatingMethodAccessorImpl.invoke(DelegatingMethodAccessorImpl.java:43)
	at java.base/java.lang.reflect.Method.invoke(Method.java:568)
	at org.springframework.context.event.ApplicationListenerMethodAdapter.doInvoke(ApplicationListenerMethodAdapter.java:365)
	at org.springframework.context.event.ApplicationListenerMethodAdapter.processEvent(ApplicationListenerMethodAdapter.java:237)
	at org.springframework.context.event.ApplicationListenerMethodAdapter.onApplicationEvent(ApplicationListenerMethodAdapter.java:168)
	at org.springframework.context.event.SimpleApplicationEventMulticaster.doInvokeListener(SimpleApplicationEventMulticaster.java:185)
	at org.springframework.context.event.SimpleApplicationEventMulticaster.invokeListener(SimpleApplicationEventMulticaster.java:178)
	at org.springframework.context.event.SimpleApplicationEventMulticaster.multicastEvent(SimpleApplicationEventMulticaster.java:156)
	at org.springframework.context.support.AbstractApplicationContext.publishEvent(AbstractApplicationContext.java:452)
	at org.springframework.context.support.AbstractApplicationContext.publishEvent(AbstractApplicationContext.java:385)
	at org.springframework.boot.context.event.EventPublishingRunListener.ready(EventPublishingRunListener.java:109)
	at org.springframework.boot.SpringApplicationRunListeners.lambda$ready$6(SpringApplicationRunListeners.java:80)
	at java.base/java.lang.Iterable.forEach(Iterable.java:75)
	at org.springframework.boot.SpringApplicationRunListeners.doWithListeners(SpringApplicationRunListeners.java:118)
	at org.springframework.boot.SpringApplicationRunListeners.doWithListeners(SpringApplicationRunListeners.java:112)
	at org.springframework.boot.SpringApplicationRunListeners.ready(SpringApplicationRunListeners.java:80)
	at org.springframework.boot.SpringApplication.run(SpringApplication.java:349)
	at org.springframework.boot.SpringApplication.run(SpringApplication.java:1363)
	at org.springframework.boot.SpringApplication.run(SpringApplication.java:1352)
	at com.example.physiokalendar.PhysiokalendarApplication.main(PhysiokalendarApplication.java:12)
	at java.base/jdk.internal.reflect.NativeMethodAccessorImpl.invoke0(Native Method)
	at java.base/jdk.internal.reflect.NativeMethodAccessorImpl.invoke(NativeMethodAccessorImpl.java:77)
	at java.base/jdk.internal.reflect.DelegatingMethodAccessorImpl.invoke(DelegatingMethodAccessorImpl.java:43)
	at java.base/java.lang.reflect.Method.invoke(Method.java:568)
	at org.springframework.boot.devtools.restart.RestartLauncher.run(RestartLauncher.java:50)
2026-02-18 02:58:11.693 [restartedMain] ERROR c.e.p.s.AppointmentSeriesGeneratorJob - Error generating appointments for series 4480: failed to lazily initialize a collection of role: com.example.physiokalendar.entity.AppointmentSeries.cancellations: could not initialize proxy - no Session
org.hibernate.LazyInitializationException: failed to lazily initialize a collection of role: com.example.physiokalendar.entity.AppointmentSeries.cancellations: could not initialize proxy - no Session
	at org.hibernate.collection.spi.AbstractPersistentCollection.throwLazyInitializationException(AbstractPersistentCollection.java:636)
	at org.hibernate.collection.spi.AbstractPersistentCollection.withTemporarySessionIfNeeded(AbstractPersistentCollection.java:219)
	at org.hibernate.collection.spi.AbstractPersistentCollection.initialize(AbstractPersistentCollection.java:615)
	at org.hibernate.collection.spi.AbstractPersistentCollection.read(AbstractPersistentCollection.java:138)
	at org.hibernate.collection.spi.PersistentBag.iterator(PersistentBag.java:369)
	at java.base/java.util.Spliterators$IteratorSpliterator.estimateSize(Spliterators.java:1865)
	at java.base/java.util.Spliterator.getExactSizeIfKnown(Spliterator.java:414)
	at java.base/java.util.stream.AbstractPipeline.copyInto(AbstractPipeline.java:508)
	at java.base/java.util.stream.AbstractPipeline.wrapAndCopyInto(AbstractPipeline.java:499)
	at java.base/java.util.stream.ReduceOps$ReduceOp.evaluateSequential(ReduceOps.java:921)
	at java.base/java.util.stream.AbstractPipeline.evaluate(AbstractPipeline.java:234)
	at java.base/java.util.stream.ReferencePipeline.collect(ReferencePipeline.java:682)
	at com.example.physiokalendar.service.AppointmentSeriesGeneratorJob.generateAppointmentsForSeries(AppointmentSeriesGeneratorJob.java:151)
	at com.example.physiokalendar.service.AppointmentSeriesGeneratorJob.generateMissingAppointments(AppointmentSeriesGeneratorJob.java:107)
	at com.example.physiokalendar.service.AppointmentSeriesGeneratorJob.onApplicationReady(AppointmentSeriesGeneratorJob.java:57)
	at java.base/jdk.internal.reflect.NativeMethodAccessorImpl.invoke0(Native Method)
	at java.base/jdk.internal.reflect.NativeMethodAccessorImpl.invoke(NativeMethodAccessorImpl.java:77)
	at java.base/jdk.internal.reflect.DelegatingMethodAccessorImpl.invoke(DelegatingMethodAccessorImpl.java:43)
	at java.base/java.lang.reflect.Method.invoke(Method.java:568)
	at org.springframework.context.event.ApplicationListenerMethodAdapter.doInvoke(ApplicationListenerMethodAdapter.java:365)
	at org.springframework.context.event.ApplicationListenerMethodAdapter.processEvent(ApplicationListenerMethodAdapter.java:237)
	at org.springframework.context.event.ApplicationListenerMethodAdapter.onApplicationEvent(ApplicationListenerMethodAdapter.java:168)
	at org.springframework.context.event.SimpleApplicationEventMulticaster.doInvokeListener(SimpleApplicationEventMulticaster.java:185)
	at org.springframework.context.event.SimpleApplicationEventMulticaster.invokeListener(SimpleApplicationEventMulticaster.java:178)
	at org.springframework.context.event.SimpleApplicationEventMulticaster.multicastEvent(SimpleApplicationEventMulticaster.java:156)
	at org.springframework.context.support.AbstractApplicationContext.publishEvent(AbstractApplicationContext.java:452)
	at org.springframework.context.support.AbstractApplicationContext.publishEvent(AbstractApplicationContext.java:385)
	at org.springframework.boot.context.event.EventPublishingRunListener.ready(EventPublishingRunListener.java:109)
	at org.springframework.boot.SpringApplicationRunListeners.lambda$ready$6(SpringApplicationRunListeners.java:80)
	at java.base/java.lang.Iterable.forEach(Iterable.java:75)
	at org.springframework.boot.SpringApplicationRunListeners.doWithListeners(SpringApplicationRunListeners.java:118)
	at org.springframework.boot.SpringApplicationRunListeners.doWithListeners(SpringApplicationRunListeners.java:112)
	at org.springframework.boot.SpringApplicationRunListeners.ready(SpringApplicationRunListeners.java:80)
	at org.springframework.boot.SpringApplication.run(SpringApplication.java:349)
	at org.springframework.boot.SpringApplication.run(SpringApplication.java:1363)
	at org.springframework.boot.SpringApplication.run(SpringApplication.java:1352)
	at com.example.physiokalendar.PhysiokalendarApplication.main(PhysiokalendarApplication.java:12)
	at java.base/jdk.internal.reflect.NativeMethodAccessorImpl.invoke0(Native Method)
	at java.base/jdk.internal.reflect.NativeMethodAccessorImpl.invoke(NativeMethodAccessorImpl.java:77)
	at java.base/jdk.internal.reflect.DelegatingMethodAccessorImpl.invoke(DelegatingMethodAccessorImpl.java:43)
	at java.base/java.lang.reflect.Method.invoke(Method.java:568)
	at org.springframework.boot.devtools.restart.RestartLauncher.run(RestartLauncher.java:50)
2026-02-18 02:58:11.698 [restartedMain] ERROR c.e.p.s.AppointmentSeriesGeneratorJob - Error generating appointments for series 4481: failed to lazily initialize a collection of role: com.example.physiokalendar.entity.AppointmentSeries.cancellations: could not initialize proxy - no Session
org.hibernate.LazyInitializationException: failed to lazily initialize a collection of role: com.example.physiokalendar.entity.AppointmentSeries.cancellations: could not initialize proxy - no Session
	at org.hibernate.collection.spi.AbstractPersistentCollection.throwLazyInitializationException(AbstractPersistentCollection.java:636)
	at org.hibernate.collection.spi.AbstractPersistentCollection.withTemporarySessionIfNeeded(AbstractPersistentCollection.java:219)
	at org.hibernate.collection.spi.AbstractPersistentCollection.initialize(AbstractPersistentCollection.java:615)
	at org.hibernate.collection.spi.AbstractPersistentCollection.read(AbstractPersistentCollection.java:138)
	at org.hibernate.collection.spi.PersistentBag.iterator(PersistentBag.java:369)
	at java.base/java.util.Spliterators$IteratorSpliterator.estimateSize(Spliterators.java:1865)
	at java.base/java.util.Spliterator.getExactSizeIfKnown(Spliterator.java:414)
	at java.base/java.util.stream.AbstractPipeline.copyInto(AbstractPipeline.java:508)
	at java.base/java.util.stream.AbstractPipeline.wrapAndCopyInto(AbstractPipeline.java:499)
	at java.base/java.util.stream.ReduceOps$ReduceOp.evaluateSequential(ReduceOps.java:921)
	at java.base/java.util.stream.AbstractPipeline.evaluate(AbstractPipeline.java:234)
	at java.base/java.util.stream.ReferencePipeline.collect(ReferencePipeline.java:682)
	at com.example.physiokalendar.service.AppointmentSeriesGeneratorJob.generateAppointmentsForSeries(AppointmentSeriesGeneratorJob.java:151)
	at com.example.physiokalendar.service.AppointmentSeriesGeneratorJob.generateMissingAppointments(AppointmentSeriesGeneratorJob.java:107)
	at com.example.physiokalendar.service.AppointmentSeriesGeneratorJob.onApplicationReady(AppointmentSeriesGeneratorJob.java:57)
	at java.base/jdk.internal.reflect.NativeMethodAccessorImpl.invoke0(Native Method)
	at java.base/jdk.internal.reflect.NativeMethodAccessorImpl.invoke(NativeMethodAccessorImpl.java:77)
	at java.base/jdk.internal.reflect.DelegatingMethodAccessorImpl.invoke(DelegatingMethodAccessorImpl.java:43)
	at java.base/java.lang.reflect.Method.invoke(Method.java:568)
	at org.springframework.context.event.ApplicationListenerMethodAdapter.doInvoke(ApplicationListenerMethodAdapter.java:365)
	at org.springframework.context.event.ApplicationListenerMethodAdapter.processEvent(ApplicationListenerMethodAdapter.java:237)
	at org.springframework.context.event.ApplicationListenerMethodAdapter.onApplicationEvent(ApplicationListenerMethodAdapter.java:168)
	at org.springframework.context.event.SimpleApplicationEventMulticaster.doInvokeListener(SimpleApplicationEventMulticaster.java:185)
	at org.springframework.context.event.SimpleApplicationEventMulticaster.invokeListener(SimpleApplicationEventMulticaster.java:178)
	at org.springframework.context.event.SimpleApplicationEventMulticaster.multicastEvent(SimpleApplicationEventMulticaster.java:156)
	at org.springframework.context.support.AbstractApplicationContext.publishEvent(AbstractApplicationContext.java:452)
	at org.springframework.context.support.AbstractApplicationContext.publishEvent(AbstractApplicationContext.java:385)
	at org.springframework.boot.context.event.EventPublishingRunListener.ready(EventPublishingRunListener.java:109)
	at org.springframework.boot.SpringApplicationRunListeners.lambda$ready$6(SpringApplicationRunListeners.java:80)
	at java.base/java.lang.Iterable.forEach(Iterable.java:75)
	at org.springframework.boot.SpringApplicationRunListeners.doWithListeners(SpringApplicationRunListeners.java:118)
	at org.springframework.boot.SpringApplicationRunListeners.doWithListeners(SpringApplicationRunListeners.java:112)
	at org.springframework.boot.SpringApplicationRunListeners.ready(SpringApplicationRunListeners.java:80)
	at org.springframework.boot.SpringApplication.run(SpringApplication.java:349)
	at org.springframework.boot.SpringApplication.run(SpringApplication.java:1363)
	at org.springframework.boot.SpringApplication.run(SpringApplication.java:1352)
	at com.example.physiokalendar.PhysiokalendarApplication.main(PhysiokalendarApplication.java:12)
	at java.base/jdk.internal.reflect.NativeMethodAccessorImpl.invoke0(Native Method)
	at java.base/jdk.internal.reflect.NativeMethodAccessorImpl.invoke(NativeMethodAccessorImpl.java:77)
	at java.base/jdk.internal.reflect.DelegatingMethodAccessorImpl.invoke(DelegatingMethodAccessorImpl.java:43)
	at java.base/java.lang.reflect.Method.invoke(Method.java:568)
	at org.springframework.boot.devtools.restart.RestartLauncher.run(RestartLauncher.java:50)
2026-02-18 02:58:11.701 [restartedMain] ERROR c.e.p.s.AppointmentSeriesGeneratorJob - Error generating appointments for series 4482: failed to lazily initialize a collection of role: com.example.physiokalendar.entity.AppointmentSeries.cancellations: could not initialize proxy - no Session
org.hibernate.LazyInitializationException: failed to lazily initialize a collection of role: com.example.physiokalendar.entity.AppointmentSeries.cancellations: could not initialize proxy - no Session
	at org.hibernate.collection.spi.AbstractPersistentCollection.throwLazyInitializationException(AbstractPersistentCollection.java:636)
	at org.hibernate.collection.spi.AbstractPersistentCollection.withTemporarySessionIfNeeded(AbstractPersistentCollection.java:219)
	at org.hibernate.collection.spi.AbstractPersistentCollection.initialize(AbstractPersistentCollection.java:615)
	at org.hibernate.collection.spi.AbstractPersistentCollection.read(AbstractPersistentCollection.java:138)
	at org.hibernate.collection.spi.PersistentBag.iterator(PersistentBag.java:369)
	at java.base/java.util.Spliterators$IteratorSpliterator.estimateSize(Spliterators.java:1865)
	at java.base/java.util.Spliterator.getExactSizeIfKnown(Spliterator.java:414)
	at java.base/java.util.stream.AbstractPipeline.copyInto(AbstractPipeline.java:508)
	at java.base/java.util.stream.AbstractPipeline.wrapAndCopyInto(AbstractPipeline.java:499)
	at java.base/java.util.stream.ReduceOps$ReduceOp.evaluateSequential(ReduceOps.java:921)
	at java.base/java.util.stream.AbstractPipeline.evaluate(AbstractPipeline.java:234)
	at java.base/java.util.stream.ReferencePipeline.collect(ReferencePipeline.java:682)
	at com.example.physiokalendar.service.AppointmentSeriesGeneratorJob.generateAppointmentsForSeries(AppointmentSeriesGeneratorJob.java:151)
	at com.example.physiokalendar.service.AppointmentSeriesGeneratorJob.generateMissingAppointments(AppointmentSeriesGeneratorJob.java:107)
	at com.example.physiokalendar.service.AppointmentSeriesGeneratorJob.onApplicationReady(AppointmentSeriesGeneratorJob.java:57)
	at java.base/jdk.internal.reflect.NativeMethodAccessorImpl.invoke0(Native Method)
	at java.base/jdk.internal.reflect.NativeMethodAccessorImpl.invoke(NativeMethodAccessorImpl.java:77)
	at java.base/jdk.internal.reflect.DelegatingMethodAccessorImpl.invoke(DelegatingMethodAccessorImpl.java:43)
	at java.base/java.lang.reflect.Method.invoke(Method.java:568)
	at org.springframework.context.event.ApplicationListenerMethodAdapter.doInvoke(ApplicationListenerMethodAdapter.java:365)
	at org.springframework.context.event.ApplicationListenerMethodAdapter.processEvent(ApplicationListenerMethodAdapter.java:237)
	at org.springframework.context.event.ApplicationListenerMethodAdapter.onApplicationEvent(ApplicationListenerMethodAdapter.java:168)
	at org.springframework.context.event.SimpleApplicationEventMulticaster.doInvokeListener(SimpleApplicationEventMulticaster.java:185)
	at org.springframework.context.event.SimpleApplicationEventMulticaster.invokeListener(SimpleApplicationEventMulticaster.java:178)
	at org.springframework.context.event.SimpleApplicationEventMulticaster.multicastEvent(SimpleApplicationEventMulticaster.java:156)
	at org.springframework.context.support.AbstractApplicationContext.publishEvent(AbstractApplicationContext.java:452)
	at org.springframework.context.support.AbstractApplicationContext.publishEvent(AbstractApplicationContext.java:385)
	at org.springframework.boot.context.event.EventPublishingRunListener.ready(EventPublishingRunListener.java:109)
	at org.springframework.boot.SpringApplicationRunListeners.lambda$ready$6(SpringApplicationRunListeners.java:80)
	at java.base/java.lang.Iterable.forEach(Iterable.java:75)
	at org.springframework.boot.SpringApplicationRunListeners.doWithListeners(SpringApplicationRunListeners.java:118)
	at org.springframework.boot.SpringApplicationRunListeners.doWithListeners(SpringApplicationRunListeners.java:112)
	at org.springframework.boot.SpringApplicationRunListeners.ready(SpringApplicationRunListeners.java:80)
	at org.springframework.boot.SpringApplication.run(SpringApplication.java:349)
	at org.springframework.boot.SpringApplication.run(SpringApplication.java:1363)
	at org.springframework.boot.SpringApplication.run(SpringApplication.java:1352)
	at com.example.physiokalendar.PhysiokalendarApplication.main(PhysiokalendarApplication.java:12)
	at java.base/jdk.internal.reflect.NativeMethodAccessorImpl.invoke0(Native Method)
	at java.base/jdk.internal.reflect.NativeMethodAccessorImpl.invoke(NativeMethodAccessorImpl.java:77)
	at java.base/jdk.internal.reflect.DelegatingMethodAccessorImpl.invoke(DelegatingMethodAccessorImpl.java:43)
	at java.base/java.lang.reflect.Method.invoke(Method.java:568)
	at org.springframework.boot.devtools.restart.RestartLauncher.run(RestartLauncher.java:50)
2026-02-18 02:58:11.705 [restartedMain] ERROR c.e.p.s.AppointmentSeriesGeneratorJob - Error generating appointments for series 4483: failed to lazily initialize a collection of role: com.example.physiokalendar.entity.AppointmentSeries.cancellations: could not initialize proxy - no Session
org.hibernate.LazyInitializationException: failed to lazily initialize a collection of role: com.example.physiokalendar.entity.AppointmentSeries.cancellations: could not initialize proxy - no Session
	at org.hibernate.collection.spi.AbstractPersistentCollection.throwLazyInitializationException(AbstractPersistentCollection.java:636)
	at org.hibernate.collection.spi.AbstractPersistentCollection.withTemporarySessionIfNeeded(AbstractPersistentCollection.java:219)
	at org.hibernate.collection.spi.AbstractPersistentCollection.initialize(AbstractPersistentCollection.java:615)
	at org.hibernate.collection.spi.AbstractPersistentCollection.read(AbstractPersistentCollection.java:138)
	at org.hibernate.collection.spi.PersistentBag.iterator(PersistentBag.java:369)
	at java.base/java.util.Spliterators$IteratorSpliterator.estimateSize(Spliterators.java:1865)
	at java.base/java.util.Spliterator.getExactSizeIfKnown(Spliterator.java:414)
	at java.base/java.util.stream.AbstractPipeline.copyInto(AbstractPipeline.java:508)
	at java.base/java.util.stream.AbstractPipeline.wrapAndCopyInto(AbstractPipeline.java:499)
	at java.base/java.util.stream.ReduceOps$ReduceOp.evaluateSequential(ReduceOps.java:921)
	at java.base/java.util.stream.AbstractPipeline.evaluate(AbstractPipeline.java:234)
	at java.base/java.util.stream.ReferencePipeline.collect(ReferencePipeline.java:682)
	at com.example.physiokalendar.service.AppointmentSeriesGeneratorJob.generateAppointmentsForSeries(AppointmentSeriesGeneratorJob.java:151)
	at com.example.physiokalendar.service.AppointmentSeriesGeneratorJob.generateMissingAppointments(AppointmentSeriesGeneratorJob.java:107)
	at com.example.physiokalendar.service.AppointmentSeriesGeneratorJob.onApplicationReady(AppointmentSeriesGeneratorJob.java:57)
	at java.base/jdk.internal.reflect.NativeMethodAccessorImpl.invoke0(Native Method)
	at java.base/jdk.internal.reflect.NativeMethodAccessorImpl.invoke(NativeMethodAccessorImpl.java:77)
	at java.base/jdk.internal.reflect.DelegatingMethodAccessorImpl.invoke(DelegatingMethodAccessorImpl.java:43)
	at java.base/java.lang.reflect.Method.invoke(Method.java:568)
	at org.springframework.context.event.ApplicationListenerMethodAdapter.doInvoke(ApplicationListenerMethodAdapter.java:365)
	at org.springframework.context.event.ApplicationListenerMethodAdapter.processEvent(ApplicationListenerMethodAdapter.java:237)
	at org.springframework.context.event.ApplicationListenerMethodAdapter.onApplicationEvent(ApplicationListenerMethodAdapter.java:168)
	at org.springframework.context.event.SimpleApplicationEventMulticaster.doInvokeListener(SimpleApplicationEventMulticaster.java:185)
	at org.springframework.context.event.SimpleApplicationEventMulticaster.invokeListener(SimpleApplicationEventMulticaster.java:178)
	at org.springframework.context.event.SimpleApplicationEventMulticaster.multicastEvent(SimpleApplicationEventMulticaster.java:156)
	at org.springframework.context.support.AbstractApplicationContext.publishEvent(AbstractApplicationContext.java:452)
	at org.springframework.context.support.AbstractApplicationContext.publishEvent(AbstractApplicationContext.java:385)
	at org.springframework.boot.context.event.EventPublishingRunListener.ready(EventPublishingRunListener.java:109)
	at org.springframework.boot.SpringApplicationRunListeners.lambda$ready$6(SpringApplicationRunListeners.java:80)
	at java.base/java.lang.Iterable.forEach(Iterable.java:75)
	at org.springframework.boot.SpringApplicationRunListeners.doWithListeners(SpringApplicationRunListeners.java:118)
	at org.springframework.boot.SpringApplicationRunListeners.doWithListeners(SpringApplicationRunListeners.java:112)
	at org.springframework.boot.SpringApplicationRunListeners.ready(SpringApplicationRunListeners.java:80)
	at org.springframework.boot.SpringApplication.run(SpringApplication.java:349)
	at org.springframework.boot.SpringApplication.run(SpringApplication.java:1363)
	at org.springframework.boot.SpringApplication.run(SpringApplication.java:1352)
	at com.example.physiokalendar.PhysiokalendarApplication.main(PhysiokalendarApplication.java:12)
	at java.base/jdk.internal.reflect.NativeMethodAccessorImpl.invoke0(Native Method)
	at java.base/jdk.internal.reflect.NativeMethodAccessorImpl.invoke(NativeMethodAccessorImpl.java:77)
	at java.base/jdk.internal.reflect.DelegatingMethodAccessorImpl.invoke(DelegatingMethodAccessorImpl.java:43)
	at java.base/java.lang.reflect.Method.invoke(Method.java:568)
	at org.springframework.boot.devtools.restart.RestartLauncher.run(RestartLauncher.java:50)
2026-02-18 02:58:11.708 [restartedMain] ERROR c.e.p.s.AppointmentSeriesGeneratorJob - Error generating appointments for series 4484: failed to lazily initialize a collection of role: com.example.physiokalendar.entity.AppointmentSeries.cancellations: could not initialize proxy - no Session
org.hibernate.LazyInitializationException: failed to lazily initialize a collection of role: com.example.physiokalendar.entity.AppointmentSeries.cancellations: could not initialize proxy - no Session
	at org.hibernate.collection.spi.AbstractPersistentCollection.throwLazyInitializationException(AbstractPersistentCollection.java:636)
	at org.hibernate.collection.spi.AbstractPersistentCollection.withTemporarySessionIfNeeded(AbstractPersistentCollection.java:219)
	at org.hibernate.collection.spi.AbstractPersistentCollection.initialize(AbstractPersistentCollection.java:615)
	at org.hibernate.collection.spi.AbstractPersistentCollection.read(AbstractPersistentCollection.java:138)
	at org.hibernate.collection.spi.PersistentBag.iterator(PersistentBag.java:369)
	at java.base/java.util.Spliterators$IteratorSpliterator.estimateSize(Spliterators.java:1865)
	at java.base/java.util.Spliterator.getExactSizeIfKnown(Spliterator.java:414)
	at java.base/java.util.stream.AbstractPipeline.copyInto(AbstractPipeline.java:508)
	at java.base/java.util.stream.AbstractPipeline.wrapAndCopyInto(AbstractPipeline.java:499)
	at java.base/java.util.stream.ReduceOps$ReduceOp.evaluateSequential(ReduceOps.java:921)
	at java.base/java.util.stream.AbstractPipeline.evaluate(AbstractPipeline.java:234)
	at java.base/java.util.stream.ReferencePipeline.collect(ReferencePipeline.java:682)
	at com.example.physiokalendar.service.AppointmentSeriesGeneratorJob.generateAppointmentsForSeries(AppointmentSeriesGeneratorJob.java:151)
	at com.example.physiokalendar.service.AppointmentSeriesGeneratorJob.generateMissingAppointments(AppointmentSeriesGeneratorJob.java:107)
	at com.example.physiokalendar.service.AppointmentSeriesGeneratorJob.onApplicationReady(AppointmentSeriesGeneratorJob.java:57)
	at java.base/jdk.internal.reflect.NativeMethodAccessorImpl.invoke0(Native Method)
	at java.base/jdk.internal.reflect.NativeMethodAccessorImpl.invoke(NativeMethodAccessorImpl.java:77)
	at java.base/jdk.internal.reflect.DelegatingMethodAccessorImpl.invoke(DelegatingMethodAccessorImpl.java:43)
	at java.base/java.lang.reflect.Method.invoke(Method.java:568)
	at org.springframework.context.event.ApplicationListenerMethodAdapter.doInvoke(ApplicationListenerMethodAdapter.java:365)
	at org.springframework.context.event.ApplicationListenerMethodAdapter.processEvent(ApplicationListenerMethodAdapter.java:237)
	at org.springframework.context.event.ApplicationListenerMethodAdapter.onApplicationEvent(ApplicationListenerMethodAdapter.java:168)
	at org.springframework.context.event.SimpleApplicationEventMulticaster.doInvokeListener(SimpleApplicationEventMulticaster.java:185)
	at org.springframework.context.event.SimpleApplicationEventMulticaster.invokeListener(SimpleApplicationEventMulticaster.java:178)
	at org.springframework.context.event.SimpleApplicationEventMulticaster.multicastEvent(SimpleApplicationEventMulticaster.java:156)
	at org.springframework.context.support.AbstractApplicationContext.publishEvent(AbstractApplicationContext.java:452)
	at org.springframework.context.support.AbstractApplicationContext.publishEvent(AbstractApplicationContext.java:385)
	at org.springframework.boot.context.event.EventPublishingRunListener.ready(EventPublishingRunListener.java:109)
	at org.springframework.boot.SpringApplicationRunListeners.lambda$ready$6(SpringApplicationRunListeners.java:80)
	at java.base/java.lang.Iterable.forEach(Iterable.java:75)
	at org.springframework.boot.SpringApplicationRunListeners.doWithListeners(SpringApplicationRunListeners.java:118)
	at org.springframework.boot.SpringApplicationRunListeners.doWithListeners(SpringApplicationRunListeners.java:112)
	at org.springframework.boot.SpringApplicationRunListeners.ready(SpringApplicationRunListeners.java:80)
	at org.springframework.boot.SpringApplication.run(SpringApplication.java:349)
	at org.springframework.boot.SpringApplication.run(SpringApplication.java:1363)
	at org.springframework.boot.SpringApplication.run(SpringApplication.java:1352)
	at com.example.physiokalendar.PhysiokalendarApplication.main(PhysiokalendarApplication.java:12)
	at java.base/jdk.internal.reflect.NativeMethodAccessorImpl.invoke0(Native Method)
	at java.base/jdk.internal.reflect.NativeMethodAccessorImpl.invoke(NativeMethodAccessorImpl.java:77)
	at java.base/jdk.internal.reflect.DelegatingMethodAccessorImpl.invoke(DelegatingMethodAccessorImpl.java:43)
	at java.base/java.lang.reflect.Method.invoke(Method.java:568)
	at org.springframework.boot.devtools.restart.RestartLauncher.run(RestartLauncher.java:50)
2026-02-18 02:58:11.712 [restartedMain] ERROR c.e.p.s.AppointmentSeriesGeneratorJob - Error generating appointments for series 4485: failed to lazily initialize a collection of role: com.example.physiokalendar.entity.AppointmentSeries.cancellations: could not initialize proxy - no Session
org.hibernate.LazyInitializationException: failed to lazily initialize a collection of role: com.example.physiokalendar.entity.AppointmentSeries.cancellations: could not initialize proxy - no Session
	at org.hibernate.collection.spi.AbstractPersistentCollection.throwLazyInitializationException(AbstractPersistentCollection.java:636)
	at org.hibernate.collection.spi.AbstractPersistentCollection.withTemporarySessionIfNeeded(AbstractPersistentCollection.java:219)
	at org.hibernate.collection.spi.AbstractPersistentCollection.initialize(AbstractPersistentCollection.java:615)
	at org.hibernate.collection.spi.AbstractPersistentCollection.read(AbstractPersistentCollection.java:138)
	at org.hibernate.collection.spi.PersistentBag.iterator(PersistentBag.java:369)
	at java.base/java.util.Spliterators$IteratorSpliterator.estimateSize(Spliterators.java:1865)
	at java.base/java.util.Spliterator.getExactSizeIfKnown(Spliterator.java:414)
	at java.base/java.util.stream.AbstractPipeline.copyInto(AbstractPipeline.java:508)
	at java.base/java.util.stream.AbstractPipeline.wrapAndCopyInto(AbstractPipeline.java:499)
	at java.base/java.util.stream.ReduceOps$ReduceOp.evaluateSequential(ReduceOps.java:921)
	at java.base/java.util.stream.AbstractPipeline.evaluate(AbstractPipeline.java:234)
	at java.base/java.util.stream.ReferencePipeline.collect(ReferencePipeline.java:682)
	at com.example.physiokalendar.service.AppointmentSeriesGeneratorJob.generateAppointmentsForSeries(AppointmentSeriesGeneratorJob.java:151)
	at com.example.physiokalendar.service.AppointmentSeriesGeneratorJob.generateMissingAppointments(AppointmentSeriesGeneratorJob.java:107)
	at com.example.physiokalendar.service.AppointmentSeriesGeneratorJob.onApplicationReady(AppointmentSeriesGeneratorJob.java:57)
	at java.base/jdk.internal.reflect.NativeMethodAccessorImpl.invoke0(Native Method)
	at java.base/jdk.internal.reflect.NativeMethodAccessorImpl.invoke(NativeMethodAccessorImpl.java:77)
	at java.base/jdk.internal.reflect.DelegatingMethodAccessorImpl.invoke(DelegatingMethodAccessorImpl.java:43)
	at java.base/java.lang.reflect.Method.invoke(Method.java:568)
	at org.springframework.context.event.ApplicationListenerMethodAdapter.doInvoke(ApplicationListenerMethodAdapter.java:365)
	at org.springframework.context.event.ApplicationListenerMethodAdapter.processEvent(ApplicationListenerMethodAdapter.java:237)
	at org.springframework.context.event.ApplicationListenerMethodAdapter.onApplicationEvent(ApplicationListenerMethodAdapter.java:168)
	at org.springframework.context.event.SimpleApplicationEventMulticaster.doInvokeListener(SimpleApplicationEventMulticaster.java:185)
	at org.springframework.context.event.SimpleApplicationEventMulticaster.invokeListener(SimpleApplicationEventMulticaster.java:178)
	at org.springframework.context.event.SimpleApplicationEventMulticaster.multicastEvent(SimpleApplicationEventMulticaster.java:156)
	at org.springframework.context.support.AbstractApplicationContext.publishEvent(AbstractApplicationContext.java:452)
	at org.springframework.context.support.AbstractApplicationContext.publishEvent(AbstractApplicationContext.java:385)
	at org.springframework.boot.context.event.EventPublishingRunListener.ready(EventPublishingRunListener.java:109)
	at org.springframework.boot.SpringApplicationRunListeners.lambda$ready$6(SpringApplicationRunListeners.java:80)
	at java.base/java.lang.Iterable.forEach(Iterable.java:75)
	at org.springframework.boot.SpringApplicationRunListeners.doWithListeners(SpringApplicationRunListeners.java:118)
	at org.springframework.boot.SpringApplicationRunListeners.doWithListeners(SpringApplicationRunListeners.java:112)
	at org.springframework.boot.SpringApplicationRunListeners.ready(SpringApplicationRunListeners.java:80)
	at org.springframework.boot.SpringApplication.run(SpringApplication.java:349)
	at org.springframework.boot.SpringApplication.run(SpringApplication.java:1363)
	at org.springframework.boot.SpringApplication.run(SpringApplication.java:1352)
	at com.example.physiokalendar.PhysiokalendarApplication.main(PhysiokalendarApplication.java:12)
	at java.base/jdk.internal.reflect.NativeMethodAccessorImpl.invoke0(Native Method)
	at java.base/jdk.internal.reflect.NativeMethodAccessorImpl.invoke(NativeMethodAccessorImpl.java:77)
	at java.base/jdk.internal.reflect.DelegatingMethodAccessorImpl.invoke(DelegatingMethodAccessorImpl.java:43)
	at java.base/java.lang.reflect.Method.invoke(Method.java:568)
	at org.springframework.boot.devtools.restart.RestartLauncher.run(RestartLauncher.java:50)
2026-02-18 02:58:11.715 [restartedMain] ERROR c.e.p.s.AppointmentSeriesGeneratorJob - Error generating appointments for series 4486: failed to lazily initialize a collection of role: com.example.physiokalendar.entity.AppointmentSeries.cancellations: could not initialize proxy - no Session
org.hibernate.LazyInitializationException: failed to lazily initialize a collection of role: com.example.physiokalendar.entity.AppointmentSeries.cancellations: could not initialize proxy - no Session
	at org.hibernate.collection.spi.AbstractPersistentCollection.throwLazyInitializationException(AbstractPersistentCollection.java:636)
	at org.hibernate.collection.spi.AbstractPersistentCollection.withTemporarySessionIfNeeded(AbstractPersistentCollection.java:219)
	at org.hibernate.collection.spi.AbstractPersistentCollection.initialize(AbstractPersistentCollection.java:615)
	at org.hibernate.collection.spi.AbstractPersistentCollection.read(AbstractPersistentCollection.java:138)
	at org.hibernate.collection.spi.PersistentBag.iterator(PersistentBag.java:369)
	at java.base/java.util.Spliterators$IteratorSpliterator.estimateSize(Spliterators.java:1865)
	at java.base/java.util.Spliterator.getExactSizeIfKnown(Spliterator.java:414)
	at java.base/java.util.stream.AbstractPipeline.copyInto(AbstractPipeline.java:508)
	at java.base/java.util.stream.AbstractPipeline.wrapAndCopyInto(AbstractPipeline.java:499)
	at java.base/java.util.stream.ReduceOps$ReduceOp.evaluateSequential(ReduceOps.java:921)
	at java.base/java.util.stream.AbstractPipeline.evaluate(AbstractPipeline.java:234)
	at java.base/java.util.stream.ReferencePipeline.collect(ReferencePipeline.java:682)
	at com.example.physiokalendar.service.AppointmentSeriesGeneratorJob.generateAppointmentsForSeries(AppointmentSeriesGeneratorJob.java:151)
	at com.example.physiokalendar.service.AppointmentSeriesGeneratorJob.generateMissingAppointments(AppointmentSeriesGeneratorJob.java:107)
	at com.example.physiokalendar.service.AppointmentSeriesGeneratorJob.onApplicationReady(AppointmentSeriesGeneratorJob.java:57)
	at java.base/jdk.internal.reflect.NativeMethodAccessorImpl.invoke0(Native Method)
	at java.base/jdk.internal.reflect.NativeMethodAccessorImpl.invoke(NativeMethodAccessorImpl.java:77)
	at java.base/jdk.internal.reflect.DelegatingMethodAccessorImpl.invoke(DelegatingMethodAccessorImpl.java:43)
	at java.base/java.lang.reflect.Method.invoke(Method.java:568)
	at org.springframework.context.event.ApplicationListenerMethodAdapter.doInvoke(ApplicationListenerMethodAdapter.java:365)
	at org.springframework.context.event.ApplicationListenerMethodAdapter.processEvent(ApplicationListenerMethodAdapter.java:237)
	at org.springframework.context.event.ApplicationListenerMethodAdapter.onApplicationEvent(ApplicationListenerMethodAdapter.java:168)
	at org.springframework.context.event.SimpleApplicationEventMulticaster.doInvokeListener(SimpleApplicationEventMulticaster.java:185)
	at org.springframework.context.event.SimpleApplicationEventMulticaster.invokeListener(SimpleApplicationEventMulticaster.java:178)
	at org.springframework.context.event.SimpleApplicationEventMulticaster.multicastEvent(SimpleApplicationEventMulticaster.java:156)
	at org.springframework.context.support.AbstractApplicationContext.publishEvent(AbstractApplicationContext.java:452)
	at org.springframework.context.support.AbstractApplicationContext.publishEvent(AbstractApplicationContext.java:385)
	at org.springframework.boot.context.event.EventPublishingRunListener.ready(EventPublishingRunListener.java:109)
	at org.springframework.boot.SpringApplicationRunListeners.lambda$ready$6(SpringApplicationRunListeners.java:80)
	at java.base/java.lang.Iterable.forEach(Iterable.java:75)
	at org.springframework.boot.SpringApplicationRunListeners.doWithListeners(SpringApplicationRunListeners.java:118)
	at org.springframework.boot.SpringApplicationRunListeners.doWithListeners(SpringApplicationRunListeners.java:112)
	at org.springframework.boot.SpringApplicationRunListeners.ready(SpringApplicationRunListeners.java:80)
	at org.springframework.boot.SpringApplication.run(SpringApplication.java:349)
	at org.springframework.boot.SpringApplication.run(SpringApplication.java:1363)
	at org.springframework.boot.SpringApplication.run(SpringApplication.java:1352)
	at com.example.physiokalendar.PhysiokalendarApplication.main(PhysiokalendarApplication.java:12)
	at java.base/jdk.internal.reflect.NativeMethodAccessorImpl.invoke0(Native Method)
	at java.base/jdk.internal.reflect.NativeMethodAccessorImpl.invoke(NativeMethodAccessorImpl.java:77)
	at java.base/jdk.internal.reflect.DelegatingMethodAccessorImpl.invoke(DelegatingMethodAccessorImpl.java:43)
	at java.base/java.lang.reflect.Method.invoke(Method.java:568)
	at org.springframework.boot.devtools.restart.RestartLauncher.run(RestartLauncher.java:50)
2026-02-18 02:58:11.718 [restartedMain] ERROR c.e.p.s.AppointmentSeriesGeneratorJob - Error generating appointments for series 4487: failed to lazily initialize a collection of role: com.example.physiokalendar.entity.AppointmentSeries.cancellations: could not initialize proxy - no Session
org.hibernate.LazyInitializationException: failed to lazily initialize a collection of role: com.example.physiokalendar.entity.AppointmentSeries.cancellations: could not initialize proxy - no Session
	at org.hibernate.collection.spi.AbstractPersistentCollection.throwLazyInitializationException(AbstractPersistentCollection.java:636)
	at org.hibernate.collection.spi.AbstractPersistentCollection.withTemporarySessionIfNeeded(AbstractPersistentCollection.java:219)
	at org.hibernate.collection.spi.AbstractPersistentCollection.initialize(AbstractPersistentCollection.java:615)
	at org.hibernate.collection.spi.AbstractPersistentCollection.read(AbstractPersistentCollection.java:138)
	at org.hibernate.collection.spi.PersistentBag.iterator(PersistentBag.java:369)
	at java.base/java.util.Spliterators$IteratorSpliterator.estimateSize(Spliterators.java:1865)
	at java.base/java.util.Spliterator.getExactSizeIfKnown(Spliterator.java:414)
	at java.base/java.util.stream.AbstractPipeline.copyInto(AbstractPipeline.java:508)
	at java.base/java.util.stream.AbstractPipeline.wrapAndCopyInto(AbstractPipeline.java:499)
	at java.base/java.util.stream.ReduceOps$ReduceOp.evaluateSequential(ReduceOps.java:921)
	at java.base/java.util.stream.AbstractPipeline.evaluate(AbstractPipeline.java:234)
	at java.base/java.util.stream.ReferencePipeline.collect(ReferencePipeline.java:682)
	at com.example.physiokalendar.service.AppointmentSeriesGeneratorJob.generateAppointmentsForSeries(AppointmentSeriesGeneratorJob.java:151)
	at com.example.physiokalendar.service.AppointmentSeriesGeneratorJob.generateMissingAppointments(AppointmentSeriesGeneratorJob.java:107)
	at com.example.physiokalendar.service.AppointmentSeriesGeneratorJob.onApplicationReady(AppointmentSeriesGeneratorJob.java:57)
	at java.base/jdk.internal.reflect.NativeMethodAccessorImpl.invoke0(Native Method)
	at java.base/jdk.internal.reflect.NativeMethodAccessorImpl.invoke(NativeMethodAccessorImpl.java:77)
	at java.base/jdk.internal.reflect.DelegatingMethodAccessorImpl.invoke(DelegatingMethodAccessorImpl.java:43)
	at java.base/java.lang.reflect.Method.invoke(Method.java:568)
	at org.springframework.context.event.ApplicationListenerMethodAdapter.doInvoke(ApplicationListenerMethodAdapter.java:365)
	at org.springframework.context.event.ApplicationListenerMethodAdapter.processEvent(ApplicationListenerMethodAdapter.java:237)
	at org.springframework.context.event.ApplicationListenerMethodAdapter.onApplicationEvent(ApplicationListenerMethodAdapter.java:168)
	at org.springframework.context.event.SimpleApplicationEventMulticaster.doInvokeListener(SimpleApplicationEventMulticaster.java:185)
	at org.springframework.context.event.SimpleApplicationEventMulticaster.invokeListener(SimpleApplicationEventMulticaster.java:178)
	at org.springframework.context.event.SimpleApplicationEventMulticaster.multicastEvent(SimpleApplicationEventMulticaster.java:156)
	at org.springframework.context.support.AbstractApplicationContext.publishEvent(AbstractApplicationContext.java:452)
	at org.springframework.context.support.AbstractApplicationContext.publishEvent(AbstractApplicationContext.java:385)
	at org.springframework.boot.context.event.EventPublishingRunListener.ready(EventPublishingRunListener.java:109)
	at org.springframework.boot.SpringApplicationRunListeners.lambda$ready$6(SpringApplicationRunListeners.java:80)
	at java.base/java.lang.Iterable.forEach(Iterable.java:75)
	at org.springframework.boot.SpringApplicationRunListeners.doWithListeners(SpringApplicationRunListeners.java:118)
	at org.springframework.boot.SpringApplicationRunListeners.doWithListeners(SpringApplicationRunListeners.java:112)
	at org.springframework.boot.SpringApplicationRunListeners.ready(SpringApplicationRunListeners.java:80)
	at org.springframework.boot.SpringApplication.run(SpringApplication.java:349)
	at org.springframework.boot.SpringApplication.run(SpringApplication.java:1363)
	at org.springframework.boot.SpringApplication.run(SpringApplication.java:1352)
	at com.example.physiokalendar.PhysiokalendarApplication.main(PhysiokalendarApplication.java:12)
	at java.base/jdk.internal.reflect.NativeMethodAccessorImpl.invoke0(Native Method)
	at java.base/jdk.internal.reflect.NativeMethodAccessorImpl.invoke(NativeMethodAccessorImpl.java:77)
	at java.base/jdk.internal.reflect.DelegatingMethodAccessorImpl.invoke(DelegatingMethodAccessorImpl.java:43)
	at java.base/java.lang.reflect.Method.invoke(Method.java:568)
	at org.springframework.boot.devtools.restart.RestartLauncher.run(RestartLauncher.java:50)
2026-02-18 02:58:11.723 [restartedMain] ERROR c.e.p.s.AppointmentSeriesGeneratorJob - Error generating appointments for series 4488: failed to lazily initialize a collection of role: com.example.physiokalendar.entity.AppointmentSeries.cancellations: could not initialize proxy - no Session
org.hibernate.LazyInitializationException: failed to lazily initialize a collection of role: com.example.physiokalendar.entity.AppointmentSeries.cancellations: could not initialize proxy - no Session
	at org.hibernate.collection.spi.AbstractPersistentCollection.throwLazyInitializationException(AbstractPersistentCollection.java:636)
	at org.hibernate.collection.spi.AbstractPersistentCollection.withTemporarySessionIfNeeded(AbstractPersistentCollection.java:219)
	at org.hibernate.collection.spi.AbstractPersistentCollection.initialize(AbstractPersistentCollection.java:615)
	at org.hibernate.collection.spi.AbstractPersistentCollection.read(AbstractPersistentCollection.java:138)
	at org.hibernate.collection.spi.PersistentBag.iterator(PersistentBag.java:369)
	at java.base/java.util.Spliterators$IteratorSpliterator.estimateSize(Spliterators.java:1865)
	at java.base/java.util.Spliterator.getExactSizeIfKnown(Spliterator.java:414)
	at java.base/java.util.stream.AbstractPipeline.copyInto(AbstractPipeline.java:508)
	at java.base/java.util.stream.AbstractPipeline.wrapAndCopyInto(AbstractPipeline.java:499)
	at java.base/java.util.stream.ReduceOps$ReduceOp.evaluateSequential(ReduceOps.java:921)
	at java.base/java.util.stream.AbstractPipeline.evaluate(AbstractPipeline.java:234)
	at java.base/java.util.stream.ReferencePipeline.collect(ReferencePipeline.java:682)
	at com.example.physiokalendar.service.AppointmentSeriesGeneratorJob.generateAppointmentsForSeries(AppointmentSeriesGeneratorJob.java:151)
	at com.example.physiokalendar.service.AppointmentSeriesGeneratorJob.generateMissingAppointments(AppointmentSeriesGeneratorJob.java:107)
	at com.example.physiokalendar.service.AppointmentSeriesGeneratorJob.onApplicationReady(AppointmentSeriesGeneratorJob.java:57)
	at java.base/jdk.internal.reflect.NativeMethodAccessorImpl.invoke0(Native Method)
	at java.base/jdk.internal.reflect.NativeMethodAccessorImpl.invoke(NativeMethodAccessorImpl.java:77)
	at java.base/jdk.internal.reflect.DelegatingMethodAccessorImpl.invoke(DelegatingMethodAccessorImpl.java:43)
	at java.base/java.lang.reflect.Method.invoke(Method.java:568)
	at org.springframework.context.event.ApplicationListenerMethodAdapter.doInvoke(ApplicationListenerMethodAdapter.java:365)
	at org.springframework.context.event.ApplicationListenerMethodAdapter.processEvent(ApplicationListenerMethodAdapter.java:237)
	at org.springframework.context.event.ApplicationListenerMethodAdapter.onApplicationEvent(ApplicationListenerMethodAdapter.java:168)
	at org.springframework.context.event.SimpleApplicationEventMulticaster.doInvokeListener(SimpleApplicationEventMulticaster.java:185)
	at org.springframework.context.event.SimpleApplicationEventMulticaster.invokeListener(SimpleApplicationEventMulticaster.java:178)
	at org.springframework.context.event.SimpleApplicationEventMulticaster.multicastEvent(SimpleApplicationEventMulticaster.java:156)
	at org.springframework.context.support.AbstractApplicationContext.publishEvent(AbstractApplicationContext.java:452)
	at org.springframework.context.support.AbstractApplicationContext.publishEvent(AbstractApplicationContext.java:385)
	at org.springframework.boot.context.event.EventPublishingRunListener.ready(EventPublishingRunListener.java:109)
	at org.springframework.boot.SpringApplicationRunListeners.lambda$ready$6(SpringApplicationRunListeners.java:80)
	at java.base/java.lang.Iterable.forEach(Iterable.java:75)
	at org.springframework.boot.SpringApplicationRunListeners.doWithListeners(SpringApplicationRunListeners.java:118)
	at org.springframework.boot.SpringApplicationRunListeners.doWithListeners(SpringApplicationRunListeners.java:112)
	at org.springframework.boot.SpringApplicationRunListeners.ready(SpringApplicationRunListeners.java:80)
	at org.springframework.boot.SpringApplication.run(SpringApplication.java:349)
	at org.springframework.boot.SpringApplication.run(SpringApplication.java:1363)
	at org.springframework.boot.SpringApplication.run(SpringApplication.java:1352)
	at com.example.physiokalendar.PhysiokalendarApplication.main(PhysiokalendarApplication.java:12)
	at java.base/jdk.internal.reflect.NativeMethodAccessorImpl.invoke0(Native Method)
	at java.base/jdk.internal.reflect.NativeMethodAccessorImpl.invoke(NativeMethodAccessorImpl.java:77)
	at java.base/jdk.internal.reflect.DelegatingMethodAccessorImpl.invoke(DelegatingMethodAccessorImpl.java:43)
	at java.base/java.lang.reflect.Method.invoke(Method.java:568)
	at org.springframework.boot.devtools.restart.RestartLauncher.run(RestartLauncher.java:50)
2026-02-18 02:58:11.726 [restartedMain] ERROR c.e.p.s.AppointmentSeriesGeneratorJob - Error generating appointments for series 4489: failed to lazily initialize a collection of role: com.example.physiokalendar.entity.AppointmentSeries.cancellations: could not initialize proxy - no Session
org.hibernate.LazyInitializationException: failed to lazily initialize a collection of role: com.example.physiokalendar.entity.AppointmentSeries.cancellations: could not initialize proxy - no Session
	at org.hibernate.collection.spi.AbstractPersistentCollection.throwLazyInitializationException(AbstractPersistentCollection.java:636)
	at org.hibernate.collection.spi.AbstractPersistentCollection.withTemporarySessionIfNeeded(AbstractPersistentCollection.java:219)
	at org.hibernate.collection.spi.AbstractPersistentCollection.initialize(AbstractPersistentCollection.java:615)
	at org.hibernate.collection.spi.AbstractPersistentCollection.read(AbstractPersistentCollection.java:138)
	at org.hibernate.collection.spi.PersistentBag.iterator(PersistentBag.java:369)
	at java.base/java.util.Spliterators$IteratorSpliterator.estimateSize(Spliterators.java:1865)
	at java.base/java.util.Spliterator.getExactSizeIfKnown(Spliterator.java:414)
	at java.base/java.util.stream.AbstractPipeline.copyInto(AbstractPipeline.java:508)
	at java.base/java.util.stream.AbstractPipeline.wrapAndCopyInto(AbstractPipeline.java:499)
	at java.base/java.util.stream.ReduceOps$ReduceOp.evaluateSequential(ReduceOps.java:921)
	at java.base/java.util.stream.AbstractPipeline.evaluate(AbstractPipeline.java:234)
	at java.base/java.util.stream.ReferencePipeline.collect(ReferencePipeline.java:682)
	at com.example.physiokalendar.service.AppointmentSeriesGeneratorJob.generateAppointmentsForSeries(AppointmentSeriesGeneratorJob.java:151)
	at com.example.physiokalendar.service.AppointmentSeriesGeneratorJob.generateMissingAppointments(AppointmentSeriesGeneratorJob.java:107)
	at com.example.physiokalendar.service.AppointmentSeriesGeneratorJob.onApplicationReady(AppointmentSeriesGeneratorJob.java:57)
	at java.base/jdk.internal.reflect.NativeMethodAccessorImpl.invoke0(Native Method)
	at java.base/jdk.internal.reflect.NativeMethodAccessorImpl.invoke(NativeMethodAccessorImpl.java:77)
	at java.base/jdk.internal.reflect.DelegatingMethodAccessorImpl.invoke(DelegatingMethodAccessorImpl.java:43)
	at java.base/java.lang.reflect.Method.invoke(Method.java:568)
	at org.springframework.context.event.ApplicationListenerMethodAdapter.doInvoke(ApplicationListenerMethodAdapter.java:365)
	at org.springframework.context.event.ApplicationListenerMethodAdapter.processEvent(ApplicationListenerMethodAdapter.java:237)
	at org.springframework.context.event.ApplicationListenerMethodAdapter.onApplicationEvent(ApplicationListenerMethodAdapter.java:168)
	at org.springframework.context.event.SimpleApplicationEventMulticaster.doInvokeListener(SimpleApplicationEventMulticaster.java:185)
	at org.springframework.context.event.SimpleApplicationEventMulticaster.invokeListener(SimpleApplicationEventMulticaster.java:178)
	at org.springframework.context.event.SimpleApplicationEventMulticaster.multicastEvent(SimpleApplicationEventMulticaster.java:156)
	at org.springframework.context.support.AbstractApplicationContext.publishEvent(AbstractApplicationContext.java:452)
	at org.springframework.context.support.AbstractApplicationContext.publishEvent(AbstractApplicationContext.java:385)
	at org.springframework.boot.context.event.EventPublishingRunListener.ready(EventPublishingRunListener.java:109)
	at org.springframework.boot.SpringApplicationRunListeners.lambda$ready$6(SpringApplicationRunListeners.java:80)
	at java.base/java.lang.Iterable.forEach(Iterable.java:75)
	at org.springframework.boot.SpringApplicationRunListeners.doWithListeners(SpringApplicationRunListeners.java:118)
	at org.springframework.boot.SpringApplicationRunListeners.doWithListeners(SpringApplicationRunListeners.java:112)
	at org.springframework.boot.SpringApplicationRunListeners.ready(SpringApplicationRunListeners.java:80)
	at org.springframework.boot.SpringApplication.run(SpringApplication.java:349)
	at org.springframework.boot.SpringApplication.run(SpringApplication.java:1363)
	at org.springframework.boot.SpringApplication.run(SpringApplication.java:1352)
	at com.example.physiokalendar.PhysiokalendarApplication.main(PhysiokalendarApplication.java:12)
	at java.base/jdk.internal.reflect.NativeMethodAccessorImpl.invoke0(Native Method)
	at java.base/jdk.internal.reflect.NativeMethodAccessorImpl.invoke(NativeMethodAccessorImpl.java:77)
	at java.base/jdk.internal.reflect.DelegatingMethodAccessorImpl.invoke(DelegatingMethodAccessorImpl.java:43)
	at java.base/java.lang.reflect.Method.invoke(Method.java:568)
	at org.springframework.boot.devtools.restart.RestartLauncher.run(RestartLauncher.java:50)
2026-02-18 02:58:11.730 [restartedMain] ERROR c.e.p.s.AppointmentSeriesGeneratorJob - Error generating appointments for series 4490: failed to lazily initialize a collection of role: com.example.physiokalendar.entity.AppointmentSeries.cancellations: could not initialize proxy - no Session
org.hibernate.LazyInitializationException: failed to lazily initialize a collection of role: com.example.physiokalendar.entity.AppointmentSeries.cancellations: could not initialize proxy - no Session
	at org.hibernate.collection.spi.AbstractPersistentCollection.throwLazyInitializationException(AbstractPersistentCollection.java:636)
	at org.hibernate.collection.spi.AbstractPersistentCollection.withTemporarySessionIfNeeded(AbstractPersistentCollection.java:219)
	at org.hibernate.collection.spi.AbstractPersistentCollection.initialize(AbstractPersistentCollection.java:615)
	at org.hibernate.collection.spi.AbstractPersistentCollection.read(AbstractPersistentCollection.java:138)
	at org.hibernate.collection.spi.PersistentBag.iterator(PersistentBag.java:369)
	at java.base/java.util.Spliterators$IteratorSpliterator.estimateSize(Spliterators.java:1865)
	at java.base/java.util.Spliterator.getExactSizeIfKnown(Spliterator.java:414)
	at java.base/java.util.stream.AbstractPipeline.copyInto(AbstractPipeline.java:508)
	at java.base/java.util.stream.AbstractPipeline.wrapAndCopyInto(AbstractPipeline.java:499)
	at java.base/java.util.stream.ReduceOps$ReduceOp.evaluateSequential(ReduceOps.java:921)
	at java.base/java.util.stream.AbstractPipeline.evaluate(AbstractPipeline.java:234)
	at java.base/java.util.stream.ReferencePipeline.collect(ReferencePipeline.java:682)
	at com.example.physiokalendar.service.AppointmentSeriesGeneratorJob.generateAppointmentsForSeries(AppointmentSeriesGeneratorJob.java:151)
	at com.example.physiokalendar.service.AppointmentSeriesGeneratorJob.generateMissingAppointments(AppointmentSeriesGeneratorJob.java:107)
	at com.example.physiokalendar.service.AppointmentSeriesGeneratorJob.onApplicationReady(AppointmentSeriesGeneratorJob.java:57)
	at java.base/jdk.internal.reflect.NativeMethodAccessorImpl.invoke0(Native Method)
	at java.base/jdk.internal.reflect.NativeMethodAccessorImpl.invoke(NativeMethodAccessorImpl.java:77)
	at java.base/jdk.internal.reflect.DelegatingMethodAccessorImpl.invoke(DelegatingMethodAccessorImpl.java:43)
	at java.base/java.lang.reflect.Method.invoke(Method.java:568)
	at org.springframework.context.event.ApplicationListenerMethodAdapter.doInvoke(ApplicationListenerMethodAdapter.java:365)
	at org.springframework.context.event.ApplicationListenerMethodAdapter.processEvent(ApplicationListenerMethodAdapter.java:237)
	at org.springframework.context.event.ApplicationListenerMethodAdapter.onApplicationEvent(ApplicationListenerMethodAdapter.java:168)
	at org.springframework.context.event.SimpleApplicationEventMulticaster.doInvokeListener(SimpleApplicationEventMulticaster.java:185)
	at org.springframework.context.event.SimpleApplicationEventMulticaster.invokeListener(SimpleApplicationEventMulticaster.java:178)
	at org.springframework.context.event.SimpleApplicationEventMulticaster.multicastEvent(SimpleApplicationEventMulticaster.java:156)
	at org.springframework.context.support.AbstractApplicationContext.publishEvent(AbstractApplicationContext.java:452)
	at org.springframework.context.support.AbstractApplicationContext.publishEvent(AbstractApplicationContext.java:385)
	at org.springframework.boot.context.event.EventPublishingRunListener.ready(EventPublishingRunListener.java:109)
	at org.springframework.boot.SpringApplicationRunListeners.lambda$ready$6(SpringApplicationRunListeners.java:80)
	at java.base/java.lang.Iterable.forEach(Iterable.java:75)
	at org.springframework.boot.SpringApplicationRunListeners.doWithListeners(SpringApplicationRunListeners.java:118)
	at org.springframework.boot.SpringApplicationRunListeners.doWithListeners(SpringApplicationRunListeners.java:112)
	at org.springframework.boot.SpringApplicationRunListeners.ready(SpringApplicationRunListeners.java:80)
	at org.springframework.boot.SpringApplication.run(SpringApplication.java:349)
	at org.springframework.boot.SpringApplication.run(SpringApplication.java:1363)
	at org.springframework.boot.SpringApplication.run(SpringApplication.java:1352)
	at com.example.physiokalendar.PhysiokalendarApplication.main(PhysiokalendarApplication.java:12)
	at java.base/jdk.internal.reflect.NativeMethodAccessorImpl.invoke0(Native Method)
	at java.base/jdk.internal.reflect.NativeMethodAccessorImpl.invoke(NativeMethodAccessorImpl.java:77)
	at java.base/jdk.internal.reflect.DelegatingMethodAccessorImpl.invoke(DelegatingMethodAccessorImpl.java:43)
	at java.base/java.lang.reflect.Method.invoke(Method.java:568)
	at org.springframework.boot.devtools.restart.RestartLauncher.run(RestartLauncher.java:50)
2026-02-18 02:58:11.733 [restartedMain] ERROR c.e.p.s.AppointmentSeriesGeneratorJob - Error generating appointments for series 4491: failed to lazily initialize a collection of role: com.example.physiokalendar.entity.AppointmentSeries.cancellations: could not initialize proxy - no Session
org.hibernate.LazyInitializationException: failed to lazily initialize a collection of role: com.example.physiokalendar.entity.AppointmentSeries.cancellations: could not initialize proxy - no Session
	at org.hibernate.collection.spi.AbstractPersistentCollection.throwLazyInitializationException(AbstractPersistentCollection.java:636)
	at org.hibernate.collection.spi.AbstractPersistentCollection.withTemporarySessionIfNeeded(AbstractPersistentCollection.java:219)
	at org.hibernate.collection.spi.AbstractPersistentCollection.initialize(AbstractPersistentCollection.java:615)
	at org.hibernate.collection.spi.AbstractPersistentCollection.read(AbstractPersistentCollection.java:138)
	at org.hibernate.collection.spi.PersistentBag.iterator(PersistentBag.java:369)
	at java.base/java.util.Spliterators$IteratorSpliterator.estimateSize(Spliterators.java:1865)
	at java.base/java.util.Spliterator.getExactSizeIfKnown(Spliterator.java:414)
	at java.base/java.util.stream.AbstractPipeline.copyInto(AbstractPipeline.java:508)
	at java.base/java.util.stream.AbstractPipeline.wrapAndCopyInto(AbstractPipeline.java:499)
	at java.base/java.util.stream.ReduceOps$ReduceOp.evaluateSequential(ReduceOps.java:921)
	at java.base/java.util.stream.AbstractPipeline.evaluate(AbstractPipeline.java:234)
	at java.base/java.util.stream.ReferencePipeline.collect(ReferencePipeline.java:682)
	at com.example.physiokalendar.service.AppointmentSeriesGeneratorJob.generateAppointmentsForSeries(AppointmentSeriesGeneratorJob.java:151)
	at com.example.physiokalendar.service.AppointmentSeriesGeneratorJob.generateMissingAppointments(AppointmentSeriesGeneratorJob.java:107)
	at com.example.physiokalendar.service.AppointmentSeriesGeneratorJob.onApplicationReady(AppointmentSeriesGeneratorJob.java:57)
	at java.base/jdk.internal.reflect.NativeMethodAccessorImpl.invoke0(Native Method)
	at java.base/jdk.internal.reflect.NativeMethodAccessorImpl.invoke(NativeMethodAccessorImpl.java:77)
	at java.base/jdk.internal.reflect.DelegatingMethodAccessorImpl.invoke(DelegatingMethodAccessorImpl.java:43)
	at java.base/java.lang.reflect.Method.invoke(Method.java:568)
	at org.springframework.context.event.ApplicationListenerMethodAdapter.doInvoke(ApplicationListenerMethodAdapter.java:365)
	at org.springframework.context.event.ApplicationListenerMethodAdapter.processEvent(ApplicationListenerMethodAdapter.java:237)
	at org.springframework.context.event.ApplicationListenerMethodAdapter.onApplicationEvent(ApplicationListenerMethodAdapter.java:168)
	at org.springframework.context.event.SimpleApplicationEventMulticaster.doInvokeListener(SimpleApplicationEventMulticaster.java:185)
	at org.springframework.context.event.SimpleApplicationEventMulticaster.invokeListener(SimpleApplicationEventMulticaster.java:178)
	at org.springframework.context.event.SimpleApplicationEventMulticaster.multicastEvent(SimpleApplicationEventMulticaster.java:156)
	at org.springframework.context.support.AbstractApplicationContext.publishEvent(AbstractApplicationContext.java:452)
	at org.springframework.context.support.AbstractApplicationContext.publishEvent(AbstractApplicationContext.java:385)
	at org.springframework.boot.context.event.EventPublishingRunListener.ready(EventPublishingRunListener.java:109)
	at org.springframework.boot.SpringApplicationRunListeners.lambda$ready$6(SpringApplicationRunListeners.java:80)
	at java.base/java.lang.Iterable.forEach(Iterable.java:75)
	at org.springframework.boot.SpringApplicationRunListeners.doWithListeners(SpringApplicationRunListeners.java:118)
	at org.springframework.boot.SpringApplicationRunListeners.doWithListeners(SpringApplicationRunListeners.java:112)
	at org.springframework.boot.SpringApplicationRunListeners.ready(SpringApplicationRunListeners.java:80)
	at org.springframework.boot.SpringApplication.run(SpringApplication.java:349)
	at org.springframework.boot.SpringApplication.run(SpringApplication.java:1363)
	at org.springframework.boot.SpringApplication.run(SpringApplication.java:1352)
	at com.example.physiokalendar.PhysiokalendarApplication.main(PhysiokalendarApplication.java:12)
	at java.base/jdk.internal.reflect.NativeMethodAccessorImpl.invoke0(Native Method)
	at java.base/jdk.internal.reflect.NativeMethodAccessorImpl.invoke(NativeMethodAccessorImpl.java:77)
	at java.base/jdk.internal.reflect.DelegatingMethodAccessorImpl.invoke(DelegatingMethodAccessorImpl.java:43)
	at java.base/java.lang.reflect.Method.invoke(Method.java:568)
	at org.springframework.boot.devtools.restart.RestartLauncher.run(RestartLauncher.java:50)
2026-02-18 02:58:11.736 [restartedMain] ERROR c.e.p.s.AppointmentSeriesGeneratorJob - Error generating appointments for series 4492: failed to lazily initialize a collection of role: com.example.physiokalendar.entity.AppointmentSeries.cancellations: could not initialize proxy - no Session
org.hibernate.LazyInitializationException: failed to lazily initialize a collection of role: com.example.physiokalendar.entity.AppointmentSeries.cancellations: could not initialize proxy - no Session
	at org.hibernate.collection.spi.AbstractPersistentCollection.throwLazyInitializationException(AbstractPersistentCollection.java:636)
	at org.hibernate.collection.spi.AbstractPersistentCollection.withTemporarySessionIfNeeded(AbstractPersistentCollection.java:219)
	at org.hibernate.collection.spi.AbstractPersistentCollection.initialize(AbstractPersistentCollection.java:615)
	at org.hibernate.collection.spi.AbstractPersistentCollection.read(AbstractPersistentCollection.java:138)
	at org.hibernate.collection.spi.PersistentBag.iterator(PersistentBag.java:369)
	at java.base/java.util.Spliterators$IteratorSpliterator.estimateSize(Spliterators.java:1865)
	at java.base/java.util.Spliterator.getExactSizeIfKnown(Spliterator.java:414)
	at java.base/java.util.stream.AbstractPipeline.copyInto(AbstractPipeline.java:508)
	at java.base/java.util.stream.AbstractPipeline.wrapAndCopyInto(AbstractPipeline.java:499)
	at java.base/java.util.stream.ReduceOps$ReduceOp.evaluateSequential(ReduceOps.java:921)
	at java.base/java.util.stream.AbstractPipeline.evaluate(AbstractPipeline.java:234)
	at java.base/java.util.stream.ReferencePipeline.collect(ReferencePipeline.java:682)
	at com.example.physiokalendar.service.AppointmentSeriesGeneratorJob.generateAppointmentsForSeries(AppointmentSeriesGeneratorJob.java:151)
	at com.example.physiokalendar.service.AppointmentSeriesGeneratorJob.generateMissingAppointments(AppointmentSeriesGeneratorJob.java:107)
	at com.example.physiokalendar.service.AppointmentSeriesGeneratorJob.onApplicationReady(AppointmentSeriesGeneratorJob.java:57)
	at java.base/jdk.internal.reflect.NativeMethodAccessorImpl.invoke0(Native Method)
	at java.base/jdk.internal.reflect.NativeMethodAccessorImpl.invoke(NativeMethodAccessorImpl.java:77)
	at java.base/jdk.internal.reflect.DelegatingMethodAccessorImpl.invoke(DelegatingMethodAccessorImpl.java:43)
	at java.base/java.lang.reflect.Method.invoke(Method.java:568)
	at org.springframework.context.event.ApplicationListenerMethodAdapter.doInvoke(ApplicationListenerMethodAdapter.java:365)
	at org.springframework.context.event.ApplicationListenerMethodAdapter.processEvent(ApplicationListenerMethodAdapter.java:237)
	at org.springframework.context.event.ApplicationListenerMethodAdapter.onApplicationEvent(ApplicationListenerMethodAdapter.java:168)
	at org.springframework.context.event.SimpleApplicationEventMulticaster.doInvokeListener(SimpleApplicationEventMulticaster.java:185)
	at org.springframework.context.event.SimpleApplicationEventMulticaster.invokeListener(SimpleApplicationEventMulticaster.java:178)
	at org.springframework.context.event.SimpleApplicationEventMulticaster.multicastEvent(SimpleApplicationEventMulticaster.java:156)
	at org.springframework.context.support.AbstractApplicationContext.publishEvent(AbstractApplicationContext.java:452)
	at org.springframework.context.support.AbstractApplicationContext.publishEvent(AbstractApplicationContext.java:385)
	at org.springframework.boot.context.event.EventPublishingRunListener.ready(EventPublishingRunListener.java:109)
	at org.springframework.boot.SpringApplicationRunListeners.lambda$ready$6(SpringApplicationRunListeners.java:80)
	at java.base/java.lang.Iterable.forEach(Iterable.java:75)
	at org.springframework.boot.SpringApplicationRunListeners.doWithListeners(SpringApplicationRunListeners.java:118)
	at org.springframework.boot.SpringApplicationRunListeners.doWithListeners(SpringApplicationRunListeners.java:112)
	at org.springframework.boot.SpringApplicationRunListeners.ready(SpringApplicationRunListeners.java:80)
	at org.springframework.boot.SpringApplication.run(SpringApplication.java:349)
	at org.springframework.boot.SpringApplication.run(SpringApplication.java:1363)
	at org.springframework.boot.SpringApplication.run(SpringApplication.java:1352)
	at com.example.physiokalendar.PhysiokalendarApplication.main(PhysiokalendarApplication.java:12)
	at java.base/jdk.internal.reflect.NativeMethodAccessorImpl.invoke0(Native Method)
	at java.base/jdk.internal.reflect.NativeMethodAccessorImpl.invoke(NativeMethodAccessorImpl.java:77)
	at java.base/jdk.internal.reflect.DelegatingMethodAccessorImpl.invoke(DelegatingMethodAccessorImpl.java:43)
	at java.base/java.lang.reflect.Method.invoke(Method.java:568)
	at org.springframework.boot.devtools.restart.RestartLauncher.run(RestartLauncher.java:50)
2026-02-18 02:58:11.738 [restartedMain] ERROR c.e.p.s.AppointmentSeriesGeneratorJob - Error generating appointments for series 4493: failed to lazily initialize a collection of role: com.example.physiokalendar.entity.AppointmentSeries.cancellations: could not initialize proxy - no Session
org.hibernate.LazyInitializationException: failed to lazily initialize a collection of role: com.example.physiokalendar.entity.AppointmentSeries.cancellations: could not initialize proxy - no Session
	at org.hibernate.collection.spi.AbstractPersistentCollection.throwLazyInitializationException(AbstractPersistentCollection.java:636)
	at org.hibernate.collection.spi.AbstractPersistentCollection.withTemporarySessionIfNeeded(AbstractPersistentCollection.java:219)
	at org.hibernate.collection.spi.AbstractPersistentCollection.initialize(AbstractPersistentCollection.java:615)
	at org.hibernate.collection.spi.AbstractPersistentCollection.read(AbstractPersistentCollection.java:138)
	at org.hibernate.collection.spi.PersistentBag.iterator(PersistentBag.java:369)
	at java.base/java.util.Spliterators$IteratorSpliterator.estimateSize(Spliterators.java:1865)
	at java.base/java.util.Spliterator.getExactSizeIfKnown(Spliterator.java:414)
	at java.base/java.util.stream.AbstractPipeline.copyInto(AbstractPipeline.java:508)
	at java.base/java.util.stream.AbstractPipeline.wrapAndCopyInto(AbstractPipeline.java:499)
	at java.base/java.util.stream.ReduceOps$ReduceOp.evaluateSequential(ReduceOps.java:921)
	at java.base/java.util.stream.AbstractPipeline.evaluate(AbstractPipeline.java:234)
	at java.base/java.util.stream.ReferencePipeline.collect(ReferencePipeline.java:682)
	at com.example.physiokalendar.service.AppointmentSeriesGeneratorJob.generateAppointmentsForSeries(AppointmentSeriesGeneratorJob.java:151)
	at com.example.physiokalendar.service.AppointmentSeriesGeneratorJob.generateMissingAppointments(AppointmentSeriesGeneratorJob.java:107)
	at com.example.physiokalendar.service.AppointmentSeriesGeneratorJob.onApplicationReady(AppointmentSeriesGeneratorJob.java:57)
	at java.base/jdk.internal.reflect.NativeMethodAccessorImpl.invoke0(Native Method)
	at java.base/jdk.internal.reflect.NativeMethodAccessorImpl.invoke(NativeMethodAccessorImpl.java:77)
	at java.base/jdk.internal.reflect.DelegatingMethodAccessorImpl.invoke(DelegatingMethodAccessorImpl.java:43)
	at java.base/java.lang.reflect.Method.invoke(Method.java:568)
	at org.springframework.context.event.ApplicationListenerMethodAdapter.doInvoke(ApplicationListenerMethodAdapter.java:365)
	at org.springframework.context.event.ApplicationListenerMethodAdapter.processEvent(ApplicationListenerMethodAdapter.java:237)
	at org.springframework.context.event.ApplicationListenerMethodAdapter.onApplicationEvent(ApplicationListenerMethodAdapter.java:168)
	at org.springframework.context.event.SimpleApplicationEventMulticaster.doInvokeListener(SimpleApplicationEventMulticaster.java:185)
	at org.springframework.context.event.SimpleApplicationEventMulticaster.invokeListener(SimpleApplicationEventMulticaster.java:178)
	at org.springframework.context.event.SimpleApplicationEventMulticaster.multicastEvent(SimpleApplicationEventMulticaster.java:156)
	at org.springframework.context.support.AbstractApplicationContext.publishEvent(AbstractApplicationContext.java:452)
	at org.springframework.context.support.AbstractApplicationContext.publishEvent(AbstractApplicationContext.java:385)
	at org.springframework.boot.context.event.EventPublishingRunListener.ready(EventPublishingRunListener.java:109)
	at org.springframework.boot.SpringApplicationRunListeners.lambda$ready$6(SpringApplicationRunListeners.java:80)
	at java.base/java.lang.Iterable.forEach(Iterable.java:75)
	at org.springframework.boot.SpringApplicationRunListeners.doWithListeners(SpringApplicationRunListeners.java:118)
	at org.springframework.boot.SpringApplicationRunListeners.doWithListeners(SpringApplicationRunListeners.java:112)
	at org.springframework.boot.SpringApplicationRunListeners.ready(SpringApplicationRunListeners.java:80)
	at org.springframework.boot.SpringApplication.run(SpringApplication.java:349)
	at org.springframework.boot.SpringApplication.run(SpringApplication.java:1363)
	at org.springframework.boot.SpringApplication.run(SpringApplication.java:1352)
	at com.example.physiokalendar.PhysiokalendarApplication.main(PhysiokalendarApplication.java:12)
	at java.base/jdk.internal.reflect.NativeMethodAccessorImpl.invoke0(Native Method)
	at java.base/jdk.internal.reflect.NativeMethodAccessorImpl.invoke(NativeMethodAccessorImpl.java:77)
	at java.base/jdk.internal.reflect.DelegatingMethodAccessorImpl.invoke(DelegatingMethodAccessorImpl.java:43)
	at java.base/java.lang.reflect.Method.invoke(Method.java:568)
	at org.springframework.boot.devtools.restart.RestartLauncher.run(RestartLauncher.java:50)
2026-02-18 02:58:11.741 [restartedMain] ERROR c.e.p.s.AppointmentSeriesGeneratorJob - Error generating appointments for series 4494: failed to lazily initialize a collection of role: com.example.physiokalendar.entity.AppointmentSeries.cancellations: could not initialize proxy - no Session
org.hibernate.LazyInitializationException: failed to lazily initialize a collection of role: com.example.physiokalendar.entity.AppointmentSeries.cancellations: could not initialize proxy - no Session
	at org.hibernate.collection.spi.AbstractPersistentCollection.throwLazyInitializationException(AbstractPersistentCollection.java:636)
	at org.hibernate.collection.spi.AbstractPersistentCollection.withTemporarySessionIfNeeded(AbstractPersistentCollection.java:219)
	at org.hibernate.collection.spi.AbstractPersistentCollection.initialize(AbstractPersistentCollection.java:615)
	at org.hibernate.collection.spi.AbstractPersistentCollection.read(AbstractPersistentCollection.java:138)
	at org.hibernate.collection.spi.PersistentBag.iterator(PersistentBag.java:369)
	at java.base/java.util.Spliterators$IteratorSpliterator.estimateSize(Spliterators.java:1865)
	at java.base/java.util.Spliterator.getExactSizeIfKnown(Spliterator.java:414)
	at java.base/java.util.stream.AbstractPipeline.copyInto(AbstractPipeline.java:508)
	at java.base/java.util.stream.AbstractPipeline.wrapAndCopyInto(AbstractPipeline.java:499)
	at java.base/java.util.stream.ReduceOps$ReduceOp.evaluateSequential(ReduceOps.java:921)
	at java.base/java.util.stream.AbstractPipeline.evaluate(AbstractPipeline.java:234)
	at java.base/java.util.stream.ReferencePipeline.collect(ReferencePipeline.java:682)
	at com.example.physiokalendar.service.AppointmentSeriesGeneratorJob.generateAppointmentsForSeries(AppointmentSeriesGeneratorJob.java:151)
	at com.example.physiokalendar.service.AppointmentSeriesGeneratorJob.generateMissingAppointments(AppointmentSeriesGeneratorJob.java:107)
	at com.example.physiokalendar.service.AppointmentSeriesGeneratorJob.onApplicationReady(AppointmentSeriesGeneratorJob.java:57)
	at java.base/jdk.internal.reflect.NativeMethodAccessorImpl.invoke0(Native Method)
	at java.base/jdk.internal.reflect.NativeMethodAccessorImpl.invoke(NativeMethodAccessorImpl.java:77)
	at java.base/jdk.internal.reflect.DelegatingMethodAccessorImpl.invoke(DelegatingMethodAccessorImpl.java:43)
	at java.base/java.lang.reflect.Method.invoke(Method.java:568)
	at org.springframework.context.event.ApplicationListenerMethodAdapter.doInvoke(ApplicationListenerMethodAdapter.java:365)
	at org.springframework.context.event.ApplicationListenerMethodAdapter.processEvent(ApplicationListenerMethodAdapter.java:237)
	at org.springframework.context.event.ApplicationListenerMethodAdapter.onApplicationEvent(ApplicationListenerMethodAdapter.java:168)
	at org.springframework.context.event.SimpleApplicationEventMulticaster.doInvokeListener(SimpleApplicationEventMulticaster.java:185)
	at org.springframework.context.event.SimpleApplicationEventMulticaster.invokeListener(SimpleApplicationEventMulticaster.java:178)
	at org.springframework.context.event.SimpleApplicationEventMulticaster.multicastEvent(SimpleApplicationEventMulticaster.java:156)
	at org.springframework.context.support.AbstractApplicationContext.publishEvent(AbstractApplicationContext.java:452)
	at org.springframework.context.support.AbstractApplicationContext.publishEvent(AbstractApplicationContext.java:385)
	at org.springframework.boot.context.event.EventPublishingRunListener.ready(EventPublishingRunListener.java:109)
	at org.springframework.boot.SpringApplicationRunListeners.lambda$ready$6(SpringApplicationRunListeners.java:80)
	at java.base/java.lang.Iterable.forEach(Iterable.java:75)
	at org.springframework.boot.SpringApplicationRunListeners.doWithListeners(SpringApplicationRunListeners.java:118)
	at org.springframework.boot.SpringApplicationRunListeners.doWithListeners(SpringApplicationRunListeners.java:112)
	at org.springframework.boot.SpringApplicationRunListeners.ready(SpringApplicationRunListeners.java:80)
	at org.springframework.boot.SpringApplication.run(SpringApplication.java:349)
	at org.springframework.boot.SpringApplication.run(SpringApplication.java:1363)
	at org.springframework.boot.SpringApplication.run(SpringApplication.java:1352)
	at com.example.physiokalendar.PhysiokalendarApplication.main(PhysiokalendarApplication.java:12)
	at java.base/jdk.internal.reflect.NativeMethodAccessorImpl.invoke0(Native Method)
	at java.base/jdk.internal.reflect.NativeMethodAccessorImpl.invoke(NativeMethodAccessorImpl.java:77)
	at java.base/jdk.internal.reflect.DelegatingMethodAccessorImpl.invoke(DelegatingMethodAccessorImpl.java:43)
	at java.base/java.lang.reflect.Method.invoke(Method.java:568)
	at org.springframework.boot.devtools.restart.RestartLauncher.run(RestartLauncher.java:50)
2026-02-18 02:58:11.744 [restartedMain] ERROR c.e.p.s.AppointmentSeriesGeneratorJob - Error generating appointments for series 4495: failed to lazily initialize a collection of role: com.example.physiokalendar.entity.AppointmentSeries.cancellations: could not initialize proxy - no Session
org.hibernate.LazyInitializationException: failed to lazily initialize a collection of role: com.example.physiokalendar.entity.AppointmentSeries.cancellations: could not initialize proxy - no Session
	at org.hibernate.collection.spi.AbstractPersistentCollection.throwLazyInitializationException(AbstractPersistentCollection.java:636)
	at org.hibernate.collection.spi.AbstractPersistentCollection.withTemporarySessionIfNeeded(AbstractPersistentCollection.java:219)
	at org.hibernate.collection.spi.AbstractPersistentCollection.initialize(AbstractPersistentCollection.java:615)
	at org.hibernate.collection.spi.AbstractPersistentCollection.read(AbstractPersistentCollection.java:138)
	at org.hibernate.collection.spi.PersistentBag.iterator(PersistentBag.java:369)
	at java.base/java.util.Spliterators$IteratorSpliterator.estimateSize(Spliterators.java:1865)
	at java.base/java.util.Spliterator.getExactSizeIfKnown(Spliterator.java:414)
	at java.base/java.util.stream.AbstractPipeline.copyInto(AbstractPipeline.java:508)
	at java.base/java.util.stream.AbstractPipeline.wrapAndCopyInto(AbstractPipeline.java:499)
	at java.base/java.util.stream.ReduceOps$ReduceOp.evaluateSequential(ReduceOps.java:921)
	at java.base/java.util.stream.AbstractPipeline.evaluate(AbstractPipeline.java:234)
	at java.base/java.util.stream.ReferencePipeline.collect(ReferencePipeline.java:682)
	at com.example.physiokalendar.service.AppointmentSeriesGeneratorJob.generateAppointmentsForSeries(AppointmentSeriesGeneratorJob.java:151)
	at com.example.physiokalendar.service.AppointmentSeriesGeneratorJob.generateMissingAppointments(AppointmentSeriesGeneratorJob.java:107)
	at com.example.physiokalendar.service.AppointmentSeriesGeneratorJob.onApplicationReady(AppointmentSeriesGeneratorJob.java:57)
	at java.base/jdk.internal.reflect.NativeMethodAccessorImpl.invoke0(Native Method)
	at java.base/jdk.internal.reflect.NativeMethodAccessorImpl.invoke(NativeMethodAccessorImpl.java:77)
	at java.base/jdk.internal.reflect.DelegatingMethodAccessorImpl.invoke(DelegatingMethodAccessorImpl.java:43)
	at java.base/java.lang.reflect.Method.invoke(Method.java:568)
	at org.springframework.context.event.ApplicationListenerMethodAdapter.doInvoke(ApplicationListenerMethodAdapter.java:365)
	at org.springframework.context.event.ApplicationListenerMethodAdapter.processEvent(ApplicationListenerMethodAdapter.java:237)
	at org.springframework.context.event.ApplicationListenerMethodAdapter.onApplicationEvent(ApplicationListenerMethodAdapter.java:168)
	at org.springframework.context.event.SimpleApplicationEventMulticaster.doInvokeListener(SimpleApplicationEventMulticaster.java:185)
	at org.springframework.context.event.SimpleApplicationEventMulticaster.invokeListener(SimpleApplicationEventMulticaster.java:178)
	at org.springframework.context.event.SimpleApplicationEventMulticaster.multicastEvent(SimpleApplicationEventMulticaster.java:156)
	at org.springframework.context.support.AbstractApplicationContext.publishEvent(AbstractApplicationContext.java:452)
	at org.springframework.context.support.AbstractApplicationContext.publishEvent(AbstractApplicationContext.java:385)
	at org.springframework.boot.context.event.EventPublishingRunListener.ready(EventPublishingRunListener.java:109)
	at org.springframework.boot.SpringApplicationRunListeners.lambda$ready$6(SpringApplicationRunListeners.java:80)
	at java.base/java.lang.Iterable.forEach(Iterable.java:75)
	at org.springframework.boot.SpringApplicationRunListeners.doWithListeners(SpringApplicationRunListeners.java:118)
	at org.springframework.boot.SpringApplicationRunListeners.doWithListeners(SpringApplicationRunListeners.java:112)
	at org.springframework.boot.SpringApplicationRunListeners.ready(SpringApplicationRunListeners.java:80)
	at org.springframework.boot.SpringApplication.run(SpringApplication.java:349)
	at org.springframework.boot.SpringApplication.run(SpringApplication.java:1363)
	at org.springframework.boot.SpringApplication.run(SpringApplication.java:1352)
	at com.example.physiokalendar.PhysiokalendarApplication.main(PhysiokalendarApplication.java:12)
	at java.base/jdk.internal.reflect.NativeMethodAccessorImpl.invoke0(Native Method)
	at java.base/jdk.internal.reflect.NativeMethodAccessorImpl.invoke(NativeMethodAccessorImpl.java:77)
	at java.base/jdk.internal.reflect.DelegatingMethodAccessorImpl.invoke(DelegatingMethodAccessorImpl.java:43)
	at java.base/java.lang.reflect.Method.invoke(Method.java:568)
	at org.springframework.boot.devtools.restart.RestartLauncher.run(RestartLauncher.java:50)
2026-02-18 02:58:11.747 [restartedMain] ERROR c.e.p.s.AppointmentSeriesGeneratorJob - Error generating appointments for series 4496: failed to lazily initialize a collection of role: com.example.physiokalendar.entity.AppointmentSeries.cancellations: could not initialize proxy - no Session
org.hibernate.LazyInitializationException: failed to lazily initialize a collection of role: com.example.physiokalendar.entity.AppointmentSeries.cancellations: could not initialize proxy - no Session
	at org.hibernate.collection.spi.AbstractPersistentCollection.throwLazyInitializationException(AbstractPersistentCollection.java:636)
	at org.hibernate.collection.spi.AbstractPersistentCollection.withTemporarySessionIfNeeded(AbstractPersistentCollection.java:219)
	at org.hibernate.collection.spi.AbstractPersistentCollection.initialize(AbstractPersistentCollection.java:615)
	at org.hibernate.collection.spi.AbstractPersistentCollection.read(AbstractPersistentCollection.java:138)
	at org.hibernate.collection.spi.PersistentBag.iterator(PersistentBag.java:369)
	at java.base/java.util.Spliterators$IteratorSpliterator.estimateSize(Spliterators.java:1865)
	at java.base/java.util.Spliterator.getExactSizeIfKnown(Spliterator.java:414)
	at java.base/java.util.stream.AbstractPipeline.copyInto(AbstractPipeline.java:508)
	at java.base/java.util.stream.AbstractPipeline.wrapAndCopyInto(AbstractPipeline.java:499)
	at java.base/java.util.stream.ReduceOps$ReduceOp.evaluateSequential(ReduceOps.java:921)
	at java.base/java.util.stream.AbstractPipeline.evaluate(AbstractPipeline.java:234)
	at java.base/java.util.stream.ReferencePipeline.collect(ReferencePipeline.java:682)
	at com.example.physiokalendar.service.AppointmentSeriesGeneratorJob.generateAppointmentsForSeries(AppointmentSeriesGeneratorJob.java:151)
	at com.example.physiokalendar.service.AppointmentSeriesGeneratorJob.generateMissingAppointments(AppointmentSeriesGeneratorJob.java:107)
	at com.example.physiokalendar.service.AppointmentSeriesGeneratorJob.onApplicationReady(AppointmentSeriesGeneratorJob.java:57)
	at java.base/jdk.internal.reflect.NativeMethodAccessorImpl.invoke0(Native Method)
	at java.base/jdk.internal.reflect.NativeMethodAccessorImpl.invoke(NativeMethodAccessorImpl.java:77)
	at java.base/jdk.internal.reflect.DelegatingMethodAccessorImpl.invoke(DelegatingMethodAccessorImpl.java:43)
	at java.base/java.lang.reflect.Method.invoke(Method.java:568)
	at org.springframework.context.event.ApplicationListenerMethodAdapter.doInvoke(ApplicationListenerMethodAdapter.java:365)
	at org.springframework.context.event.ApplicationListenerMethodAdapter.processEvent(ApplicationListenerMethodAdapter.java:237)
	at org.springframework.context.event.ApplicationListenerMethodAdapter.onApplicationEvent(ApplicationListenerMethodAdapter.java:168)
	at org.springframework.context.event.SimpleApplicationEventMulticaster.doInvokeListener(SimpleApplicationEventMulticaster.java:185)
	at org.springframework.context.event.SimpleApplicationEventMulticaster.invokeListener(SimpleApplicationEventMulticaster.java:178)
	at org.springframework.context.event.SimpleApplicationEventMulticaster.multicastEvent(SimpleApplicationEventMulticaster.java:156)
	at org.springframework.context.support.AbstractApplicationContext.publishEvent(AbstractApplicationContext.java:452)
	at org.springframework.context.support.AbstractApplicationContext.publishEvent(AbstractApplicationContext.java:385)
	at org.springframework.boot.context.event.EventPublishingRunListener.ready(EventPublishingRunListener.java:109)
	at org.springframework.boot.SpringApplicationRunListeners.lambda$ready$6(SpringApplicationRunListeners.java:80)
	at java.base/java.lang.Iterable.forEach(Iterable.java:75)
	at org.springframework.boot.SpringApplicationRunListeners.doWithListeners(SpringApplicationRunListeners.java:118)
	at org.springframework.boot.SpringApplicationRunListeners.doWithListeners(SpringApplicationRunListeners.java:112)
	at org.springframework.boot.SpringApplicationRunListeners.ready(SpringApplicationRunListeners.java:80)
	at org.springframework.boot.SpringApplication.run(SpringApplication.java:349)
	at org.springframework.boot.SpringApplication.run(SpringApplication.java:1363)
	at org.springframework.boot.SpringApplication.run(SpringApplication.java:1352)
	at com.example.physiokalendar.PhysiokalendarApplication.main(PhysiokalendarApplication.java:12)
	at java.base/jdk.internal.reflect.NativeMethodAccessorImpl.invoke0(Native Method)
	at java.base/jdk.internal.reflect.NativeMethodAccessorImpl.invoke(NativeMethodAccessorImpl.java:77)
	at java.base/jdk.internal.reflect.DelegatingMethodAccessorImpl.invoke(DelegatingMethodAccessorImpl.java:43)
	at java.base/java.lang.reflect.Method.invoke(Method.java:568)
	at org.springframework.boot.devtools.restart.RestartLauncher.run(RestartLauncher.java:50)
2026-02-18 02:58:11.750 [restartedMain] ERROR c.e.p.s.AppointmentSeriesGeneratorJob - Error generating appointments for series 4497: failed to lazily initialize a collection of role: com.example.physiokalendar.entity.AppointmentSeries.cancellations: could not initialize proxy - no Session
org.hibernate.LazyInitializationException: failed to lazily initialize a collection of role: com.example.physiokalendar.entity.AppointmentSeries.cancellations: could not initialize proxy - no Session
	at org.hibernate.collection.spi.AbstractPersistentCollection.throwLazyInitializationException(AbstractPersistentCollection.java:636)
	at org.hibernate.collection.spi.AbstractPersistentCollection.withTemporarySessionIfNeeded(AbstractPersistentCollection.java:219)
	at org.hibernate.collection.spi.AbstractPersistentCollection.initialize(AbstractPersistentCollection.java:615)
	at org.hibernate.collection.spi.AbstractPersistentCollection.read(AbstractPersistentCollection.java:138)
	at org.hibernate.collection.spi.PersistentBag.iterator(PersistentBag.java:369)
	at java.base/java.util.Spliterators$IteratorSpliterator.estimateSize(Spliterators.java:1865)
	at java.base/java.util.Spliterator.getExactSizeIfKnown(Spliterator.java:414)
	at java.base/java.util.stream.AbstractPipeline.copyInto(AbstractPipeline.java:508)
	at java.base/java.util.stream.AbstractPipeline.wrapAndCopyInto(AbstractPipeline.java:499)
	at java.base/java.util.stream.ReduceOps$ReduceOp.evaluateSequential(ReduceOps.java:921)
	at java.base/java.util.stream.AbstractPipeline.evaluate(AbstractPipeline.java:234)
	at java.base/java.util.stream.ReferencePipeline.collect(ReferencePipeline.java:682)
	at com.example.physiokalendar.service.AppointmentSeriesGeneratorJob.generateAppointmentsForSeries(AppointmentSeriesGeneratorJob.java:151)
	at com.example.physiokalendar.service.AppointmentSeriesGeneratorJob.generateMissingAppointments(AppointmentSeriesGeneratorJob.java:107)
	at com.example.physiokalendar.service.AppointmentSeriesGeneratorJob.onApplicationReady(AppointmentSeriesGeneratorJob.java:57)
	at java.base/jdk.internal.reflect.NativeMethodAccessorImpl.invoke0(Native Method)
	at java.base/jdk.internal.reflect.NativeMethodAccessorImpl.invoke(NativeMethodAccessorImpl.java:77)
	at java.base/jdk.internal.reflect.DelegatingMethodAccessorImpl.invoke(DelegatingMethodAccessorImpl.java:43)
	at java.base/java.lang.reflect.Method.invoke(Method.java:568)
	at org.springframework.context.event.ApplicationListenerMethodAdapter.doInvoke(ApplicationListenerMethodAdapter.java:365)
	at org.springframework.context.event.ApplicationListenerMethodAdapter.processEvent(ApplicationListenerMethodAdapter.java:237)
	at org.springframework.context.event.ApplicationListenerMethodAdapter.onApplicationEvent(ApplicationListenerMethodAdapter.java:168)
	at org.springframework.context.event.SimpleApplicationEventMulticaster.doInvokeListener(SimpleApplicationEventMulticaster.java:185)
	at org.springframework.context.event.SimpleApplicationEventMulticaster.invokeListener(SimpleApplicationEventMulticaster.java:178)
	at org.springframework.context.event.SimpleApplicationEventMulticaster.multicastEvent(SimpleApplicationEventMulticaster.java:156)
	at org.springframework.context.support.AbstractApplicationContext.publishEvent(AbstractApplicationContext.java:452)
	at org.springframework.context.support.AbstractApplicationContext.publishEvent(AbstractApplicationContext.java:385)
	at org.springframework.boot.context.event.EventPublishingRunListener.ready(EventPublishingRunListener.java:109)
	at org.springframework.boot.SpringApplicationRunListeners.lambda$ready$6(SpringApplicationRunListeners.java:80)
	at java.base/java.lang.Iterable.forEach(Iterable.java:75)
	at org.springframework.boot.SpringApplicationRunListeners.doWithListeners(SpringApplicationRunListeners.java:118)
	at org.springframework.boot.SpringApplicationRunListeners.doWithListeners(SpringApplicationRunListeners.java:112)
	at org.springframework.boot.SpringApplicationRunListeners.ready(SpringApplicationRunListeners.java:80)
	at org.springframework.boot.SpringApplication.run(SpringApplication.java:349)
	at org.springframework.boot.SpringApplication.run(SpringApplication.java:1363)
	at org.springframework.boot.SpringApplication.run(SpringApplication.java:1352)
	at com.example.physiokalendar.PhysiokalendarApplication.main(PhysiokalendarApplication.java:12)
	at java.base/jdk.internal.reflect.NativeMethodAccessorImpl.invoke0(Native Method)
	at java.base/jdk.internal.reflect.NativeMethodAccessorImpl.invoke(NativeMethodAccessorImpl.java:77)
	at java.base/jdk.internal.reflect.DelegatingMethodAccessorImpl.invoke(DelegatingMethodAccessorImpl.java:43)
	at java.base/java.lang.reflect.Method.invoke(Method.java:568)
	at org.springframework.boot.devtools.restart.RestartLauncher.run(RestartLauncher.java:50)
2026-02-18 02:58:11.753 [restartedMain] ERROR c.e.p.s.AppointmentSeriesGeneratorJob - Error generating appointments for series 4498: failed to lazily initialize a collection of role: com.example.physiokalendar.entity.AppointmentSeries.cancellations: could not initialize proxy - no Session
org.hibernate.LazyInitializationException: failed to lazily initialize a collection of role: com.example.physiokalendar.entity.AppointmentSeries.cancellations: could not initialize proxy - no Session
	at org.hibernate.collection.spi.AbstractPersistentCollection.throwLazyInitializationException(AbstractPersistentCollection.java:636)
	at org.hibernate.collection.spi.AbstractPersistentCollection.withTemporarySessionIfNeeded(AbstractPersistentCollection.java:219)
	at org.hibernate.collection.spi.AbstractPersistentCollection.initialize(AbstractPersistentCollection.java:615)
	at org.hibernate.collection.spi.AbstractPersistentCollection.read(AbstractPersistentCollection.java:138)
	at org.hibernate.collection.spi.PersistentBag.iterator(PersistentBag.java:369)
	at java.base/java.util.Spliterators$IteratorSpliterator.estimateSize(Spliterators.java:1865)
	at java.base/java.util.Spliterator.getExactSizeIfKnown(Spliterator.java:414)
	at java.base/java.util.stream.AbstractPipeline.copyInto(AbstractPipeline.java:508)
	at java.base/java.util.stream.AbstractPipeline.wrapAndCopyInto(AbstractPipeline.java:499)
	at java.base/java.util.stream.ReduceOps$ReduceOp.evaluateSequential(ReduceOps.java:921)
	at java.base/java.util.stream.AbstractPipeline.evaluate(AbstractPipeline.java:234)
	at java.base/java.util.stream.ReferencePipeline.collect(ReferencePipeline.java:682)
	at com.example.physiokalendar.service.AppointmentSeriesGeneratorJob.generateAppointmentsForSeries(AppointmentSeriesGeneratorJob.java:151)
	at com.example.physiokalendar.service.AppointmentSeriesGeneratorJob.generateMissingAppointments(AppointmentSeriesGeneratorJob.java:107)
	at com.example.physiokalendar.service.AppointmentSeriesGeneratorJob.onApplicationReady(AppointmentSeriesGeneratorJob.java:57)
	at java.base/jdk.internal.reflect.NativeMethodAccessorImpl.invoke0(Native Method)
	at java.base/jdk.internal.reflect.NativeMethodAccessorImpl.invoke(NativeMethodAccessorImpl.java:77)
	at java.base/jdk.internal.reflect.DelegatingMethodAccessorImpl.invoke(DelegatingMethodAccessorImpl.java:43)
	at java.base/java.lang.reflect.Method.invoke(Method.java:568)
	at org.springframework.context.event.ApplicationListenerMethodAdapter.doInvoke(ApplicationListenerMethodAdapter.java:365)
	at org.springframework.context.event.ApplicationListenerMethodAdapter.processEvent(ApplicationListenerMethodAdapter.java:237)
	at org.springframework.context.event.ApplicationListenerMethodAdapter.onApplicationEvent(ApplicationListenerMethodAdapter.java:168)
	at org.springframework.context.event.SimpleApplicationEventMulticaster.doInvokeListener(SimpleApplicationEventMulticaster.java:185)
	at org.springframework.context.event.SimpleApplicationEventMulticaster.invokeListener(SimpleApplicationEventMulticaster.java:178)
	at org.springframework.context.event.SimpleApplicationEventMulticaster.multicastEvent(SimpleApplicationEventMulticaster.java:156)
	at org.springframework.context.support.AbstractApplicationContext.publishEvent(AbstractApplicationContext.java:452)
	at org.springframework.context.support.AbstractApplicationContext.publishEvent(AbstractApplicationContext.java:385)
	at org.springframework.boot.context.event.EventPublishingRunListener.ready(EventPublishingRunListener.java:109)
	at org.springframework.boot.SpringApplicationRunListeners.lambda$ready$6(SpringApplicationRunListeners.java:80)
	at java.base/java.lang.Iterable.forEach(Iterable.java:75)
	at org.springframework.boot.SpringApplicationRunListeners.doWithListeners(SpringApplicationRunListeners.java:118)
	at org.springframework.boot.SpringApplicationRunListeners.doWithListeners(SpringApplicationRunListeners.java:112)
	at org.springframework.boot.SpringApplicationRunListeners.ready(SpringApplicationRunListeners.java:80)
	at org.springframework.boot.SpringApplication.run(SpringApplication.java:349)
	at org.springframework.boot.SpringApplication.run(SpringApplication.java:1363)
	at org.springframework.boot.SpringApplication.run(SpringApplication.java:1352)
	at com.example.physiokalendar.PhysiokalendarApplication.main(PhysiokalendarApplication.java:12)
	at java.base/jdk.internal.reflect.NativeMethodAccessorImpl.invoke0(Native Method)
	at java.base/jdk.internal.reflect.NativeMethodAccessorImpl.invoke(NativeMethodAccessorImpl.java:77)
	at java.base/jdk.internal.reflect.DelegatingMethodAccessorImpl.invoke(DelegatingMethodAccessorImpl.java:43)
	at java.base/java.lang.reflect.Method.invoke(Method.java:568)
	at org.springframework.boot.devtools.restart.RestartLauncher.run(RestartLauncher.java:50)
2026-02-18 02:58:11.756 [restartedMain] ERROR c.e.p.s.AppointmentSeriesGeneratorJob - Error generating appointments for series 4499: failed to lazily initialize a collection of role: com.example.physiokalendar.entity.AppointmentSeries.cancellations: could not initialize proxy - no Session
org.hibernate.LazyInitializationException: failed to lazily initialize a collection of role: com.example.physiokalendar.entity.AppointmentSeries.cancellations: could not initialize proxy - no Session
	at org.hibernate.collection.spi.AbstractPersistentCollection.throwLazyInitializationException(AbstractPersistentCollection.java:636)
	at org.hibernate.collection.spi.AbstractPersistentCollection.withTemporarySessionIfNeeded(AbstractPersistentCollection.java:219)
	at org.hibernate.collection.spi.AbstractPersistentCollection.initialize(AbstractPersistentCollection.java:615)
	at org.hibernate.collection.spi.AbstractPersistentCollection.read(AbstractPersistentCollection.java:138)
	at org.hibernate.collection.spi.PersistentBag.iterator(PersistentBag.java:369)
	at java.base/java.util.Spliterators$IteratorSpliterator.estimateSize(Spliterators.java:1865)
	at java.base/java.util.Spliterator.getExactSizeIfKnown(Spliterator.java:414)
	at java.base/java.util.stream.AbstractPipeline.copyInto(AbstractPipeline.java:508)
	at java.base/java.util.stream.AbstractPipeline.wrapAndCopyInto(AbstractPipeline.java:499)
	at java.base/java.util.stream.ReduceOps$ReduceOp.evaluateSequential(ReduceOps.java:921)
	at java.base/java.util.stream.AbstractPipeline.evaluate(AbstractPipeline.java:234)
	at java.base/java.util.stream.ReferencePipeline.collect(ReferencePipeline.java:682)
	at com.example.physiokalendar.service.AppointmentSeriesGeneratorJob.generateAppointmentsForSeries(AppointmentSeriesGeneratorJob.java:151)
	at com.example.physiokalendar.service.AppointmentSeriesGeneratorJob.generateMissingAppointments(AppointmentSeriesGeneratorJob.java:107)
	at com.example.physiokalendar.service.AppointmentSeriesGeneratorJob.onApplicationReady(AppointmentSeriesGeneratorJob.java:57)
	at java.base/jdk.internal.reflect.NativeMethodAccessorImpl.invoke0(Native Method)
	at java.base/jdk.internal.reflect.NativeMethodAccessorImpl.invoke(NativeMethodAccessorImpl.java:77)
	at java.base/jdk.internal.reflect.DelegatingMethodAccessorImpl.invoke(DelegatingMethodAccessorImpl.java:43)
	at java.base/java.lang.reflect.Method.invoke(Method.java:568)
	at org.springframework.context.event.ApplicationListenerMethodAdapter.doInvoke(ApplicationListenerMethodAdapter.java:365)
	at org.springframework.context.event.ApplicationListenerMethodAdapter.processEvent(ApplicationListenerMethodAdapter.java:237)
	at org.springframework.context.event.ApplicationListenerMethodAdapter.onApplicationEvent(ApplicationListenerMethodAdapter.java:168)
	at org.springframework.context.event.SimpleApplicationEventMulticaster.doInvokeListener(SimpleApplicationEventMulticaster.java:185)
	at org.springframework.context.event.SimpleApplicationEventMulticaster.invokeListener(SimpleApplicationEventMulticaster.java:178)
	at org.springframework.context.event.SimpleApplicationEventMulticaster.multicastEvent(SimpleApplicationEventMulticaster.java:156)
	at org.springframework.context.support.AbstractApplicationContext.publishEvent(AbstractApplicationContext.java:452)
	at org.springframework.context.support.AbstractApplicationContext.publishEvent(AbstractApplicationContext.java:385)
	at org.springframework.boot.context.event.EventPublishingRunListener.ready(EventPublishingRunListener.java:109)
	at org.springframework.boot.SpringApplicationRunListeners.lambda$ready$6(SpringApplicationRunListeners.java:80)
	at java.base/java.lang.Iterable.forEach(Iterable.java:75)
	at org.springframework.boot.SpringApplicationRunListeners.doWithListeners(SpringApplicationRunListeners.java:118)
	at org.springframework.boot.SpringApplicationRunListeners.doWithListeners(SpringApplicationRunListeners.java:112)
	at org.springframework.boot.SpringApplicationRunListeners.ready(SpringApplicationRunListeners.java:80)
	at org.springframework.boot.SpringApplication.run(SpringApplication.java:349)
	at org.springframework.boot.SpringApplication.run(SpringApplication.java:1363)
	at org.springframework.boot.SpringApplication.run(SpringApplication.java:1352)
	at com.example.physiokalendar.PhysiokalendarApplication.main(PhysiokalendarApplication.java:12)
	at java.base/jdk.internal.reflect.NativeMethodAccessorImpl.invoke0(Native Method)
	at java.base/jdk.internal.reflect.NativeMethodAccessorImpl.invoke(NativeMethodAccessorImpl.java:77)
	at java.base/jdk.internal.reflect.DelegatingMethodAccessorImpl.invoke(DelegatingMethodAccessorImpl.java:43)
	at java.base/java.lang.reflect.Method.invoke(Method.java:568)
	at org.springframework.boot.devtools.restart.RestartLauncher.run(RestartLauncher.java:50)
2026-02-18 02:58:11.759 [restartedMain] ERROR c.e.p.s.AppointmentSeriesGeneratorJob - Error generating appointments for series 4500: failed to lazily initialize a collection of role: com.example.physiokalendar.entity.AppointmentSeries.cancellations: could not initialize proxy - no Session
org.hibernate.LazyInitializationException: failed to lazily initialize a collection of role: com.example.physiokalendar.entity.AppointmentSeries.cancellations: could not initialize proxy - no Session
	at org.hibernate.collection.spi.AbstractPersistentCollection.throwLazyInitializationException(AbstractPersistentCollection.java:636)
	at org.hibernate.collection.spi.AbstractPersistentCollection.withTemporarySessionIfNeeded(AbstractPersistentCollection.java:219)
	at org.hibernate.collection.spi.AbstractPersistentCollection.initialize(AbstractPersistentCollection.java:615)
	at org.hibernate.collection.spi.AbstractPersistentCollection.read(AbstractPersistentCollection.java:138)
	at org.hibernate.collection.spi.PersistentBag.iterator(PersistentBag.java:369)
	at java.base/java.util.Spliterators$IteratorSpliterator.estimateSize(Spliterators.java:1865)
	at java.base/java.util.Spliterator.getExactSizeIfKnown(Spliterator.java:414)
	at java.base/java.util.stream.AbstractPipeline.copyInto(AbstractPipeline.java:508)
	at java.base/java.util.stream.AbstractPipeline.wrapAndCopyInto(AbstractPipeline.java:499)
	at java.base/java.util.stream.ReduceOps$ReduceOp.evaluateSequential(ReduceOps.java:921)
	at java.base/java.util.stream.AbstractPipeline.evaluate(AbstractPipeline.java:234)
	at java.base/java.util.stream.ReferencePipeline.collect(ReferencePipeline.java:682)
	at com.example.physiokalendar.service.AppointmentSeriesGeneratorJob.generateAppointmentsForSeries(AppointmentSeriesGeneratorJob.java:151)
	at com.example.physiokalendar.service.AppointmentSeriesGeneratorJob.generateMissingAppointments(AppointmentSeriesGeneratorJob.java:107)
	at com.example.physiokalendar.service.AppointmentSeriesGeneratorJob.onApplicationReady(AppointmentSeriesGeneratorJob.java:57)
	at java.base/jdk.internal.reflect.NativeMethodAccessorImpl.invoke0(Native Method)
	at java.base/jdk.internal.reflect.NativeMethodAccessorImpl.invoke(NativeMethodAccessorImpl.java:77)
	at java.base/jdk.internal.reflect.DelegatingMethodAccessorImpl.invoke(DelegatingMethodAccessorImpl.java:43)
	at java.base/java.lang.reflect.Method.invoke(Method.java:568)
	at org.springframework.context.event.ApplicationListenerMethodAdapter.doInvoke(ApplicationListenerMethodAdapter.java:365)
	at org.springframework.context.event.ApplicationListenerMethodAdapter.processEvent(ApplicationListenerMethodAdapter.java:237)
	at org.springframework.context.event.ApplicationListenerMethodAdapter.onApplicationEvent(ApplicationListenerMethodAdapter.java:168)
	at org.springframework.context.event.SimpleApplicationEventMulticaster.doInvokeListener(SimpleApplicationEventMulticaster.java:185)
	at org.springframework.context.event.SimpleApplicationEventMulticaster.invokeListener(SimpleApplicationEventMulticaster.java:178)
	at org.springframework.context.event.SimpleApplicationEventMulticaster.multicastEvent(SimpleApplicationEventMulticaster.java:156)
	at org.springframework.context.support.AbstractApplicationContext.publishEvent(AbstractApplicationContext.java:452)
	at org.springframework.context.support.AbstractApplicationContext.publishEvent(AbstractApplicationContext.java:385)
	at org.springframework.boot.context.event.EventPublishingRunListener.ready(EventPublishingRunListener.java:109)
	at org.springframework.boot.SpringApplicationRunListeners.lambda$ready$6(SpringApplicationRunListeners.java:80)
	at java.base/java.lang.Iterable.forEach(Iterable.java:75)
	at org.springframework.boot.SpringApplicationRunListeners.doWithListeners(SpringApplicationRunListeners.java:118)
	at org.springframework.boot.SpringApplicationRunListeners.doWithListeners(SpringApplicationRunListeners.java:112)
	at org.springframework.boot.SpringApplicationRunListeners.ready(SpringApplicationRunListeners.java:80)
	at org.springframework.boot.SpringApplication.run(SpringApplication.java:349)
	at org.springframework.boot.SpringApplication.run(SpringApplication.java:1363)
	at org.springframework.boot.SpringApplication.run(SpringApplication.java:1352)
	at com.example.physiokalendar.PhysiokalendarApplication.main(PhysiokalendarApplication.java:12)
	at java.base/jdk.internal.reflect.NativeMethodAccessorImpl.invoke0(Native Method)
	at java.base/jdk.internal.reflect.NativeMethodAccessorImpl.invoke(NativeMethodAccessorImpl.java:77)
	at java.base/jdk.internal.reflect.DelegatingMethodAccessorImpl.invoke(DelegatingMethodAccessorImpl.java:43)
	at java.base/java.lang.reflect.Method.invoke(Method.java:568)
	at org.springframework.boot.devtools.restart.RestartLauncher.run(RestartLauncher.java:50)
2026-02-18 02:58:11.762 [restartedMain] ERROR c.e.p.s.AppointmentSeriesGeneratorJob - Error generating appointments for series 4501: failed to lazily initialize a collection of role: com.example.physiokalendar.entity.AppointmentSeries.cancellations: could not initialize proxy - no Session
org.hibernate.LazyInitializationException: failed to lazily initialize a collection of role: com.example.physiokalendar.entity.AppointmentSeries.cancellations: could not initialize proxy - no Session
	at org.hibernate.collection.spi.AbstractPersistentCollection.throwLazyInitializationException(AbstractPersistentCollection.java:636)
	at org.hibernate.collection.spi.AbstractPersistentCollection.withTemporarySessionIfNeeded(AbstractPersistentCollection.java:219)
	at org.hibernate.collection.spi.AbstractPersistentCollection.initialize(AbstractPersistentCollection.java:615)
	at org.hibernate.collection.spi.AbstractPersistentCollection.read(AbstractPersistentCollection.java:138)
	at org.hibernate.collection.spi.PersistentBag.iterator(PersistentBag.java:369)
	at java.base/java.util.Spliterators$IteratorSpliterator.estimateSize(Spliterators.java:1865)
	at java.base/java.util.Spliterator.getExactSizeIfKnown(Spliterator.java:414)
	at java.base/java.util.stream.AbstractPipeline.copyInto(AbstractPipeline.java:508)
	at java.base/java.util.stream.AbstractPipeline.wrapAndCopyInto(AbstractPipeline.java:499)
	at java.base/java.util.stream.ReduceOps$ReduceOp.evaluateSequential(ReduceOps.java:921)
	at java.base/java.util.stream.AbstractPipeline.evaluate(AbstractPipeline.java:234)
	at java.base/java.util.stream.ReferencePipeline.collect(ReferencePipeline.java:682)
	at com.example.physiokalendar.service.AppointmentSeriesGeneratorJob.generateAppointmentsForSeries(AppointmentSeriesGeneratorJob.java:151)
	at com.example.physiokalendar.service.AppointmentSeriesGeneratorJob.generateMissingAppointments(AppointmentSeriesGeneratorJob.java:107)
	at com.example.physiokalendar.service.AppointmentSeriesGeneratorJob.onApplicationReady(AppointmentSeriesGeneratorJob.java:57)
	at java.base/jdk.internal.reflect.NativeMethodAccessorImpl.invoke0(Native Method)
	at java.base/jdk.internal.reflect.NativeMethodAccessorImpl.invoke(NativeMethodAccessorImpl.java:77)
	at java.base/jdk.internal.reflect.DelegatingMethodAccessorImpl.invoke(DelegatingMethodAccessorImpl.java:43)
	at java.base/java.lang.reflect.Method.invoke(Method.java:568)
	at org.springframework.context.event.ApplicationListenerMethodAdapter.doInvoke(ApplicationListenerMethodAdapter.java:365)
	at org.springframework.context.event.ApplicationListenerMethodAdapter.processEvent(ApplicationListenerMethodAdapter.java:237)
	at org.springframework.context.event.ApplicationListenerMethodAdapter.onApplicationEvent(ApplicationListenerMethodAdapter.java:168)
	at org.springframework.context.event.SimpleApplicationEventMulticaster.doInvokeListener(SimpleApplicationEventMulticaster.java:185)
	at org.springframework.context.event.SimpleApplicationEventMulticaster.invokeListener(SimpleApplicationEventMulticaster.java:178)
	at org.springframework.context.event.SimpleApplicationEventMulticaster.multicastEvent(SimpleApplicationEventMulticaster.java:156)
	at org.springframework.context.support.AbstractApplicationContext.publishEvent(AbstractApplicationContext.java:452)
	at org.springframework.context.support.AbstractApplicationContext.publishEvent(AbstractApplicationContext.java:385)
	at org.springframework.boot.context.event.EventPublishingRunListener.ready(EventPublishingRunListener.java:109)
	at org.springframework.boot.SpringApplicationRunListeners.lambda$ready$6(SpringApplicationRunListeners.java:80)
	at java.base/java.lang.Iterable.forEach(Iterable.java:75)
	at org.springframework.boot.SpringApplicationRunListeners.doWithListeners(SpringApplicationRunListeners.java:118)
	at org.springframework.boot.SpringApplicationRunListeners.doWithListeners(SpringApplicationRunListeners.java:112)
	at org.springframework.boot.SpringApplicationRunListeners.ready(SpringApplicationRunListeners.java:80)
	at org.springframework.boot.SpringApplication.run(SpringApplication.java:349)
	at org.springframework.boot.SpringApplication.run(SpringApplication.java:1363)
	at org.springframework.boot.SpringApplication.run(SpringApplication.java:1352)
	at com.example.physiokalendar.PhysiokalendarApplication.main(PhysiokalendarApplication.java:12)
	at java.base/jdk.internal.reflect.NativeMethodAccessorImpl.invoke0(Native Method)
	at java.base/jdk.internal.reflect.NativeMethodAccessorImpl.invoke(NativeMethodAccessorImpl.java:77)
	at java.base/jdk.internal.reflect.DelegatingMethodAccessorImpl.invoke(DelegatingMethodAccessorImpl.java:43)
	at java.base/java.lang.reflect.Method.invoke(Method.java:568)
	at org.springframework.boot.devtools.restart.RestartLauncher.run(RestartLauncher.java:50)
2026-02-18 02:58:11.766 [restartedMain] ERROR c.e.p.s.AppointmentSeriesGeneratorJob - Error generating appointments for series 4502: failed to lazily initialize a collection of role: com.example.physiokalendar.entity.AppointmentSeries.cancellations: could not initialize proxy - no Session
org.hibernate.LazyInitializationException: failed to lazily initialize a collection of role: com.example.physiokalendar.entity.AppointmentSeries.cancellations: could not initialize proxy - no Session
	at org.hibernate.collection.spi.AbstractPersistentCollection.throwLazyInitializationException(AbstractPersistentCollection.java:636)
	at org.hibernate.collection.spi.AbstractPersistentCollection.withTemporarySessionIfNeeded(AbstractPersistentCollection.java:219)
	at org.hibernate.collection.spi.AbstractPersistentCollection.initialize(AbstractPersistentCollection.java:615)
	at org.hibernate.collection.spi.AbstractPersistentCollection.read(AbstractPersistentCollection.java:138)
	at org.hibernate.collection.spi.PersistentBag.iterator(PersistentBag.java:369)
	at java.base/java.util.Spliterators$IteratorSpliterator.estimateSize(Spliterators.java:1865)
	at java.base/java.util.Spliterator.getExactSizeIfKnown(Spliterator.java:414)
	at java.base/java.util.stream.AbstractPipeline.copyInto(AbstractPipeline.java:508)
	at java.base/java.util.stream.AbstractPipeline.wrapAndCopyInto(AbstractPipeline.java:499)
	at java.base/java.util.stream.ReduceOps$ReduceOp.evaluateSequential(ReduceOps.java:921)
	at java.base/java.util.stream.AbstractPipeline.evaluate(AbstractPipeline.java:234)
	at java.base/java.util.stream.ReferencePipeline.collect(ReferencePipeline.java:682)
	at com.example.physiokalendar.service.AppointmentSeriesGeneratorJob.generateAppointmentsForSeries(AppointmentSeriesGeneratorJob.java:151)
	at com.example.physiokalendar.service.AppointmentSeriesGeneratorJob.generateMissingAppointments(AppointmentSeriesGeneratorJob.java:107)
	at com.example.physiokalendar.service.AppointmentSeriesGeneratorJob.onApplicationReady(AppointmentSeriesGeneratorJob.java:57)
	at java.base/jdk.internal.reflect.NativeMethodAccessorImpl.invoke0(Native Method)
	at java.base/jdk.internal.reflect.NativeMethodAccessorImpl.invoke(NativeMethodAccessorImpl.java:77)
	at java.base/jdk.internal.reflect.DelegatingMethodAccessorImpl.invoke(DelegatingMethodAccessorImpl.java:43)
	at java.base/java.lang.reflect.Method.invoke(Method.java:568)
	at org.springframework.context.event.ApplicationListenerMethodAdapter.doInvoke(ApplicationListenerMethodAdapter.java:365)
	at org.springframework.context.event.ApplicationListenerMethodAdapter.processEvent(ApplicationListenerMethodAdapter.java:237)
	at org.springframework.context.event.ApplicationListenerMethodAdapter.onApplicationEvent(ApplicationListenerMethodAdapter.java:168)
	at org.springframework.context.event.SimpleApplicationEventMulticaster.doInvokeListener(SimpleApplicationEventMulticaster.java:185)
	at org.springframework.context.event.SimpleApplicationEventMulticaster.invokeListener(SimpleApplicationEventMulticaster.java:178)
	at org.springframework.context.event.SimpleApplicationEventMulticaster.multicastEvent(SimpleApplicationEventMulticaster.java:156)
	at org.springframework.context.support.AbstractApplicationContext.publishEvent(AbstractApplicationContext.java:452)
	at org.springframework.context.support.AbstractApplicationContext.publishEvent(AbstractApplicationContext.java:385)
	at org.springframework.boot.context.event.EventPublishingRunListener.ready(EventPublishingRunListener.java:109)
	at org.springframework.boot.SpringApplicationRunListeners.lambda$ready$6(SpringApplicationRunListeners.java:80)
	at java.base/java.lang.Iterable.forEach(Iterable.java:75)
	at org.springframework.boot.SpringApplicationRunListeners.doWithListeners(SpringApplicationRunListeners.java:118)
	at org.springframework.boot.SpringApplicationRunListeners.doWithListeners(SpringApplicationRunListeners.java:112)
	at org.springframework.boot.SpringApplicationRunListeners.ready(SpringApplicationRunListeners.java:80)
	at org.springframework.boot.SpringApplication.run(SpringApplication.java:349)
	at org.springframework.boot.SpringApplication.run(SpringApplication.java:1363)
	at org.springframework.boot.SpringApplication.run(SpringApplication.java:1352)
	at com.example.physiokalendar.PhysiokalendarApplication.main(PhysiokalendarApplication.java:12)
	at java.base/jdk.internal.reflect.NativeMethodAccessorImpl.invoke0(Native Method)
	at java.base/jdk.internal.reflect.NativeMethodAccessorImpl.invoke(NativeMethodAccessorImpl.java:77)
	at java.base/jdk.internal.reflect.DelegatingMethodAccessorImpl.invoke(DelegatingMethodAccessorImpl.java:43)
	at java.base/java.lang.reflect.Method.invoke(Method.java:568)
	at org.springframework.boot.devtools.restart.RestartLauncher.run(RestartLauncher.java:50)
2026-02-18 02:58:11.770 [restartedMain] ERROR c.e.p.s.AppointmentSeriesGeneratorJob - Error generating appointments for series 4503: failed to lazily initialize a collection of role: com.example.physiokalendar.entity.AppointmentSeries.cancellations: could not initialize proxy - no Session
org.hibernate.LazyInitializationException: failed to lazily initialize a collection of role: com.example.physiokalendar.entity.AppointmentSeries.cancellations: could not initialize proxy - no Session
	at org.hibernate.collection.spi.AbstractPersistentCollection.throwLazyInitializationException(AbstractPersistentCollection.java:636)
	at org.hibernate.collection.spi.AbstractPersistentCollection.withTemporarySessionIfNeeded(AbstractPersistentCollection.java:219)
	at org.hibernate.collection.spi.AbstractPersistentCollection.initialize(AbstractPersistentCollection.java:615)
	at org.hibernate.collection.spi.AbstractPersistentCollection.read(AbstractPersistentCollection.java:138)
	at org.hibernate.collection.spi.PersistentBag.iterator(PersistentBag.java:369)
	at java.base/java.util.Spliterators$IteratorSpliterator.estimateSize(Spliterators.java:1865)
	at java.base/java.util.Spliterator.getExactSizeIfKnown(Spliterator.java:414)
	at java.base/java.util.stream.AbstractPipeline.copyInto(AbstractPipeline.java:508)
	at java.base/java.util.stream.AbstractPipeline.wrapAndCopyInto(AbstractPipeline.java:499)
	at java.base/java.util.stream.ReduceOps$ReduceOp.evaluateSequential(ReduceOps.java:921)
	at java.base/java.util.stream.AbstractPipeline.evaluate(AbstractPipeline.java:234)
	at java.base/java.util.stream.ReferencePipeline.collect(ReferencePipeline.java:682)
	at com.example.physiokalendar.service.AppointmentSeriesGeneratorJob.generateAppointmentsForSeries(AppointmentSeriesGeneratorJob.java:151)
	at com.example.physiokalendar.service.AppointmentSeriesGeneratorJob.generateMissingAppointments(AppointmentSeriesGeneratorJob.java:107)
	at com.example.physiokalendar.service.AppointmentSeriesGeneratorJob.onApplicationReady(AppointmentSeriesGeneratorJob.java:57)
	at java.base/jdk.internal.reflect.NativeMethodAccessorImpl.invoke0(Native Method)
	at java.base/jdk.internal.reflect.NativeMethodAccessorImpl.invoke(NativeMethodAccessorImpl.java:77)
	at java.base/jdk.internal.reflect.DelegatingMethodAccessorImpl.invoke(DelegatingMethodAccessorImpl.java:43)
	at java.base/java.lang.reflect.Method.invoke(Method.java:568)
	at org.springframework.context.event.ApplicationListenerMethodAdapter.doInvoke(ApplicationListenerMethodAdapter.java:365)
	at org.springframework.context.event.ApplicationListenerMethodAdapter.processEvent(ApplicationListenerMethodAdapter.java:237)
	at org.springframework.context.event.ApplicationListenerMethodAdapter.onApplicationEvent(ApplicationListenerMethodAdapter.java:168)
	at org.springframework.context.event.SimpleApplicationEventMulticaster.doInvokeListener(SimpleApplicationEventMulticaster.java:185)
	at org.springframework.context.event.SimpleApplicationEventMulticaster.invokeListener(SimpleApplicationEventMulticaster.java:178)
	at org.springframework.context.event.SimpleApplicationEventMulticaster.multicastEvent(SimpleApplicationEventMulticaster.java:156)
	at org.springframework.context.support.AbstractApplicationContext.publishEvent(AbstractApplicationContext.java:452)
	at org.springframework.context.support.AbstractApplicationContext.publishEvent(AbstractApplicationContext.java:385)
	at org.springframework.boot.context.event.EventPublishingRunListener.ready(EventPublishingRunListener.java:109)
	at org.springframework.boot.SpringApplicationRunListeners.lambda$ready$6(SpringApplicationRunListeners.java:80)
	at java.base/java.lang.Iterable.forEach(Iterable.java:75)
	at org.springframework.boot.SpringApplicationRunListeners.doWithListeners(SpringApplicationRunListeners.java:118)
	at org.springframework.boot.SpringApplicationRunListeners.doWithListeners(SpringApplicationRunListeners.java:112)
	at org.springframework.boot.SpringApplicationRunListeners.ready(SpringApplicationRunListeners.java:80)
	at org.springframework.boot.SpringApplication.run(SpringApplication.java:349)
	at org.springframework.boot.SpringApplication.run(SpringApplication.java:1363)
	at org.springframework.boot.SpringApplication.run(SpringApplication.java:1352)
	at com.example.physiokalendar.PhysiokalendarApplication.main(PhysiokalendarApplication.java:12)
	at java.base/jdk.internal.reflect.NativeMethodAccessorImpl.invoke0(Native Method)
	at java.base/jdk.internal.reflect.NativeMethodAccessorImpl.invoke(NativeMethodAccessorImpl.java:77)
	at java.base/jdk.internal.reflect.DelegatingMethodAccessorImpl.invoke(DelegatingMethodAccessorImpl.java:43)
	at java.base/java.lang.reflect.Method.invoke(Method.java:568)
	at org.springframework.boot.devtools.restart.RestartLauncher.run(RestartLauncher.java:50)
2026-02-18 02:58:11.773 [restartedMain] ERROR c.e.p.s.AppointmentSeriesGeneratorJob - Error generating appointments for series 4504: failed to lazily initialize a collection of role: com.example.physiokalendar.entity.AppointmentSeries.cancellations: could not initialize proxy - no Session
org.hibernate.LazyInitializationException: failed to lazily initialize a collection of role: com.example.physiokalendar.entity.AppointmentSeries.cancellations: could not initialize proxy - no Session
	at org.hibernate.collection.spi.AbstractPersistentCollection.throwLazyInitializationException(AbstractPersistentCollection.java:636)
	at org.hibernate.collection.spi.AbstractPersistentCollection.withTemporarySessionIfNeeded(AbstractPersistentCollection.java:219)
	at org.hibernate.collection.spi.AbstractPersistentCollection.initialize(AbstractPersistentCollection.java:615)
	at org.hibernate.collection.spi.AbstractPersistentCollection.read(AbstractPersistentCollection.java:138)
	at org.hibernate.collection.spi.PersistentBag.iterator(PersistentBag.java:369)
	at java.base/java.util.Spliterators$IteratorSpliterator.estimateSize(Spliterators.java:1865)
	at java.base/java.util.Spliterator.getExactSizeIfKnown(Spliterator.java:414)
	at java.base/java.util.stream.AbstractPipeline.copyInto(AbstractPipeline.java:508)
	at java.base/java.util.stream.AbstractPipeline.wrapAndCopyInto(AbstractPipeline.java:499)
	at java.base/java.util.stream.ReduceOps$ReduceOp.evaluateSequential(ReduceOps.java:921)
	at java.base/java.util.stream.AbstractPipeline.evaluate(AbstractPipeline.java:234)
	at java.base/java.util.stream.ReferencePipeline.collect(ReferencePipeline.java:682)
	at com.example.physiokalendar.service.AppointmentSeriesGeneratorJob.generateAppointmentsForSeries(AppointmentSeriesGeneratorJob.java:151)
	at com.example.physiokalendar.service.AppointmentSeriesGeneratorJob.generateMissingAppointments(AppointmentSeriesGeneratorJob.java:107)
	at com.example.physiokalendar.service.AppointmentSeriesGeneratorJob.onApplicationReady(AppointmentSeriesGeneratorJob.java:57)
	at java.base/jdk.internal.reflect.NativeMethodAccessorImpl.invoke0(Native Method)
	at java.base/jdk.internal.reflect.NativeMethodAccessorImpl.invoke(NativeMethodAccessorImpl.java:77)
	at java.base/jdk.internal.reflect.DelegatingMethodAccessorImpl.invoke(DelegatingMethodAccessorImpl.java:43)
	at java.base/java.lang.reflect.Method.invoke(Method.java:568)
	at org.springframework.context.event.ApplicationListenerMethodAdapter.doInvoke(ApplicationListenerMethodAdapter.java:365)
	at org.springframework.context.event.ApplicationListenerMethodAdapter.processEvent(ApplicationListenerMethodAdapter.java:237)
	at org.springframework.context.event.ApplicationListenerMethodAdapter.onApplicationEvent(ApplicationListenerMethodAdapter.java:168)
	at org.springframework.context.event.SimpleApplicationEventMulticaster.doInvokeListener(SimpleApplicationEventMulticaster.java:185)
	at org.springframework.context.event.SimpleApplicationEventMulticaster.invokeListener(SimpleApplicationEventMulticaster.java:178)
	at org.springframework.context.event.SimpleApplicationEventMulticaster.multicastEvent(SimpleApplicationEventMulticaster.java:156)
	at org.springframework.context.support.AbstractApplicationContext.publishEvent(AbstractApplicationContext.java:452)
	at org.springframework.context.support.AbstractApplicationContext.publishEvent(AbstractApplicationContext.java:385)
	at org.springframework.boot.context.event.EventPublishingRunListener.ready(EventPublishingRunListener.java:109)
	at org.springframework.boot.SpringApplicationRunListeners.lambda$ready$6(SpringApplicationRunListeners.java:80)
	at java.base/java.lang.Iterable.forEach(Iterable.java:75)
	at org.springframework.boot.SpringApplicationRunListeners.doWithListeners(SpringApplicationRunListeners.java:118)
	at org.springframework.boot.SpringApplicationRunListeners.doWithListeners(SpringApplicationRunListeners.java:112)
	at org.springframework.boot.SpringApplicationRunListeners.ready(SpringApplicationRunListeners.java:80)
	at org.springframework.boot.SpringApplication.run(SpringApplication.java:349)
	at org.springframework.boot.SpringApplication.run(SpringApplication.java:1363)
	at org.springframework.boot.SpringApplication.run(SpringApplication.java:1352)
	at com.example.physiokalendar.PhysiokalendarApplication.main(PhysiokalendarApplication.java:12)
	at java.base/jdk.internal.reflect.NativeMethodAccessorImpl.invoke0(Native Method)
	at java.base/jdk.internal.reflect.NativeMethodAccessorImpl.invoke(NativeMethodAccessorImpl.java:77)
	at java.base/jdk.internal.reflect.DelegatingMethodAccessorImpl.invoke(DelegatingMethodAccessorImpl.java:43)
	at java.base/java.lang.reflect.Method.invoke(Method.java:568)
	at org.springframework.boot.devtools.restart.RestartLauncher.run(RestartLauncher.java:50)
2026-02-18 02:58:11.777 [restartedMain] ERROR c.e.p.s.AppointmentSeriesGeneratorJob - Error generating appointments for series 4505: failed to lazily initialize a collection of role: com.example.physiokalendar.entity.AppointmentSeries.cancellations: could not initialize proxy - no Session
org.hibernate.LazyInitializationException: failed to lazily initialize a collection of role: com.example.physiokalendar.entity.AppointmentSeries.cancellations: could not initialize proxy - no Session
	at org.hibernate.collection.spi.AbstractPersistentCollection.throwLazyInitializationException(AbstractPersistentCollection.java:636)
	at org.hibernate.collection.spi.AbstractPersistentCollection.withTemporarySessionIfNeeded(AbstractPersistentCollection.java:219)
	at org.hibernate.collection.spi.AbstractPersistentCollection.initialize(AbstractPersistentCollection.java:615)
	at org.hibernate.collection.spi.AbstractPersistentCollection.read(AbstractPersistentCollection.java:138)
	at org.hibernate.collection.spi.PersistentBag.iterator(PersistentBag.java:369)
	at java.base/java.util.Spliterators$IteratorSpliterator.estimateSize(Spliterators.java:1865)
	at java.base/java.util.Spliterator.getExactSizeIfKnown(Spliterator.java:414)
	at java.base/java.util.stream.AbstractPipeline.copyInto(AbstractPipeline.java:508)
	at java.base/java.util.stream.AbstractPipeline.wrapAndCopyInto(AbstractPipeline.java:499)
	at java.base/java.util.stream.ReduceOps$ReduceOp.evaluateSequential(ReduceOps.java:921)
	at java.base/java.util.stream.AbstractPipeline.evaluate(AbstractPipeline.java:234)
	at java.base/java.util.stream.ReferencePipeline.collect(ReferencePipeline.java:682)
	at com.example.physiokalendar.service.AppointmentSeriesGeneratorJob.generateAppointmentsForSeries(AppointmentSeriesGeneratorJob.java:151)
	at com.example.physiokalendar.service.AppointmentSeriesGeneratorJob.generateMissingAppointments(AppointmentSeriesGeneratorJob.java:107)
	at com.example.physiokalendar.service.AppointmentSeriesGeneratorJob.onApplicationReady(AppointmentSeriesGeneratorJob.java:57)
	at java.base/jdk.internal.reflect.NativeMethodAccessorImpl.invoke0(Native Method)
	at java.base/jdk.internal.reflect.NativeMethodAccessorImpl.invoke(NativeMethodAccessorImpl.java:77)
	at java.base/jdk.internal.reflect.DelegatingMethodAccessorImpl.invoke(DelegatingMethodAccessorImpl.java:43)
	at java.base/java.lang.reflect.Method.invoke(Method.java:568)
	at org.springframework.context.event.ApplicationListenerMethodAdapter.doInvoke(ApplicationListenerMethodAdapter.java:365)
	at org.springframework.context.event.ApplicationListenerMethodAdapter.processEvent(ApplicationListenerMethodAdapter.java:237)
	at org.springframework.context.event.ApplicationListenerMethodAdapter.onApplicationEvent(ApplicationListenerMethodAdapter.java:168)
	at org.springframework.context.event.SimpleApplicationEventMulticaster.doInvokeListener(SimpleApplicationEventMulticaster.java:185)
	at org.springframework.context.event.SimpleApplicationEventMulticaster.invokeListener(SimpleApplicationEventMulticaster.java:178)
	at org.springframework.context.event.SimpleApplicationEventMulticaster.multicastEvent(SimpleApplicationEventMulticaster.java:156)
	at org.springframework.context.support.AbstractApplicationContext.publishEvent(AbstractApplicationContext.java:452)
	at org.springframework.context.support.AbstractApplicationContext.publishEvent(AbstractApplicationContext.java:385)
	at org.springframework.boot.context.event.EventPublishingRunListener.ready(EventPublishingRunListener.java:109)
	at org.springframework.boot.SpringApplicationRunListeners.lambda$ready$6(SpringApplicationRunListeners.java:80)
	at java.base/java.lang.Iterable.forEach(Iterable.java:75)
	at org.springframework.boot.SpringApplicationRunListeners.doWithListeners(SpringApplicationRunListeners.java:118)
	at org.springframework.boot.SpringApplicationRunListeners.doWithListeners(SpringApplicationRunListeners.java:112)
	at org.springframework.boot.SpringApplicationRunListeners.ready(SpringApplicationRunListeners.java:80)
	at org.springframework.boot.SpringApplication.run(SpringApplication.java:349)
	at org.springframework.boot.SpringApplication.run(SpringApplication.java:1363)
	at org.springframework.boot.SpringApplication.run(SpringApplication.java:1352)
	at com.example.physiokalendar.PhysiokalendarApplication.main(PhysiokalendarApplication.java:12)
	at java.base/jdk.internal.reflect.NativeMethodAccessorImpl.invoke0(Native Method)
	at java.base/jdk.internal.reflect.NativeMethodAccessorImpl.invoke(NativeMethodAccessorImpl.java:77)
	at java.base/jdk.internal.reflect.DelegatingMethodAccessorImpl.invoke(DelegatingMethodAccessorImpl.java:43)
	at java.base/java.lang.reflect.Method.invoke(Method.java:568)
	at org.springframework.boot.devtools.restart.RestartLauncher.run(RestartLauncher.java:50)
2026-02-18 02:58:11.780 [restartedMain] ERROR c.e.p.s.AppointmentSeriesGeneratorJob - Error generating appointments for series 4506: failed to lazily initialize a collection of role: com.example.physiokalendar.entity.AppointmentSeries.cancellations: could not initialize proxy - no Session
org.hibernate.LazyInitializationException: failed to lazily initialize a collection of role: com.example.physiokalendar.entity.AppointmentSeries.cancellations: could not initialize proxy - no Session
	at org.hibernate.collection.spi.AbstractPersistentCollection.throwLazyInitializationException(AbstractPersistentCollection.java:636)
	at org.hibernate.collection.spi.AbstractPersistentCollection.withTemporarySessionIfNeeded(AbstractPersistentCollection.java:219)
	at org.hibernate.collection.spi.AbstractPersistentCollection.initialize(AbstractPersistentCollection.java:615)
	at org.hibernate.collection.spi.AbstractPersistentCollection.read(AbstractPersistentCollection.java:138)
	at org.hibernate.collection.spi.PersistentBag.iterator(PersistentBag.java:369)
	at java.base/java.util.Spliterators$IteratorSpliterator.estimateSize(Spliterators.java:1865)
	at java.base/java.util.Spliterator.getExactSizeIfKnown(Spliterator.java:414)
	at java.base/java.util.stream.AbstractPipeline.copyInto(AbstractPipeline.java:508)
	at java.base/java.util.stream.AbstractPipeline.wrapAndCopyInto(AbstractPipeline.java:499)
	at java.base/java.util.stream.ReduceOps$ReduceOp.evaluateSequential(ReduceOps.java:921)
	at java.base/java.util.stream.AbstractPipeline.evaluate(AbstractPipeline.java:234)
	at java.base/java.util.stream.ReferencePipeline.collect(ReferencePipeline.java:682)
	at com.example.physiokalendar.service.AppointmentSeriesGeneratorJob.generateAppointmentsForSeries(AppointmentSeriesGeneratorJob.java:151)
	at com.example.physiokalendar.service.AppointmentSeriesGeneratorJob.generateMissingAppointments(AppointmentSeriesGeneratorJob.java:107)
	at com.example.physiokalendar.service.AppointmentSeriesGeneratorJob.onApplicationReady(AppointmentSeriesGeneratorJob.java:57)
	at java.base/jdk.internal.reflect.NativeMethodAccessorImpl.invoke0(Native Method)
	at java.base/jdk.internal.reflect.NativeMethodAccessorImpl.invoke(NativeMethodAccessorImpl.java:77)
	at java.base/jdk.internal.reflect.DelegatingMethodAccessorImpl.invoke(DelegatingMethodAccessorImpl.java:43)
	at java.base/java.lang.reflect.Method.invoke(Method.java:568)
	at org.springframework.context.event.ApplicationListenerMethodAdapter.doInvoke(ApplicationListenerMethodAdapter.java:365)
	at org.springframework.context.event.ApplicationListenerMethodAdapter.processEvent(ApplicationListenerMethodAdapter.java:237)
	at org.springframework.context.event.ApplicationListenerMethodAdapter.onApplicationEvent(ApplicationListenerMethodAdapter.java:168)
	at org.springframework.context.event.SimpleApplicationEventMulticaster.doInvokeListener(SimpleApplicationEventMulticaster.java:185)
	at org.springframework.context.event.SimpleApplicationEventMulticaster.invokeListener(SimpleApplicationEventMulticaster.java:178)
	at org.springframework.context.event.SimpleApplicationEventMulticaster.multicastEvent(SimpleApplicationEventMulticaster.java:156)
	at org.springframework.context.support.AbstractApplicationContext.publishEvent(AbstractApplicationContext.java:452)
	at org.springframework.context.support.AbstractApplicationContext.publishEvent(AbstractApplicationContext.java:385)
	at org.springframework.boot.context.event.EventPublishingRunListener.ready(EventPublishingRunListener.java:109)
	at org.springframework.boot.SpringApplicationRunListeners.lambda$ready$6(SpringApplicationRunListeners.java:80)
	at java.base/java.lang.Iterable.forEach(Iterable.java:75)
	at org.springframework.boot.SpringApplicationRunListeners.doWithListeners(SpringApplicationRunListeners.java:118)
	at org.springframework.boot.SpringApplicationRunListeners.doWithListeners(SpringApplicationRunListeners.java:112)
	at org.springframework.boot.SpringApplicationRunListeners.ready(SpringApplicationRunListeners.java:80)
	at org.springframework.boot.SpringApplication.run(SpringApplication.java:349)
	at org.springframework.boot.SpringApplication.run(SpringApplication.java:1363)
	at org.springframework.boot.SpringApplication.run(SpringApplication.java:1352)
	at com.example.physiokalendar.PhysiokalendarApplication.main(PhysiokalendarApplication.java:12)
	at java.base/jdk.internal.reflect.NativeMethodAccessorImpl.invoke0(Native Method)
	at java.base/jdk.internal.reflect.NativeMethodAccessorImpl.invoke(NativeMethodAccessorImpl.java:77)
	at java.base/jdk.internal.reflect.DelegatingMethodAccessorImpl.invoke(DelegatingMethodAccessorImpl.java:43)
	at java.base/java.lang.reflect.Method.invoke(Method.java:568)
	at org.springframework.boot.devtools.restart.RestartLauncher.run(RestartLauncher.java:50)
2026-02-18 02:58:11.786 [restartedMain] ERROR c.e.p.s.AppointmentSeriesGeneratorJob - Error generating appointments for series 4507: failed to lazily initialize a collection of role: com.example.physiokalendar.entity.AppointmentSeries.cancellations: could not initialize proxy - no Session
org.hibernate.LazyInitializationException: failed to lazily initialize a collection of role: com.example.physiokalendar.entity.AppointmentSeries.cancellations: could not initialize proxy - no Session
	at org.hibernate.collection.spi.AbstractPersistentCollection.throwLazyInitializationException(AbstractPersistentCollection.java:636)
	at org.hibernate.collection.spi.AbstractPersistentCollection.withTemporarySessionIfNeeded(AbstractPersistentCollection.java:219)
	at org.hibernate.collection.spi.AbstractPersistentCollection.initialize(AbstractPersistentCollection.java:615)
	at org.hibernate.collection.spi.AbstractPersistentCollection.read(AbstractPersistentCollection.java:138)
	at org.hibernate.collection.spi.PersistentBag.iterator(PersistentBag.java:369)
	at java.base/java.util.Spliterators$IteratorSpliterator.estimateSize(Spliterators.java:1865)
	at java.base/java.util.Spliterator.getExactSizeIfKnown(Spliterator.java:414)
	at java.base/java.util.stream.AbstractPipeline.copyInto(AbstractPipeline.java:508)
	at java.base/java.util.stream.AbstractPipeline.wrapAndCopyInto(AbstractPipeline.java:499)
	at java.base/java.util.stream.ReduceOps$ReduceOp.evaluateSequential(ReduceOps.java:921)
	at java.base/java.util.stream.AbstractPipeline.evaluate(AbstractPipeline.java:234)
	at java.base/java.util.stream.ReferencePipeline.collect(ReferencePipeline.java:682)
	at com.example.physiokalendar.service.AppointmentSeriesGeneratorJob.generateAppointmentsForSeries(AppointmentSeriesGeneratorJob.java:151)
	at com.example.physiokalendar.service.AppointmentSeriesGeneratorJob.generateMissingAppointments(AppointmentSeriesGeneratorJob.java:107)
	at com.example.physiokalendar.service.AppointmentSeriesGeneratorJob.onApplicationReady(AppointmentSeriesGeneratorJob.java:57)
	at java.base/jdk.internal.reflect.NativeMethodAccessorImpl.invoke0(Native Method)
	at java.base/jdk.internal.reflect.NativeMethodAccessorImpl.invoke(NativeMethodAccessorImpl.java:77)
	at java.base/jdk.internal.reflect.DelegatingMethodAccessorImpl.invoke(DelegatingMethodAccessorImpl.java:43)
	at java.base/java.lang.reflect.Method.invoke(Method.java:568)
	at org.springframework.context.event.ApplicationListenerMethodAdapter.doInvoke(ApplicationListenerMethodAdapter.java:365)
	at org.springframework.context.event.ApplicationListenerMethodAdapter.processEvent(ApplicationListenerMethodAdapter.java:237)
	at org.springframework.context.event.ApplicationListenerMethodAdapter.onApplicationEvent(ApplicationListenerMethodAdapter.java:168)
	at org.springframework.context.event.SimpleApplicationEventMulticaster.doInvokeListener(SimpleApplicationEventMulticaster.java:185)
	at org.springframework.context.event.SimpleApplicationEventMulticaster.invokeListener(SimpleApplicationEventMulticaster.java:178)
	at org.springframework.context.event.SimpleApplicationEventMulticaster.multicastEvent(SimpleApplicationEventMulticaster.java:156)
	at org.springframework.context.support.AbstractApplicationContext.publishEvent(AbstractApplicationContext.java:452)
	at org.springframework.context.support.AbstractApplicationContext.publishEvent(AbstractApplicationContext.java:385)
	at org.springframework.boot.context.event.EventPublishingRunListener.ready(EventPublishingRunListener.java:109)
	at org.springframework.boot.SpringApplicationRunListeners.lambda$ready$6(SpringApplicationRunListeners.java:80)
	at java.base/java.lang.Iterable.forEach(Iterable.java:75)
	at org.springframework.boot.SpringApplicationRunListeners.doWithListeners(SpringApplicationRunListeners.java:118)
	at org.springframework.boot.SpringApplicationRunListeners.doWithListeners(SpringApplicationRunListeners.java:112)
	at org.springframework.boot.SpringApplicationRunListeners.ready(SpringApplicationRunListeners.java:80)
	at org.springframework.boot.SpringApplication.run(SpringApplication.java:349)
	at org.springframework.boot.SpringApplication.run(SpringApplication.java:1363)
	at org.springframework.boot.SpringApplication.run(SpringApplication.java:1352)
	at com.example.physiokalendar.PhysiokalendarApplication.main(PhysiokalendarApplication.java:12)
	at java.base/jdk.internal.reflect.NativeMethodAccessorImpl.invoke0(Native Method)
	at java.base/jdk.internal.reflect.NativeMethodAccessorImpl.invoke(NativeMethodAccessorImpl.java:77)
	at java.base/jdk.internal.reflect.DelegatingMethodAccessorImpl.invoke(DelegatingMethodAccessorImpl.java:43)
	at java.base/java.lang.reflect.Method.invoke(Method.java:568)
	at org.springframework.boot.devtools.restart.RestartLauncher.run(RestartLauncher.java:50)
2026-02-18 02:58:11.789 [restartedMain] ERROR c.e.p.s.AppointmentSeriesGeneratorJob - Error generating appointments for series 4508: failed to lazily initialize a collection of role: com.example.physiokalendar.entity.AppointmentSeries.cancellations: could not initialize proxy - no Session
org.hibernate.LazyInitializationException: failed to lazily initialize a collection of role: com.example.physiokalendar.entity.AppointmentSeries.cancellations: could not initialize proxy - no Session
	at org.hibernate.collection.spi.AbstractPersistentCollection.throwLazyInitializationException(AbstractPersistentCollection.java:636)
	at org.hibernate.collection.spi.AbstractPersistentCollection.withTemporarySessionIfNeeded(AbstractPersistentCollection.java:219)
	at org.hibernate.collection.spi.AbstractPersistentCollection.initialize(AbstractPersistentCollection.java:615)
	at org.hibernate.collection.spi.AbstractPersistentCollection.read(AbstractPersistentCollection.java:138)
	at org.hibernate.collection.spi.PersistentBag.iterator(PersistentBag.java:369)
	at java.base/java.util.Spliterators$IteratorSpliterator.estimateSize(Spliterators.java:1865)
	at java.base/java.util.Spliterator.getExactSizeIfKnown(Spliterator.java:414)
	at java.base/java.util.stream.AbstractPipeline.copyInto(AbstractPipeline.java:508)
	at java.base/java.util.stream.AbstractPipeline.wrapAndCopyInto(AbstractPipeline.java:499)
	at java.base/java.util.stream.ReduceOps$ReduceOp.evaluateSequential(ReduceOps.java:921)
	at java.base/java.util.stream.AbstractPipeline.evaluate(AbstractPipeline.java:234)
	at java.base/java.util.stream.ReferencePipeline.collect(ReferencePipeline.java:682)
	at com.example.physiokalendar.service.AppointmentSeriesGeneratorJob.generateAppointmentsForSeries(AppointmentSeriesGeneratorJob.java:151)
	at com.example.physiokalendar.service.AppointmentSeriesGeneratorJob.generateMissingAppointments(AppointmentSeriesGeneratorJob.java:107)
	at com.example.physiokalendar.service.AppointmentSeriesGeneratorJob.onApplicationReady(AppointmentSeriesGeneratorJob.java:57)
	at java.base/jdk.internal.reflect.NativeMethodAccessorImpl.invoke0(Native Method)
	at java.base/jdk.internal.reflect.NativeMethodAccessorImpl.invoke(NativeMethodAccessorImpl.java:77)
	at java.base/jdk.internal.reflect.DelegatingMethodAccessorImpl.invoke(DelegatingMethodAccessorImpl.java:43)
	at java.base/java.lang.reflect.Method.invoke(Method.java:568)
	at org.springframework.context.event.ApplicationListenerMethodAdapter.doInvoke(ApplicationListenerMethodAdapter.java:365)
	at org.springframework.context.event.ApplicationListenerMethodAdapter.processEvent(ApplicationListenerMethodAdapter.java:237)
	at org.springframework.context.event.ApplicationListenerMethodAdapter.onApplicationEvent(ApplicationListenerMethodAdapter.java:168)
	at org.springframework.context.event.SimpleApplicationEventMulticaster.doInvokeListener(SimpleApplicationEventMulticaster.java:185)
	at org.springframework.context.event.SimpleApplicationEventMulticaster.invokeListener(SimpleApplicationEventMulticaster.java:178)
	at org.springframework.context.event.SimpleApplicationEventMulticaster.multicastEvent(SimpleApplicationEventMulticaster.java:156)
	at org.springframework.context.support.AbstractApplicationContext.publishEvent(AbstractApplicationContext.java:452)
	at org.springframework.context.support.AbstractApplicationContext.publishEvent(AbstractApplicationContext.java:385)
	at org.springframework.boot.context.event.EventPublishingRunListener.ready(EventPublishingRunListener.java:109)
	at org.springframework.boot.SpringApplicationRunListeners.lambda$ready$6(SpringApplicationRunListeners.java:80)
	at java.base/java.lang.Iterable.forEach(Iterable.java:75)
	at org.springframework.boot.SpringApplicationRunListeners.doWithListeners(SpringApplicationRunListeners.java:118)
	at org.springframework.boot.SpringApplicationRunListeners.doWithListeners(SpringApplicationRunListeners.java:112)
	at org.springframework.boot.SpringApplicationRunListeners.ready(SpringApplicationRunListeners.java:80)
	at org.springframework.boot.SpringApplication.run(SpringApplication.java:349)
	at org.springframework.boot.SpringApplication.run(SpringApplication.java:1363)
	at org.springframework.boot.SpringApplication.run(SpringApplication.java:1352)
	at com.example.physiokalendar.PhysiokalendarApplication.main(PhysiokalendarApplication.java:12)
	at java.base/jdk.internal.reflect.NativeMethodAccessorImpl.invoke0(Native Method)
	at java.base/jdk.internal.reflect.NativeMethodAccessorImpl.invoke(NativeMethodAccessorImpl.java:77)
	at java.base/jdk.internal.reflect.DelegatingMethodAccessorImpl.invoke(DelegatingMethodAccessorImpl.java:43)
	at java.base/java.lang.reflect.Method.invoke(Method.java:568)
	at org.springframework.boot.devtools.restart.RestartLauncher.run(RestartLauncher.java:50)
2026-02-18 02:58:11.792 [restartedMain] ERROR c.e.p.s.AppointmentSeriesGeneratorJob - Error generating appointments for series 4509: failed to lazily initialize a collection of role: com.example.physiokalendar.entity.AppointmentSeries.cancellations: could not initialize proxy - no Session
org.hibernate.LazyInitializationException: failed to lazily initialize a collection of role: com.example.physiokalendar.entity.AppointmentSeries.cancellations: could not initialize proxy - no Session
	at org.hibernate.collection.spi.AbstractPersistentCollection.throwLazyInitializationException(AbstractPersistentCollection.java:636)
	at org.hibernate.collection.spi.AbstractPersistentCollection.withTemporarySessionIfNeeded(AbstractPersistentCollection.java:219)
	at org.hibernate.collection.spi.AbstractPersistentCollection.initialize(AbstractPersistentCollection.java:615)
	at org.hibernate.collection.spi.AbstractPersistentCollection.read(AbstractPersistentCollection.java:138)
	at org.hibernate.collection.spi.PersistentBag.iterator(PersistentBag.java:369)
	at java.base/java.util.Spliterators$IteratorSpliterator.estimateSize(Spliterators.java:1865)
	at java.base/java.util.Spliterator.getExactSizeIfKnown(Spliterator.java:414)
	at java.base/java.util.stream.AbstractPipeline.copyInto(AbstractPipeline.java:508)
	at java.base/java.util.stream.AbstractPipeline.wrapAndCopyInto(AbstractPipeline.java:499)
	at java.base/java.util.stream.ReduceOps$ReduceOp.evaluateSequential(ReduceOps.java:921)
	at java.base/java.util.stream.AbstractPipeline.evaluate(AbstractPipeline.java:234)
	at java.base/java.util.stream.ReferencePipeline.collect(ReferencePipeline.java:682)
	at com.example.physiokalendar.service.AppointmentSeriesGeneratorJob.generateAppointmentsForSeries(AppointmentSeriesGeneratorJob.java:151)
	at com.example.physiokalendar.service.AppointmentSeriesGeneratorJob.generateMissingAppointments(AppointmentSeriesGeneratorJob.java:107)
	at com.example.physiokalendar.service.AppointmentSeriesGeneratorJob.onApplicationReady(AppointmentSeriesGeneratorJob.java:57)
	at java.base/jdk.internal.reflect.NativeMethodAccessorImpl.invoke0(Native Method)
	at java.base/jdk.internal.reflect.NativeMethodAccessorImpl.invoke(NativeMethodAccessorImpl.java:77)
	at java.base/jdk.internal.reflect.DelegatingMethodAccessorImpl.invoke(DelegatingMethodAccessorImpl.java:43)
	at java.base/java.lang.reflect.Method.invoke(Method.java:568)
	at org.springframework.context.event.ApplicationListenerMethodAdapter.doInvoke(ApplicationListenerMethodAdapter.java:365)
	at org.springframework.context.event.ApplicationListenerMethodAdapter.processEvent(ApplicationListenerMethodAdapter.java:237)
	at org.springframework.context.event.ApplicationListenerMethodAdapter.onApplicationEvent(ApplicationListenerMethodAdapter.java:168)
	at org.springframework.context.event.SimpleApplicationEventMulticaster.doInvokeListener(SimpleApplicationEventMulticaster.java:185)
	at org.springframework.context.event.SimpleApplicationEventMulticaster.invokeListener(SimpleApplicationEventMulticaster.java:178)
	at org.springframework.context.event.SimpleApplicationEventMulticaster.multicastEvent(SimpleApplicationEventMulticaster.java:156)
	at org.springframework.context.support.AbstractApplicationContext.publishEvent(AbstractApplicationContext.java:452)
	at org.springframework.context.support.AbstractApplicationContext.publishEvent(AbstractApplicationContext.java:385)
	at org.springframework.boot.context.event.EventPublishingRunListener.ready(EventPublishingRunListener.java:109)
	at org.springframework.boot.SpringApplicationRunListeners.lambda$ready$6(SpringApplicationRunListeners.java:80)
	at java.base/java.lang.Iterable.forEach(Iterable.java:75)
	at org.springframework.boot.SpringApplicationRunListeners.doWithListeners(SpringApplicationRunListeners.java:118)
	at org.springframework.boot.SpringApplicationRunListeners.doWithListeners(SpringApplicationRunListeners.java:112)
	at org.springframework.boot.SpringApplicationRunListeners.ready(SpringApplicationRunListeners.java:80)
	at org.springframework.boot.SpringApplication.run(SpringApplication.java:349)
	at org.springframework.boot.SpringApplication.run(SpringApplication.java:1363)
	at org.springframework.boot.SpringApplication.run(SpringApplication.java:1352)
	at com.example.physiokalendar.PhysiokalendarApplication.main(PhysiokalendarApplication.java:12)
	at java.base/jdk.internal.reflect.NativeMethodAccessorImpl.invoke0(Native Method)
	at java.base/jdk.internal.reflect.NativeMethodAccessorImpl.invoke(NativeMethodAccessorImpl.java:77)
	at java.base/jdk.internal.reflect.DelegatingMethodAccessorImpl.invoke(DelegatingMethodAccessorImpl.java:43)
	at java.base/java.lang.reflect.Method.invoke(Method.java:568)
	at org.springframework.boot.devtools.restart.RestartLauncher.run(RestartLauncher.java:50)
2026-02-18 02:58:11.796 [restartedMain] ERROR c.e.p.s.AppointmentSeriesGeneratorJob - Error generating appointments for series 4510: failed to lazily initialize a collection of role: com.example.physiokalendar.entity.AppointmentSeries.cancellations: could not initialize proxy - no Session
org.hibernate.LazyInitializationException: failed to lazily initialize a collection of role: com.example.physiokalendar.entity.AppointmentSeries.cancellations: could not initialize proxy - no Session
	at org.hibernate.collection.spi.AbstractPersistentCollection.throwLazyInitializationException(AbstractPersistentCollection.java:636)
	at org.hibernate.collection.spi.AbstractPersistentCollection.withTemporarySessionIfNeeded(AbstractPersistentCollection.java:219)
	at org.hibernate.collection.spi.AbstractPersistentCollection.initialize(AbstractPersistentCollection.java:615)
	at org.hibernate.collection.spi.AbstractPersistentCollection.read(AbstractPersistentCollection.java:138)
	at org.hibernate.collection.spi.PersistentBag.iterator(PersistentBag.java:369)
	at java.base/java.util.Spliterators$IteratorSpliterator.estimateSize(Spliterators.java:1865)
	at java.base/java.util.Spliterator.getExactSizeIfKnown(Spliterator.java:414)
	at java.base/java.util.stream.AbstractPipeline.copyInto(AbstractPipeline.java:508)
	at java.base/java.util.stream.AbstractPipeline.wrapAndCopyInto(AbstractPipeline.java:499)
	at java.base/java.util.stream.ReduceOps$ReduceOp.evaluateSequential(ReduceOps.java:921)
	at java.base/java.util.stream.AbstractPipeline.evaluate(AbstractPipeline.java:234)
	at java.base/java.util.stream.ReferencePipeline.collect(ReferencePipeline.java:682)
	at com.example.physiokalendar.service.AppointmentSeriesGeneratorJob.generateAppointmentsForSeries(AppointmentSeriesGeneratorJob.java:151)
	at com.example.physiokalendar.service.AppointmentSeriesGeneratorJob.generateMissingAppointments(AppointmentSeriesGeneratorJob.java:107)
	at com.example.physiokalendar.service.AppointmentSeriesGeneratorJob.onApplicationReady(AppointmentSeriesGeneratorJob.java:57)
	at java.base/jdk.internal.reflect.NativeMethodAccessorImpl.invoke0(Native Method)
	at java.base/jdk.internal.reflect.NativeMethodAccessorImpl.invoke(NativeMethodAccessorImpl.java:77)
	at java.base/jdk.internal.reflect.DelegatingMethodAccessorImpl.invoke(DelegatingMethodAccessorImpl.java:43)
	at java.base/java.lang.reflect.Method.invoke(Method.java:568)
	at org.springframework.context.event.ApplicationListenerMethodAdapter.doInvoke(ApplicationListenerMethodAdapter.java:365)
	at org.springframework.context.event.ApplicationListenerMethodAdapter.processEvent(ApplicationListenerMethodAdapter.java:237)
	at org.springframework.context.event.ApplicationListenerMethodAdapter.onApplicationEvent(ApplicationListenerMethodAdapter.java:168)
	at org.springframework.context.event.SimpleApplicationEventMulticaster.doInvokeListener(SimpleApplicationEventMulticaster.java:185)
	at org.springframework.context.event.SimpleApplicationEventMulticaster.invokeListener(SimpleApplicationEventMulticaster.java:178)
	at org.springframework.context.event.SimpleApplicationEventMulticaster.multicastEvent(SimpleApplicationEventMulticaster.java:156)
	at org.springframework.context.support.AbstractApplicationContext.publishEvent(AbstractApplicationContext.java:452)
	at org.springframework.context.support.AbstractApplicationContext.publishEvent(AbstractApplicationContext.java:385)
	at org.springframework.boot.context.event.EventPublishingRunListener.ready(EventPublishingRunListener.java:109)
	at org.springframework.boot.SpringApplicationRunListeners.lambda$ready$6(SpringApplicationRunListeners.java:80)
	at java.base/java.lang.Iterable.forEach(Iterable.java:75)
	at org.springframework.boot.SpringApplicationRunListeners.doWithListeners(SpringApplicationRunListeners.java:118)
	at org.springframework.boot.SpringApplicationRunListeners.doWithListeners(SpringApplicationRunListeners.java:112)
	at org.springframework.boot.SpringApplicationRunListeners.ready(SpringApplicationRunListeners.java:80)
	at org.springframework.boot.SpringApplication.run(SpringApplication.java:349)
	at org.springframework.boot.SpringApplication.run(SpringApplication.java:1363)
	at org.springframework.boot.SpringApplication.run(SpringApplication.java:1352)
	at com.example.physiokalendar.PhysiokalendarApplication.main(PhysiokalendarApplication.java:12)
	at java.base/jdk.internal.reflect.NativeMethodAccessorImpl.invoke0(Native Method)
	at java.base/jdk.internal.reflect.NativeMethodAccessorImpl.invoke(NativeMethodAccessorImpl.java:77)
	at java.base/jdk.internal.reflect.DelegatingMethodAccessorImpl.invoke(DelegatingMethodAccessorImpl.java:43)
	at java.base/java.lang.reflect.Method.invoke(Method.java:568)
	at org.springframework.boot.devtools.restart.RestartLauncher.run(RestartLauncher.java:50)
2026-02-18 02:58:11.800 [restartedMain] ERROR c.e.p.s.AppointmentSeriesGeneratorJob - Error generating appointments for series 4511: failed to lazily initialize a collection of role: com.example.physiokalendar.entity.AppointmentSeries.cancellations: could not initialize proxy - no Session
org.hibernate.LazyInitializationException: failed to lazily initialize a collection of role: com.example.physiokalendar.entity.AppointmentSeries.cancellations: could not initialize proxy - no Session
	at org.hibernate.collection.spi.AbstractPersistentCollection.throwLazyInitializationException(AbstractPersistentCollection.java:636)
	at org.hibernate.collection.spi.AbstractPersistentCollection.withTemporarySessionIfNeeded(AbstractPersistentCollection.java:219)
	at org.hibernate.collection.spi.AbstractPersistentCollection.initialize(AbstractPersistentCollection.java:615)
	at org.hibernate.collection.spi.AbstractPersistentCollection.read(AbstractPersistentCollection.java:138)
	at org.hibernate.collection.spi.PersistentBag.iterator(PersistentBag.java:369)
	at java.base/java.util.Spliterators$IteratorSpliterator.estimateSize(Spliterators.java:1865)
	at java.base/java.util.Spliterator.getExactSizeIfKnown(Spliterator.java:414)
	at java.base/java.util.stream.AbstractPipeline.copyInto(AbstractPipeline.java:508)
	at java.base/java.util.stream.AbstractPipeline.wrapAndCopyInto(AbstractPipeline.java:499)
	at java.base/java.util.stream.ReduceOps$ReduceOp.evaluateSequential(ReduceOps.java:921)
	at java.base/java.util.stream.AbstractPipeline.evaluate(AbstractPipeline.java:234)
	at java.base/java.util.stream.ReferencePipeline.collect(ReferencePipeline.java:682)
	at com.example.physiokalendar.service.AppointmentSeriesGeneratorJob.generateAppointmentsForSeries(AppointmentSeriesGeneratorJob.java:151)
	at com.example.physiokalendar.service.AppointmentSeriesGeneratorJob.generateMissingAppointments(AppointmentSeriesGeneratorJob.java:107)
	at com.example.physiokalendar.service.AppointmentSeriesGeneratorJob.onApplicationReady(AppointmentSeriesGeneratorJob.java:57)
	at java.base/jdk.internal.reflect.NativeMethodAccessorImpl.invoke0(Native Method)
	at java.base/jdk.internal.reflect.NativeMethodAccessorImpl.invoke(NativeMethodAccessorImpl.java:77)
	at java.base/jdk.internal.reflect.DelegatingMethodAccessorImpl.invoke(DelegatingMethodAccessorImpl.java:43)
	at java.base/java.lang.reflect.Method.invoke(Method.java:568)
	at org.springframework.context.event.ApplicationListenerMethodAdapter.doInvoke(ApplicationListenerMethodAdapter.java:365)
	at org.springframework.context.event.ApplicationListenerMethodAdapter.processEvent(ApplicationListenerMethodAdapter.java:237)
	at org.springframework.context.event.ApplicationListenerMethodAdapter.onApplicationEvent(ApplicationListenerMethodAdapter.java:168)
	at org.springframework.context.event.SimpleApplicationEventMulticaster.doInvokeListener(SimpleApplicationEventMulticaster.java:185)
	at org.springframework.context.event.SimpleApplicationEventMulticaster.invokeListener(SimpleApplicationEventMulticaster.java:178)
	at org.springframework.context.event.SimpleApplicationEventMulticaster.multicastEvent(SimpleApplicationEventMulticaster.java:156)
	at org.springframework.context.support.AbstractApplicationContext.publishEvent(AbstractApplicationContext.java:452)
	at org.springframework.context.support.AbstractApplicationContext.publishEvent(AbstractApplicationContext.java:385)
	at org.springframework.boot.context.event.EventPublishingRunListener.ready(EventPublishingRunListener.java:109)
	at org.springframework.boot.SpringApplicationRunListeners.lambda$ready$6(SpringApplicationRunListeners.java:80)
	at java.base/java.lang.Iterable.forEach(Iterable.java:75)
	at org.springframework.boot.SpringApplicationRunListeners.doWithListeners(SpringApplicationRunListeners.java:118)
	at org.springframework.boot.SpringApplicationRunListeners.doWithListeners(SpringApplicationRunListeners.java:112)
	at org.springframework.boot.SpringApplicationRunListeners.ready(SpringApplicationRunListeners.java:80)
	at org.springframework.boot.SpringApplication.run(SpringApplication.java:349)
	at org.springframework.boot.SpringApplication.run(SpringApplication.java:1363)
	at org.springframework.boot.SpringApplication.run(SpringApplication.java:1352)
	at com.example.physiokalendar.PhysiokalendarApplication.main(PhysiokalendarApplication.java:12)
	at java.base/jdk.internal.reflect.NativeMethodAccessorImpl.invoke0(Native Method)
	at java.base/jdk.internal.reflect.NativeMethodAccessorImpl.invoke(NativeMethodAccessorImpl.java:77)
	at java.base/jdk.internal.reflect.DelegatingMethodAccessorImpl.invoke(DelegatingMethodAccessorImpl.java:43)
	at java.base/java.lang.reflect.Method.invoke(Method.java:568)
	at org.springframework.boot.devtools.restart.RestartLauncher.run(RestartLauncher.java:50)
2026-02-18 02:58:11.803 [restartedMain] ERROR c.e.p.s.AppointmentSeriesGeneratorJob - Error generating appointments for series 4512: failed to lazily initialize a collection of role: com.example.physiokalendar.entity.AppointmentSeries.cancellations: could not initialize proxy - no Session
org.hibernate.LazyInitializationException: failed to lazily initialize a collection of role: com.example.physiokalendar.entity.AppointmentSeries.cancellations: could not initialize proxy - no Session
	at org.hibernate.collection.spi.AbstractPersistentCollection.throwLazyInitializationException(AbstractPersistentCollection.java:636)
	at org.hibernate.collection.spi.AbstractPersistentCollection.withTemporarySessionIfNeeded(AbstractPersistentCollection.java:219)
	at org.hibernate.collection.spi.AbstractPersistentCollection.initialize(AbstractPersistentCollection.java:615)
	at org.hibernate.collection.spi.AbstractPersistentCollection.read(AbstractPersistentCollection.java:138)
	at org.hibernate.collection.spi.PersistentBag.iterator(PersistentBag.java:369)
	at java.base/java.util.Spliterators$IteratorSpliterator.estimateSize(Spliterators.java:1865)
	at java.base/java.util.Spliterator.getExactSizeIfKnown(Spliterator.java:414)
	at java.base/java.util.stream.AbstractPipeline.copyInto(AbstractPipeline.java:508)
	at java.base/java.util.stream.AbstractPipeline.wrapAndCopyInto(AbstractPipeline.java:499)
	at java.base/java.util.stream.ReduceOps$ReduceOp.evaluateSequential(ReduceOps.java:921)
	at java.base/java.util.stream.AbstractPipeline.evaluate(AbstractPipeline.java:234)
	at java.base/java.util.stream.ReferencePipeline.collect(ReferencePipeline.java:682)
	at com.example.physiokalendar.service.AppointmentSeriesGeneratorJob.generateAppointmentsForSeries(AppointmentSeriesGeneratorJob.java:151)
	at com.example.physiokalendar.service.AppointmentSeriesGeneratorJob.generateMissingAppointments(AppointmentSeriesGeneratorJob.java:107)
	at com.example.physiokalendar.service.AppointmentSeriesGeneratorJob.onApplicationReady(AppointmentSeriesGeneratorJob.java:57)
	at java.base/jdk.internal.reflect.NativeMethodAccessorImpl.invoke0(Native Method)
	at java.base/jdk.internal.reflect.NativeMethodAccessorImpl.invoke(NativeMethodAccessorImpl.java:77)
	at java.base/jdk.internal.reflect.DelegatingMethodAccessorImpl.invoke(DelegatingMethodAccessorImpl.java:43)
	at java.base/java.lang.reflect.Method.invoke(Method.java:568)
	at org.springframework.context.event.ApplicationListenerMethodAdapter.doInvoke(ApplicationListenerMethodAdapter.java:365)
	at org.springframework.context.event.ApplicationListenerMethodAdapter.processEvent(ApplicationListenerMethodAdapter.java:237)
	at org.springframework.context.event.ApplicationListenerMethodAdapter.onApplicationEvent(ApplicationListenerMethodAdapter.java:168)
	at org.springframework.context.event.SimpleApplicationEventMulticaster.doInvokeListener(SimpleApplicationEventMulticaster.java:185)
	at org.springframework.context.event.SimpleApplicationEventMulticaster.invokeListener(SimpleApplicationEventMulticaster.java:178)
	at org.springframework.context.event.SimpleApplicationEventMulticaster.multicastEvent(SimpleApplicationEventMulticaster.java:156)
	at org.springframework.context.support.AbstractApplicationContext.publishEvent(AbstractApplicationContext.java:452)
	at org.springframework.context.support.AbstractApplicationContext.publishEvent(AbstractApplicationContext.java:385)
	at org.springframework.boot.context.event.EventPublishingRunListener.ready(EventPublishingRunListener.java:109)
	at org.springframework.boot.SpringApplicationRunListeners.lambda$ready$6(SpringApplicationRunListeners.java:80)
	at java.base/java.lang.Iterable.forEach(Iterable.java:75)
	at org.springframework.boot.SpringApplicationRunListeners.doWithListeners(SpringApplicationRunListeners.java:118)
	at org.springframework.boot.SpringApplicationRunListeners.doWithListeners(SpringApplicationRunListeners.java:112)
	at org.springframework.boot.SpringApplicationRunListeners.ready(SpringApplicationRunListeners.java:80)
	at org.springframework.boot.SpringApplication.run(SpringApplication.java:349)
	at org.springframework.boot.SpringApplication.run(SpringApplication.java:1363)
	at org.springframework.boot.SpringApplication.run(SpringApplication.java:1352)
	at com.example.physiokalendar.PhysiokalendarApplication.main(PhysiokalendarApplication.java:12)
	at java.base/jdk.internal.reflect.NativeMethodAccessorImpl.invoke0(Native Method)
	at java.base/jdk.internal.reflect.NativeMethodAccessorImpl.invoke(NativeMethodAccessorImpl.java:77)
	at java.base/jdk.internal.reflect.DelegatingMethodAccessorImpl.invoke(DelegatingMethodAccessorImpl.java:43)
	at java.base/java.lang.reflect.Method.invoke(Method.java:568)
	at org.springframework.boot.devtools.restart.RestartLauncher.run(RestartLauncher.java:50)
2026-02-18 02:58:11.807 [restartedMain] ERROR c.e.p.s.AppointmentSeriesGeneratorJob - Error generating appointments for series 4513: failed to lazily initialize a collection of role: com.example.physiokalendar.entity.AppointmentSeries.cancellations: could not initialize proxy - no Session
org.hibernate.LazyInitializationException: failed to lazily initialize a collection of role: com.example.physiokalendar.entity.AppointmentSeries.cancellations: could not initialize proxy - no Session
	at org.hibernate.collection.spi.AbstractPersistentCollection.throwLazyInitializationException(AbstractPersistentCollection.java:636)
	at org.hibernate.collection.spi.AbstractPersistentCollection.withTemporarySessionIfNeeded(AbstractPersistentCollection.java:219)
	at org.hibernate.collection.spi.AbstractPersistentCollection.initialize(AbstractPersistentCollection.java:615)
	at org.hibernate.collection.spi.AbstractPersistentCollection.read(AbstractPersistentCollection.java:138)
	at org.hibernate.collection.spi.PersistentBag.iterator(PersistentBag.java:369)
	at java.base/java.util.Spliterators$IteratorSpliterator.estimateSize(Spliterators.java:1865)
	at java.base/java.util.Spliterator.getExactSizeIfKnown(Spliterator.java:414)
	at java.base/java.util.stream.AbstractPipeline.copyInto(AbstractPipeline.java:508)
	at java.base/java.util.stream.AbstractPipeline.wrapAndCopyInto(AbstractPipeline.java:499)
	at java.base/java.util.stream.ReduceOps$ReduceOp.evaluateSequential(ReduceOps.java:921)
	at java.base/java.util.stream.AbstractPipeline.evaluate(AbstractPipeline.java:234)
	at java.base/java.util.stream.ReferencePipeline.collect(ReferencePipeline.java:682)
	at com.example.physiokalendar.service.AppointmentSeriesGeneratorJob.generateAppointmentsForSeries(AppointmentSeriesGeneratorJob.java:151)
	at com.example.physiokalendar.service.AppointmentSeriesGeneratorJob.generateMissingAppointments(AppointmentSeriesGeneratorJob.java:107)
	at com.example.physiokalendar.service.AppointmentSeriesGeneratorJob.onApplicationReady(AppointmentSeriesGeneratorJob.java:57)
	at java.base/jdk.internal.reflect.NativeMethodAccessorImpl.invoke0(Native Method)
	at java.base/jdk.internal.reflect.NativeMethodAccessorImpl.invoke(NativeMethodAccessorImpl.java:77)
	at java.base/jdk.internal.reflect.DelegatingMethodAccessorImpl.invoke(DelegatingMethodAccessorImpl.java:43)
	at java.base/java.lang.reflect.Method.invoke(Method.java:568)
	at org.springframework.context.event.ApplicationListenerMethodAdapter.doInvoke(ApplicationListenerMethodAdapter.java:365)
	at org.springframework.context.event.ApplicationListenerMethodAdapter.processEvent(ApplicationListenerMethodAdapter.java:237)
	at org.springframework.context.event.ApplicationListenerMethodAdapter.onApplicationEvent(ApplicationListenerMethodAdapter.java:168)
	at org.springframework.context.event.SimpleApplicationEventMulticaster.doInvokeListener(SimpleApplicationEventMulticaster.java:185)
	at org.springframework.context.event.SimpleApplicationEventMulticaster.invokeListener(SimpleApplicationEventMulticaster.java:178)
	at org.springframework.context.event.SimpleApplicationEventMulticaster.multicastEvent(SimpleApplicationEventMulticaster.java:156)
	at org.springframework.context.support.AbstractApplicationContext.publishEvent(AbstractApplicationContext.java:452)
	at org.springframework.context.support.AbstractApplicationContext.publishEvent(AbstractApplicationContext.java:385)
	at org.springframework.boot.context.event.EventPublishingRunListener.ready(EventPublishingRunListener.java:109)
	at org.springframework.boot.SpringApplicationRunListeners.lambda$ready$6(SpringApplicationRunListeners.java:80)
	at java.base/java.lang.Iterable.forEach(Iterable.java:75)
	at org.springframework.boot.SpringApplicationRunListeners.doWithListeners(SpringApplicationRunListeners.java:118)
	at org.springframework.boot.SpringApplicationRunListeners.doWithListeners(SpringApplicationRunListeners.java:112)
	at org.springframework.boot.SpringApplicationRunListeners.ready(SpringApplicationRunListeners.java:80)
	at org.springframework.boot.SpringApplication.run(SpringApplication.java:349)
	at org.springframework.boot.SpringApplication.run(SpringApplication.java:1363)
	at org.springframework.boot.SpringApplication.run(SpringApplication.java:1352)
	at com.example.physiokalendar.PhysiokalendarApplication.main(PhysiokalendarApplication.java:12)
	at java.base/jdk.internal.reflect.NativeMethodAccessorImpl.invoke0(Native Method)
	at java.base/jdk.internal.reflect.NativeMethodAccessorImpl.invoke(NativeMethodAccessorImpl.java:77)
	at java.base/jdk.internal.reflect.DelegatingMethodAccessorImpl.invoke(DelegatingMethodAccessorImpl.java:43)
	at java.base/java.lang.reflect.Method.invoke(Method.java:568)
	at org.springframework.boot.devtools.restart.RestartLauncher.run(RestartLauncher.java:50)
2026-02-18 02:58:11.810 [restartedMain] ERROR c.e.p.s.AppointmentSeriesGeneratorJob - Error generating appointments for series 4514: failed to lazily initialize a collection of role: com.example.physiokalendar.entity.AppointmentSeries.cancellations: could not initialize proxy - no Session
org.hibernate.LazyInitializationException: failed to lazily initialize a collection of role: com.example.physiokalendar.entity.AppointmentSeries.cancellations: could not initialize proxy - no Session
	at org.hibernate.collection.spi.AbstractPersistentCollection.throwLazyInitializationException(AbstractPersistentCollection.java:636)
	at org.hibernate.collection.spi.AbstractPersistentCollection.withTemporarySessionIfNeeded(AbstractPersistentCollection.java:219)
	at org.hibernate.collection.spi.AbstractPersistentCollection.initialize(AbstractPersistentCollection.java:615)
	at org.hibernate.collection.spi.AbstractPersistentCollection.read(AbstractPersistentCollection.java:138)
	at org.hibernate.collection.spi.PersistentBag.iterator(PersistentBag.java:369)
	at java.base/java.util.Spliterators$IteratorSpliterator.estimateSize(Spliterators.java:1865)
	at java.base/java.util.Spliterator.getExactSizeIfKnown(Spliterator.java:414)
	at java.base/java.util.stream.AbstractPipeline.copyInto(AbstractPipeline.java:508)
	at java.base/java.util.stream.AbstractPipeline.wrapAndCopyInto(AbstractPipeline.java:499)
	at java.base/java.util.stream.ReduceOps$ReduceOp.evaluateSequential(ReduceOps.java:921)
	at java.base/java.util.stream.AbstractPipeline.evaluate(AbstractPipeline.java:234)
	at java.base/java.util.stream.ReferencePipeline.collect(ReferencePipeline.java:682)
	at com.example.physiokalendar.service.AppointmentSeriesGeneratorJob.generateAppointmentsForSeries(AppointmentSeriesGeneratorJob.java:151)
	at com.example.physiokalendar.service.AppointmentSeriesGeneratorJob.generateMissingAppointments(AppointmentSeriesGeneratorJob.java:107)
	at com.example.physiokalendar.service.AppointmentSeriesGeneratorJob.onApplicationReady(AppointmentSeriesGeneratorJob.java:57)
	at java.base/jdk.internal.reflect.NativeMethodAccessorImpl.invoke0(Native Method)
	at java.base/jdk.internal.reflect.NativeMethodAccessorImpl.invoke(NativeMethodAccessorImpl.java:77)
	at java.base/jdk.internal.reflect.DelegatingMethodAccessorImpl.invoke(DelegatingMethodAccessorImpl.java:43)
	at java.base/java.lang.reflect.Method.invoke(Method.java:568)
	at org.springframework.context.event.ApplicationListenerMethodAdapter.doInvoke(ApplicationListenerMethodAdapter.java:365)
	at org.springframework.context.event.ApplicationListenerMethodAdapter.processEvent(ApplicationListenerMethodAdapter.java:237)
	at org.springframework.context.event.ApplicationListenerMethodAdapter.onApplicationEvent(ApplicationListenerMethodAdapter.java:168)
	at org.springframework.context.event.SimpleApplicationEventMulticaster.doInvokeListener(SimpleApplicationEventMulticaster.java:185)
	at org.springframework.context.event.SimpleApplicationEventMulticaster.invokeListener(SimpleApplicationEventMulticaster.java:178)
	at org.springframework.context.event.SimpleApplicationEventMulticaster.multicastEvent(SimpleApplicationEventMulticaster.java:156)
	at org.springframework.context.support.AbstractApplicationContext.publishEvent(AbstractApplicationContext.java:452)
	at org.springframework.context.support.AbstractApplicationContext.publishEvent(AbstractApplicationContext.java:385)
	at org.springframework.boot.context.event.EventPublishingRunListener.ready(EventPublishingRunListener.java:109)
	at org.springframework.boot.SpringApplicationRunListeners.lambda$ready$6(SpringApplicationRunListeners.java:80)
	at java.base/java.lang.Iterable.forEach(Iterable.java:75)
	at org.springframework.boot.SpringApplicationRunListeners.doWithListeners(SpringApplicationRunListeners.java:118)
	at org.springframework.boot.SpringApplicationRunListeners.doWithListeners(SpringApplicationRunListeners.java:112)
	at org.springframework.boot.SpringApplicationRunListeners.ready(SpringApplicationRunListeners.java:80)
	at org.springframework.boot.SpringApplication.run(SpringApplication.java:349)
	at org.springframework.boot.SpringApplication.run(SpringApplication.java:1363)
	at org.springframework.boot.SpringApplication.run(SpringApplication.java:1352)
	at com.example.physiokalendar.PhysiokalendarApplication.main(PhysiokalendarApplication.java:12)
	at java.base/jdk.internal.reflect.NativeMethodAccessorImpl.invoke0(Native Method)
	at java.base/jdk.internal.reflect.NativeMethodAccessorImpl.invoke(NativeMethodAccessorImpl.java:77)
	at java.base/jdk.internal.reflect.DelegatingMethodAccessorImpl.invoke(DelegatingMethodAccessorImpl.java:43)
	at java.base/java.lang.reflect.Method.invoke(Method.java:568)
	at org.springframework.boot.devtools.restart.RestartLauncher.run(RestartLauncher.java:50)
2026-02-18 02:58:11.815 [restartedMain] ERROR c.e.p.s.AppointmentSeriesGeneratorJob - Error generating appointments for series 4515: failed to lazily initialize a collection of role: com.example.physiokalendar.entity.AppointmentSeries.cancellations: could not initialize proxy - no Session
org.hibernate.LazyInitializationException: failed to lazily initialize a collection of role: com.example.physiokalendar.entity.AppointmentSeries.cancellations: could not initialize proxy - no Session
	at org.hibernate.collection.spi.AbstractPersistentCollection.throwLazyInitializationException(AbstractPersistentCollection.java:636)
	at org.hibernate.collection.spi.AbstractPersistentCollection.withTemporarySessionIfNeeded(AbstractPersistentCollection.java:219)
	at org.hibernate.collection.spi.AbstractPersistentCollection.initialize(AbstractPersistentCollection.java:615)
	at org.hibernate.collection.spi.AbstractPersistentCollection.read(AbstractPersistentCollection.java:138)
	at org.hibernate.collection.spi.PersistentBag.iterator(PersistentBag.java:369)
	at java.base/java.util.Spliterators$IteratorSpliterator.estimateSize(Spliterators.java:1865)
	at java.base/java.util.Spliterator.getExactSizeIfKnown(Spliterator.java:414)
	at java.base/java.util.stream.AbstractPipeline.copyInto(AbstractPipeline.java:508)
	at java.base/java.util.stream.AbstractPipeline.wrapAndCopyInto(AbstractPipeline.java:499)
	at java.base/java.util.stream.ReduceOps$ReduceOp.evaluateSequential(ReduceOps.java:921)
	at java.base/java.util.stream.AbstractPipeline.evaluate(AbstractPipeline.java:234)
	at java.base/java.util.stream.ReferencePipeline.collect(ReferencePipeline.java:682)
	at com.example.physiokalendar.service.AppointmentSeriesGeneratorJob.generateAppointmentsForSeries(AppointmentSeriesGeneratorJob.java:151)
	at com.example.physiokalendar.service.AppointmentSeriesGeneratorJob.generateMissingAppointments(AppointmentSeriesGeneratorJob.java:107)
	at com.example.physiokalendar.service.AppointmentSeriesGeneratorJob.onApplicationReady(AppointmentSeriesGeneratorJob.java:57)
	at java.base/jdk.internal.reflect.NativeMethodAccessorImpl.invoke0(Native Method)
	at java.base/jdk.internal.reflect.NativeMethodAccessorImpl.invoke(NativeMethodAccessorImpl.java:77)
	at java.base/jdk.internal.reflect.DelegatingMethodAccessorImpl.invoke(DelegatingMethodAccessorImpl.java:43)
	at java.base/java.lang.reflect.Method.invoke(Method.java:568)
	at org.springframework.context.event.ApplicationListenerMethodAdapter.doInvoke(ApplicationListenerMethodAdapter.java:365)
	at org.springframework.context.event.ApplicationListenerMethodAdapter.processEvent(ApplicationListenerMethodAdapter.java:237)
	at org.springframework.context.event.ApplicationListenerMethodAdapter.onApplicationEvent(ApplicationListenerMethodAdapter.java:168)
	at org.springframework.context.event.SimpleApplicationEventMulticaster.doInvokeListener(SimpleApplicationEventMulticaster.java:185)
	at org.springframework.context.event.SimpleApplicationEventMulticaster.invokeListener(SimpleApplicationEventMulticaster.java:178)
	at org.springframework.context.event.SimpleApplicationEventMulticaster.multicastEvent(SimpleApplicationEventMulticaster.java:156)
	at org.springframework.context.support.AbstractApplicationContext.publishEvent(AbstractApplicationContext.java:452)
	at org.springframework.context.support.AbstractApplicationContext.publishEvent(AbstractApplicationContext.java:385)
	at org.springframework.boot.context.event.EventPublishingRunListener.ready(EventPublishingRunListener.java:109)
	at org.springframework.boot.SpringApplicationRunListeners.lambda$ready$6(SpringApplicationRunListeners.java:80)
	at java.base/java.lang.Iterable.forEach(Iterable.java:75)
	at org.springframework.boot.SpringApplicationRunListeners.doWithListeners(SpringApplicationRunListeners.java:118)
	at org.springframework.boot.SpringApplicationRunListeners.doWithListeners(SpringApplicationRunListeners.java:112)
	at org.springframework.boot.SpringApplicationRunListeners.ready(SpringApplicationRunListeners.java:80)
	at org.springframework.boot.SpringApplication.run(SpringApplication.java:349)
	at org.springframework.boot.SpringApplication.run(SpringApplication.java:1363)
	at org.springframework.boot.SpringApplication.run(SpringApplication.java:1352)
	at com.example.physiokalendar.PhysiokalendarApplication.main(PhysiokalendarApplication.java:12)
	at java.base/jdk.internal.reflect.NativeMethodAccessorImpl.invoke0(Native Method)
	at java.base/jdk.internal.reflect.NativeMethodAccessorImpl.invoke(NativeMethodAccessorImpl.java:77)
	at java.base/jdk.internal.reflect.DelegatingMethodAccessorImpl.invoke(DelegatingMethodAccessorImpl.java:43)
	at java.base/java.lang.reflect.Method.invoke(Method.java:568)
	at org.springframework.boot.devtools.restart.RestartLauncher.run(RestartLauncher.java:50)
2026-02-18 02:58:11.820 [restartedMain] ERROR c.e.p.s.AppointmentSeriesGeneratorJob - Error generating appointments for series 4516: failed to lazily initialize a collection of role: com.example.physiokalendar.entity.AppointmentSeries.cancellations: could not initialize proxy - no Session
org.hibernate.LazyInitializationException: failed to lazily initialize a collection of role: com.example.physiokalendar.entity.AppointmentSeries.cancellations: could not initialize proxy - no Session
	at org.hibernate.collection.spi.AbstractPersistentCollection.throwLazyInitializationException(AbstractPersistentCollection.java:636)
	at org.hibernate.collection.spi.AbstractPersistentCollection.withTemporarySessionIfNeeded(AbstractPersistentCollection.java:219)
	at org.hibernate.collection.spi.AbstractPersistentCollection.initialize(AbstractPersistentCollection.java:615)
	at org.hibernate.collection.spi.AbstractPersistentCollection.read(AbstractPersistentCollection.java:138)
	at org.hibernate.collection.spi.PersistentBag.iterator(PersistentBag.java:369)
	at java.base/java.util.Spliterators$IteratorSpliterator.estimateSize(Spliterators.java:1865)
	at java.base/java.util.Spliterator.getExactSizeIfKnown(Spliterator.java:414)
	at java.base/java.util.stream.AbstractPipeline.copyInto(AbstractPipeline.java:508)
	at java.base/java.util.stream.AbstractPipeline.wrapAndCopyInto(AbstractPipeline.java:499)
	at java.base/java.util.stream.ReduceOps$ReduceOp.evaluateSequential(ReduceOps.java:921)
	at java.base/java.util.stream.AbstractPipeline.evaluate(AbstractPipeline.java:234)
	at java.base/java.util.stream.ReferencePipeline.collect(ReferencePipeline.java:682)
	at com.example.physiokalendar.service.AppointmentSeriesGeneratorJob.generateAppointmentsForSeries(AppointmentSeriesGeneratorJob.java:151)
	at com.example.physiokalendar.service.AppointmentSeriesGeneratorJob.generateMissingAppointments(AppointmentSeriesGeneratorJob.java:107)
	at com.example.physiokalendar.service.AppointmentSeriesGeneratorJob.onApplicationReady(AppointmentSeriesGeneratorJob.java:57)
	at java.base/jdk.internal.reflect.NativeMethodAccessorImpl.invoke0(Native Method)
	at java.base/jdk.internal.reflect.NativeMethodAccessorImpl.invoke(NativeMethodAccessorImpl.java:77)
	at java.base/jdk.internal.reflect.DelegatingMethodAccessorImpl.invoke(DelegatingMethodAccessorImpl.java:43)
	at java.base/java.lang.reflect.Method.invoke(Method.java:568)
	at org.springframework.context.event.ApplicationListenerMethodAdapter.doInvoke(ApplicationListenerMethodAdapter.java:365)
	at org.springframework.context.event.ApplicationListenerMethodAdapter.processEvent(ApplicationListenerMethodAdapter.java:237)
	at org.springframework.context.event.ApplicationListenerMethodAdapter.onApplicationEvent(ApplicationListenerMethodAdapter.java:168)
	at org.springframework.context.event.SimpleApplicationEventMulticaster.doInvokeListener(SimpleApplicationEventMulticaster.java:185)
	at org.springframework.context.event.SimpleApplicationEventMulticaster.invokeListener(SimpleApplicationEventMulticaster.java:178)
	at org.springframework.context.event.SimpleApplicationEventMulticaster.multicastEvent(SimpleApplicationEventMulticaster.java:156)
	at org.springframework.context.support.AbstractApplicationContext.publishEvent(AbstractApplicationContext.java:452)
	at org.springframework.context.support.AbstractApplicationContext.publishEvent(AbstractApplicationContext.java:385)
	at org.springframework.boot.context.event.EventPublishingRunListener.ready(EventPublishingRunListener.java:109)
	at org.springframework.boot.SpringApplicationRunListeners.lambda$ready$6(SpringApplicationRunListeners.java:80)
	at java.base/java.lang.Iterable.forEach(Iterable.java:75)
	at org.springframework.boot.SpringApplicationRunListeners.doWithListeners(SpringApplicationRunListeners.java:118)
	at org.springframework.boot.SpringApplicationRunListeners.doWithListeners(SpringApplicationRunListeners.java:112)
	at org.springframework.boot.SpringApplicationRunListeners.ready(SpringApplicationRunListeners.java:80)
	at org.springframework.boot.SpringApplication.run(SpringApplication.java:349)
	at org.springframework.boot.SpringApplication.run(SpringApplication.java:1363)
	at org.springframework.boot.SpringApplication.run(SpringApplication.java:1352)
	at com.example.physiokalendar.PhysiokalendarApplication.main(PhysiokalendarApplication.java:12)
	at java.base/jdk.internal.reflect.NativeMethodAccessorImpl.invoke0(Native Method)
	at java.base/jdk.internal.reflect.NativeMethodAccessorImpl.invoke(NativeMethodAccessorImpl.java:77)
	at java.base/jdk.internal.reflect.DelegatingMethodAccessorImpl.invoke(DelegatingMethodAccessorImpl.java:43)
	at java.base/java.lang.reflect.Method.invoke(Method.java:568)
	at org.springframework.boot.devtools.restart.RestartLauncher.run(RestartLauncher.java:50)
2026-02-18 02:58:11.824 [restartedMain] ERROR c.e.p.s.AppointmentSeriesGeneratorJob - Error generating appointments for series 4517: failed to lazily initialize a collection of role: com.example.physiokalendar.entity.AppointmentSeries.cancellations: could not initialize proxy - no Session
org.hibernate.LazyInitializationException: failed to lazily initialize a collection of role: com.example.physiokalendar.entity.AppointmentSeries.cancellations: could not initialize proxy - no Session
	at org.hibernate.collection.spi.AbstractPersistentCollection.throwLazyInitializationException(AbstractPersistentCollection.java:636)
	at org.hibernate.collection.spi.AbstractPersistentCollection.withTemporarySessionIfNeeded(AbstractPersistentCollection.java:219)
	at org.hibernate.collection.spi.AbstractPersistentCollection.initialize(AbstractPersistentCollection.java:615)
	at org.hibernate.collection.spi.AbstractPersistentCollection.read(AbstractPersistentCollection.java:138)
	at org.hibernate.collection.spi.PersistentBag.iterator(PersistentBag.java:369)
	at java.base/java.util.Spliterators$IteratorSpliterator.estimateSize(Spliterators.java:1865)
	at java.base/java.util.Spliterator.getExactSizeIfKnown(Spliterator.java:414)
	at java.base/java.util.stream.AbstractPipeline.copyInto(AbstractPipeline.java:508)
	at java.base/java.util.stream.AbstractPipeline.wrapAndCopyInto(AbstractPipeline.java:499)
	at java.base/java.util.stream.ReduceOps$ReduceOp.evaluateSequential(ReduceOps.java:921)
	at java.base/java.util.stream.AbstractPipeline.evaluate(AbstractPipeline.java:234)
	at java.base/java.util.stream.ReferencePipeline.collect(ReferencePipeline.java:682)
	at com.example.physiokalendar.service.AppointmentSeriesGeneratorJob.generateAppointmentsForSeries(AppointmentSeriesGeneratorJob.java:151)
	at com.example.physiokalendar.service.AppointmentSeriesGeneratorJob.generateMissingAppointments(AppointmentSeriesGeneratorJob.java:107)
	at com.example.physiokalendar.service.AppointmentSeriesGeneratorJob.onApplicationReady(AppointmentSeriesGeneratorJob.java:57)
	at java.base/jdk.internal.reflect.NativeMethodAccessorImpl.invoke0(Native Method)
	at java.base/jdk.internal.reflect.NativeMethodAccessorImpl.invoke(NativeMethodAccessorImpl.java:77)
	at java.base/jdk.internal.reflect.DelegatingMethodAccessorImpl.invoke(DelegatingMethodAccessorImpl.java:43)
	at java.base/java.lang.reflect.Method.invoke(Method.java:568)
	at org.springframework.context.event.ApplicationListenerMethodAdapter.doInvoke(ApplicationListenerMethodAdapter.java:365)
	at org.springframework.context.event.ApplicationListenerMethodAdapter.processEvent(ApplicationListenerMethodAdapter.java:237)
	at org.springframework.context.event.ApplicationListenerMethodAdapter.onApplicationEvent(ApplicationListenerMethodAdapter.java:168)
	at org.springframework.context.event.SimpleApplicationEventMulticaster.doInvokeListener(SimpleApplicationEventMulticaster.java:185)
	at org.springframework.context.event.SimpleApplicationEventMulticaster.invokeListener(SimpleApplicationEventMulticaster.java:178)
	at org.springframework.context.event.SimpleApplicationEventMulticaster.multicastEvent(SimpleApplicationEventMulticaster.java:156)
	at org.springframework.context.support.AbstractApplicationContext.publishEvent(AbstractApplicationContext.java:452)
	at org.springframework.context.support.AbstractApplicationContext.publishEvent(AbstractApplicationContext.java:385)
	at org.springframework.boot.context.event.EventPublishingRunListener.ready(EventPublishingRunListener.java:109)
	at org.springframework.boot.SpringApplicationRunListeners.lambda$ready$6(SpringApplicationRunListeners.java:80)
	at java.base/java.lang.Iterable.forEach(Iterable.java:75)
	at org.springframework.boot.SpringApplicationRunListeners.doWithListeners(SpringApplicationRunListeners.java:118)
	at org.springframework.boot.SpringApplicationRunListeners.doWithListeners(SpringApplicationRunListeners.java:112)
	at org.springframework.boot.SpringApplicationRunListeners.ready(SpringApplicationRunListeners.java:80)
	at org.springframework.boot.SpringApplication.run(SpringApplication.java:349)
	at org.springframework.boot.SpringApplication.run(SpringApplication.java:1363)
	at org.springframework.boot.SpringApplication.run(SpringApplication.java:1352)
	at com.example.physiokalendar.PhysiokalendarApplication.main(PhysiokalendarApplication.java:12)
	at java.base/jdk.internal.reflect.NativeMethodAccessorImpl.invoke0(Native Method)
	at java.base/jdk.internal.reflect.NativeMethodAccessorImpl.invoke(NativeMethodAccessorImpl.java:77)
	at java.base/jdk.internal.reflect.DelegatingMethodAccessorImpl.invoke(DelegatingMethodAccessorImpl.java:43)
	at java.base/java.lang.reflect.Method.invoke(Method.java:568)
	at org.springframework.boot.devtools.restart.RestartLauncher.run(RestartLauncher.java:50)
2026-02-18 02:58:11.828 [restartedMain] ERROR c.e.p.s.AppointmentSeriesGeneratorJob - Error generating appointments for series 4518: failed to lazily initialize a collection of role: com.example.physiokalendar.entity.AppointmentSeries.cancellations: could not initialize proxy - no Session
org.hibernate.LazyInitializationException: failed to lazily initialize a collection of role: com.example.physiokalendar.entity.AppointmentSeries.cancellations: could not initialize proxy - no Session
	at org.hibernate.collection.spi.AbstractPersistentCollection.throwLazyInitializationException(AbstractPersistentCollection.java:636)
	at org.hibernate.collection.spi.AbstractPersistentCollection.withTemporarySessionIfNeeded(AbstractPersistentCollection.java:219)
	at org.hibernate.collection.spi.AbstractPersistentCollection.initialize(AbstractPersistentCollection.java:615)
	at org.hibernate.collection.spi.AbstractPersistentCollection.read(AbstractPersistentCollection.java:138)
	at org.hibernate.collection.spi.PersistentBag.iterator(PersistentBag.java:369)
	at java.base/java.util.Spliterators$IteratorSpliterator.estimateSize(Spliterators.java:1865)
	at java.base/java.util.Spliterator.getExactSizeIfKnown(Spliterator.java:414)
	at java.base/java.util.stream.AbstractPipeline.copyInto(AbstractPipeline.java:508)
	at java.base/java.util.stream.AbstractPipeline.wrapAndCopyInto(AbstractPipeline.java:499)
	at java.base/java.util.stream.ReduceOps$ReduceOp.evaluateSequential(ReduceOps.java:921)
	at java.base/java.util.stream.AbstractPipeline.evaluate(AbstractPipeline.java:234)
	at java.base/java.util.stream.ReferencePipeline.collect(ReferencePipeline.java:682)
	at com.example.physiokalendar.service.AppointmentSeriesGeneratorJob.generateAppointmentsForSeries(AppointmentSeriesGeneratorJob.java:151)
	at com.example.physiokalendar.service.AppointmentSeriesGeneratorJob.generateMissingAppointments(AppointmentSeriesGeneratorJob.java:107)
	at com.example.physiokalendar.service.AppointmentSeriesGeneratorJob.onApplicationReady(AppointmentSeriesGeneratorJob.java:57)
	at java.base/jdk.internal.reflect.NativeMethodAccessorImpl.invoke0(Native Method)
	at java.base/jdk.internal.reflect.NativeMethodAccessorImpl.invoke(NativeMethodAccessorImpl.java:77)
	at java.base/jdk.internal.reflect.DelegatingMethodAccessorImpl.invoke(DelegatingMethodAccessorImpl.java:43)
	at java.base/java.lang.reflect.Method.invoke(Method.java:568)
	at org.springframework.context.event.ApplicationListenerMethodAdapter.doInvoke(ApplicationListenerMethodAdapter.java:365)
	at org.springframework.context.event.ApplicationListenerMethodAdapter.processEvent(ApplicationListenerMethodAdapter.java:237)
	at org.springframework.context.event.ApplicationListenerMethodAdapter.onApplicationEvent(ApplicationListenerMethodAdapter.java:168)
	at org.springframework.context.event.SimpleApplicationEventMulticaster.doInvokeListener(SimpleApplicationEventMulticaster.java:185)
	at org.springframework.context.event.SimpleApplicationEventMulticaster.invokeListener(SimpleApplicationEventMulticaster.java:178)
	at org.springframework.context.event.SimpleApplicationEventMulticaster.multicastEvent(SimpleApplicationEventMulticaster.java:156)
	at org.springframework.context.support.AbstractApplicationContext.publishEvent(AbstractApplicationContext.java:452)
	at org.springframework.context.support.AbstractApplicationContext.publishEvent(AbstractApplicationContext.java:385)
	at org.springframework.boot.context.event.EventPublishingRunListener.ready(EventPublishingRunListener.java:109)
	at org.springframework.boot.SpringApplicationRunListeners.lambda$ready$6(SpringApplicationRunListeners.java:80)
	at java.base/java.lang.Iterable.forEach(Iterable.java:75)
	at org.springframework.boot.SpringApplicationRunListeners.doWithListeners(SpringApplicationRunListeners.java:118)
	at org.springframework.boot.SpringApplicationRunListeners.doWithListeners(SpringApplicationRunListeners.java:112)
	at org.springframework.boot.SpringApplicationRunListeners.ready(SpringApplicationRunListeners.java:80)
	at org.springframework.boot.SpringApplication.run(SpringApplication.java:349)
	at org.springframework.boot.SpringApplication.run(SpringApplication.java:1363)
	at org.springframework.boot.SpringApplication.run(SpringApplication.java:1352)
	at com.example.physiokalendar.PhysiokalendarApplication.main(PhysiokalendarApplication.java:12)
	at java.base/jdk.internal.reflect.NativeMethodAccessorImpl.invoke0(Native Method)
	at java.base/jdk.internal.reflect.NativeMethodAccessorImpl.invoke(NativeMethodAccessorImpl.java:77)
	at java.base/jdk.internal.reflect.DelegatingMethodAccessorImpl.invoke(DelegatingMethodAccessorImpl.java:43)
	at java.base/java.lang.reflect.Method.invoke(Method.java:568)
	at org.springframework.boot.devtools.restart.RestartLauncher.run(RestartLauncher.java:50)
2026-02-18 02:58:11.832 [restartedMain] ERROR c.e.p.s.AppointmentSeriesGeneratorJob - Error generating appointments for series 4519: failed to lazily initialize a collection of role: com.example.physiokalendar.entity.AppointmentSeries.cancellations: could not initialize proxy - no Session
org.hibernate.LazyInitializationException: failed to lazily initialize a collection of role: com.example.physiokalendar.entity.AppointmentSeries.cancellations: could not initialize proxy - no Session
	at org.hibernate.collection.spi.AbstractPersistentCollection.throwLazyInitializationException(AbstractPersistentCollection.java:636)
	at org.hibernate.collection.spi.AbstractPersistentCollection.withTemporarySessionIfNeeded(AbstractPersistentCollection.java:219)
	at org.hibernate.collection.spi.AbstractPersistentCollection.initialize(AbstractPersistentCollection.java:615)
	at org.hibernate.collection.spi.AbstractPersistentCollection.read(AbstractPersistentCollection.java:138)
	at org.hibernate.collection.spi.PersistentBag.iterator(PersistentBag.java:369)
	at java.base/java.util.Spliterators$IteratorSpliterator.estimateSize(Spliterators.java:1865)
	at java.base/java.util.Spliterator.getExactSizeIfKnown(Spliterator.java:414)
	at java.base/java.util.stream.AbstractPipeline.copyInto(AbstractPipeline.java:508)
	at java.base/java.util.stream.AbstractPipeline.wrapAndCopyInto(AbstractPipeline.java:499)
	at java.base/java.util.stream.ReduceOps$ReduceOp.evaluateSequential(ReduceOps.java:921)
	at java.base/java.util.stream.AbstractPipeline.evaluate(AbstractPipeline.java:234)
	at java.base/java.util.stream.ReferencePipeline.collect(ReferencePipeline.java:682)
	at com.example.physiokalendar.service.AppointmentSeriesGeneratorJob.generateAppointmentsForSeries(AppointmentSeriesGeneratorJob.java:151)
	at com.example.physiokalendar.service.AppointmentSeriesGeneratorJob.generateMissingAppointments(AppointmentSeriesGeneratorJob.java:107)
	at com.example.physiokalendar.service.AppointmentSeriesGeneratorJob.onApplicationReady(AppointmentSeriesGeneratorJob.java:57)
	at java.base/jdk.internal.reflect.NativeMethodAccessorImpl.invoke0(Native Method)
	at java.base/jdk.internal.reflect.NativeMethodAccessorImpl.invoke(NativeMethodAccessorImpl.java:77)
	at java.base/jdk.internal.reflect.DelegatingMethodAccessorImpl.invoke(DelegatingMethodAccessorImpl.java:43)
	at java.base/java.lang.reflect.Method.invoke(Method.java:568)
	at org.springframework.context.event.ApplicationListenerMethodAdapter.doInvoke(ApplicationListenerMethodAdapter.java:365)
	at org.springframework.context.event.ApplicationListenerMethodAdapter.processEvent(ApplicationListenerMethodAdapter.java:237)
	at org.springframework.context.event.ApplicationListenerMethodAdapter.onApplicationEvent(ApplicationListenerMethodAdapter.java:168)
	at org.springframework.context.event.SimpleApplicationEventMulticaster.doInvokeListener(SimpleApplicationEventMulticaster.java:185)
	at org.springframework.context.event.SimpleApplicationEventMulticaster.invokeListener(SimpleApplicationEventMulticaster.java:178)
	at org.springframework.context.event.SimpleApplicationEventMulticaster.multicastEvent(SimpleApplicationEventMulticaster.java:156)
	at org.springframework.context.support.AbstractApplicationContext.publishEvent(AbstractApplicationContext.java:452)
	at org.springframework.context.support.AbstractApplicationContext.publishEvent(AbstractApplicationContext.java:385)
	at org.springframework.boot.context.event.EventPublishingRunListener.ready(EventPublishingRunListener.java:109)
	at org.springframework.boot.SpringApplicationRunListeners.lambda$ready$6(SpringApplicationRunListeners.java:80)
	at java.base/java.lang.Iterable.forEach(Iterable.java:75)
	at org.springframework.boot.SpringApplicationRunListeners.doWithListeners(SpringApplicationRunListeners.java:118)
	at org.springframework.boot.SpringApplicationRunListeners.doWithListeners(SpringApplicationRunListeners.java:112)
	at org.springframework.boot.SpringApplicationRunListeners.ready(SpringApplicationRunListeners.java:80)
	at org.springframework.boot.SpringApplication.run(SpringApplication.java:349)
	at org.springframework.boot.SpringApplication.run(SpringApplication.java:1363)
	at org.springframework.boot.SpringApplication.run(SpringApplication.java:1352)
	at com.example.physiokalendar.PhysiokalendarApplication.main(PhysiokalendarApplication.java:12)
	at java.base/jdk.internal.reflect.NativeMethodAccessorImpl.invoke0(Native Method)
	at java.base/jdk.internal.reflect.NativeMethodAccessorImpl.invoke(NativeMethodAccessorImpl.java:77)
	at java.base/jdk.internal.reflect.DelegatingMethodAccessorImpl.invoke(DelegatingMethodAccessorImpl.java:43)
	at java.base/java.lang.reflect.Method.invoke(Method.java:568)
	at org.springframework.boot.devtools.restart.RestartLauncher.run(RestartLauncher.java:50)
2026-02-18 02:58:11.836 [restartedMain] ERROR c.e.p.s.AppointmentSeriesGeneratorJob - Error generating appointments for series 4520: failed to lazily initialize a collection of role: com.example.physiokalendar.entity.AppointmentSeries.cancellations: could not initialize proxy - no Session
org.hibernate.LazyInitializationException: failed to lazily initialize a collection of role: com.example.physiokalendar.entity.AppointmentSeries.cancellations: could not initialize proxy - no Session
	at org.hibernate.collection.spi.AbstractPersistentCollection.throwLazyInitializationException(AbstractPersistentCollection.java:636)
	at org.hibernate.collection.spi.AbstractPersistentCollection.withTemporarySessionIfNeeded(AbstractPersistentCollection.java:219)
	at org.hibernate.collection.spi.AbstractPersistentCollection.initialize(AbstractPersistentCollection.java:615)
	at org.hibernate.collection.spi.AbstractPersistentCollection.read(AbstractPersistentCollection.java:138)
	at org.hibernate.collection.spi.PersistentBag.iterator(PersistentBag.java:369)
	at java.base/java.util.Spliterators$IteratorSpliterator.estimateSize(Spliterators.java:1865)
	at java.base/java.util.Spliterator.getExactSizeIfKnown(Spliterator.java:414)
	at java.base/java.util.stream.AbstractPipeline.copyInto(AbstractPipeline.java:508)
	at java.base/java.util.stream.AbstractPipeline.wrapAndCopyInto(AbstractPipeline.java:499)
	at java.base/java.util.stream.ReduceOps$ReduceOp.evaluateSequential(ReduceOps.java:921)
	at java.base/java.util.stream.AbstractPipeline.evaluate(AbstractPipeline.java:234)
	at java.base/java.util.stream.ReferencePipeline.collect(ReferencePipeline.java:682)
	at com.example.physiokalendar.service.AppointmentSeriesGeneratorJob.generateAppointmentsForSeries(AppointmentSeriesGeneratorJob.java:151)
	at com.example.physiokalendar.service.AppointmentSeriesGeneratorJob.generateMissingAppointments(AppointmentSeriesGeneratorJob.java:107)
	at com.example.physiokalendar.service.AppointmentSeriesGeneratorJob.onApplicationReady(AppointmentSeriesGeneratorJob.java:57)
	at java.base/jdk.internal.reflect.NativeMethodAccessorImpl.invoke0(Native Method)
	at java.base/jdk.internal.reflect.NativeMethodAccessorImpl.invoke(NativeMethodAccessorImpl.java:77)
	at java.base/jdk.internal.reflect.DelegatingMethodAccessorImpl.invoke(DelegatingMethodAccessorImpl.java:43)
	at java.base/java.lang.reflect.Method.invoke(Method.java:568)
	at org.springframework.context.event.ApplicationListenerMethodAdapter.doInvoke(ApplicationListenerMethodAdapter.java:365)
	at org.springframework.context.event.ApplicationListenerMethodAdapter.processEvent(ApplicationListenerMethodAdapter.java:237)
	at org.springframework.context.event.ApplicationListenerMethodAdapter.onApplicationEvent(ApplicationListenerMethodAdapter.java:168)
	at org.springframework.context.event.SimpleApplicationEventMulticaster.doInvokeListener(SimpleApplicationEventMulticaster.java:185)
	at org.springframework.context.event.SimpleApplicationEventMulticaster.invokeListener(SimpleApplicationEventMulticaster.java:178)
	at org.springframework.context.event.SimpleApplicationEventMulticaster.multicastEvent(SimpleApplicationEventMulticaster.java:156)
	at org.springframework.context.support.AbstractApplicationContext.publishEvent(AbstractApplicationContext.java:452)
	at org.springframework.context.support.AbstractApplicationContext.publishEvent(AbstractApplicationContext.java:385)
	at org.springframework.boot.context.event.EventPublishingRunListener.ready(EventPublishingRunListener.java:109)
	at org.springframework.boot.SpringApplicationRunListeners.lambda$ready$6(SpringApplicationRunListeners.java:80)
	at java.base/java.lang.Iterable.forEach(Iterable.java:75)
	at org.springframework.boot.SpringApplicationRunListeners.doWithListeners(SpringApplicationRunListeners.java:118)
	at org.springframework.boot.SpringApplicationRunListeners.doWithListeners(SpringApplicationRunListeners.java:112)
	at org.springframework.boot.SpringApplicationRunListeners.ready(SpringApplicationRunListeners.java:80)
	at org.springframework.boot.SpringApplication.run(SpringApplication.java:349)
	at org.springframework.boot.SpringApplication.run(SpringApplication.java:1363)
	at org.springframework.boot.SpringApplication.run(SpringApplication.java:1352)
	at com.example.physiokalendar.PhysiokalendarApplication.main(PhysiokalendarApplication.java:12)
	at java.base/jdk.internal.reflect.NativeMethodAccessorImpl.invoke0(Native Method)
	at java.base/jdk.internal.reflect.NativeMethodAccessorImpl.invoke(NativeMethodAccessorImpl.java:77)
	at java.base/jdk.internal.reflect.DelegatingMethodAccessorImpl.invoke(DelegatingMethodAccessorImpl.java:43)
	at java.base/java.lang.reflect.Method.invoke(Method.java:568)
	at org.springframework.boot.devtools.restart.RestartLauncher.run(RestartLauncher.java:50)
2026-02-18 02:58:11.839 [restartedMain] ERROR c.e.p.s.AppointmentSeriesGeneratorJob - Error generating appointments for series 4521: failed to lazily initialize a collection of role: com.example.physiokalendar.entity.AppointmentSeries.cancellations: could not initialize proxy - no Session
org.hibernate.LazyInitializationException: failed to lazily initialize a collection of role: com.example.physiokalendar.entity.AppointmentSeries.cancellations: could not initialize proxy - no Session
	at org.hibernate.collection.spi.AbstractPersistentCollection.throwLazyInitializationException(AbstractPersistentCollection.java:636)
	at org.hibernate.collection.spi.AbstractPersistentCollection.withTemporarySessionIfNeeded(AbstractPersistentCollection.java:219)
	at org.hibernate.collection.spi.AbstractPersistentCollection.initialize(AbstractPersistentCollection.java:615)
	at org.hibernate.collection.spi.AbstractPersistentCollection.read(AbstractPersistentCollection.java:138)
	at org.hibernate.collection.spi.PersistentBag.iterator(PersistentBag.java:369)
	at java.base/java.util.Spliterators$IteratorSpliterator.estimateSize(Spliterators.java:1865)
	at java.base/java.util.Spliterator.getExactSizeIfKnown(Spliterator.java:414)
	at java.base/java.util.stream.AbstractPipeline.copyInto(AbstractPipeline.java:508)
	at java.base/java.util.stream.AbstractPipeline.wrapAndCopyInto(AbstractPipeline.java:499)
	at java.base/java.util.stream.ReduceOps$ReduceOp.evaluateSequential(ReduceOps.java:921)
	at java.base/java.util.stream.AbstractPipeline.evaluate(AbstractPipeline.java:234)
	at java.base/java.util.stream.ReferencePipeline.collect(ReferencePipeline.java:682)
	at com.example.physiokalendar.service.AppointmentSeriesGeneratorJob.generateAppointmentsForSeries(AppointmentSeriesGeneratorJob.java:151)
	at com.example.physiokalendar.service.AppointmentSeriesGeneratorJob.generateMissingAppointments(AppointmentSeriesGeneratorJob.java:107)
	at com.example.physiokalendar.service.AppointmentSeriesGeneratorJob.onApplicationReady(AppointmentSeriesGeneratorJob.java:57)
	at java.base/jdk.internal.reflect.NativeMethodAccessorImpl.invoke0(Native Method)
	at java.base/jdk.internal.reflect.NativeMethodAccessorImpl.invoke(NativeMethodAccessorImpl.java:77)
	at java.base/jdk.internal.reflect.DelegatingMethodAccessorImpl.invoke(DelegatingMethodAccessorImpl.java:43)
	at java.base/java.lang.reflect.Method.invoke(Method.java:568)
	at org.springframework.context.event.ApplicationListenerMethodAdapter.doInvoke(ApplicationListenerMethodAdapter.java:365)
	at org.springframework.context.event.ApplicationListenerMethodAdapter.processEvent(ApplicationListenerMethodAdapter.java:237)
	at org.springframework.context.event.ApplicationListenerMethodAdapter.onApplicationEvent(ApplicationListenerMethodAdapter.java:168)
	at org.springframework.context.event.SimpleApplicationEventMulticaster.doInvokeListener(SimpleApplicationEventMulticaster.java:185)
	at org.springframework.context.event.SimpleApplicationEventMulticaster.invokeListener(SimpleApplicationEventMulticaster.java:178)
	at org.springframework.context.event.SimpleApplicationEventMulticaster.multicastEvent(SimpleApplicationEventMulticaster.java:156)
	at org.springframework.context.support.AbstractApplicationContext.publishEvent(AbstractApplicationContext.java:452)
	at org.springframework.context.support.AbstractApplicationContext.publishEvent(AbstractApplicationContext.java:385)
	at org.springframework.boot.context.event.EventPublishingRunListener.ready(EventPublishingRunListener.java:109)
	at org.springframework.boot.SpringApplicationRunListeners.lambda$ready$6(SpringApplicationRunListeners.java:80)
	at java.base/java.lang.Iterable.forEach(Iterable.java:75)
	at org.springframework.boot.SpringApplicationRunListeners.doWithListeners(SpringApplicationRunListeners.java:118)
	at org.springframework.boot.SpringApplicationRunListeners.doWithListeners(SpringApplicationRunListeners.java:112)
	at org.springframework.boot.SpringApplicationRunListeners.ready(SpringApplicationRunListeners.java:80)
	at org.springframework.boot.SpringApplication.run(SpringApplication.java:349)
	at org.springframework.boot.SpringApplication.run(SpringApplication.java:1363)
	at org.springframework.boot.SpringApplication.run(SpringApplication.java:1352)
	at com.example.physiokalendar.PhysiokalendarApplication.main(PhysiokalendarApplication.java:12)
	at java.base/jdk.internal.reflect.NativeMethodAccessorImpl.invoke0(Native Method)
	at java.base/jdk.internal.reflect.NativeMethodAccessorImpl.invoke(NativeMethodAccessorImpl.java:77)
	at java.base/jdk.internal.reflect.DelegatingMethodAccessorImpl.invoke(DelegatingMethodAccessorImpl.java:43)
	at java.base/java.lang.reflect.Method.invoke(Method.java:568)
	at org.springframework.boot.devtools.restart.RestartLauncher.run(RestartLauncher.java:50)
2026-02-18 02:58:11.843 [restartedMain] ERROR c.e.p.s.AppointmentSeriesGeneratorJob - Error generating appointments for series 4522: failed to lazily initialize a collection of role: com.example.physiokalendar.entity.AppointmentSeries.cancellations: could not initialize proxy - no Session
org.hibernate.LazyInitializationException: failed to lazily initialize a collection of role: com.example.physiokalendar.entity.AppointmentSeries.cancellations: could not initialize proxy - no Session
	at org.hibernate.collection.spi.AbstractPersistentCollection.throwLazyInitializationException(AbstractPersistentCollection.java:636)
	at org.hibernate.collection.spi.AbstractPersistentCollection.withTemporarySessionIfNeeded(AbstractPersistentCollection.java:219)
	at org.hibernate.collection.spi.AbstractPersistentCollection.initialize(AbstractPersistentCollection.java:615)
	at org.hibernate.collection.spi.AbstractPersistentCollection.read(AbstractPersistentCollection.java:138)
	at org.hibernate.collection.spi.PersistentBag.iterator(PersistentBag.java:369)
	at java.base/java.util.Spliterators$IteratorSpliterator.estimateSize(Spliterators.java:1865)
	at java.base/java.util.Spliterator.getExactSizeIfKnown(Spliterator.java:414)
	at java.base/java.util.stream.AbstractPipeline.copyInto(AbstractPipeline.java:508)
	at java.base/java.util.stream.AbstractPipeline.wrapAndCopyInto(AbstractPipeline.java:499)
	at java.base/java.util.stream.ReduceOps$ReduceOp.evaluateSequential(ReduceOps.java:921)
	at java.base/java.util.stream.AbstractPipeline.evaluate(AbstractPipeline.java:234)
	at java.base/java.util.stream.ReferencePipeline.collect(ReferencePipeline.java:682)
	at com.example.physiokalendar.service.AppointmentSeriesGeneratorJob.generateAppointmentsForSeries(AppointmentSeriesGeneratorJob.java:151)
	at com.example.physiokalendar.service.AppointmentSeriesGeneratorJob.generateMissingAppointments(AppointmentSeriesGeneratorJob.java:107)
	at com.example.physiokalendar.service.AppointmentSeriesGeneratorJob.onApplicationReady(AppointmentSeriesGeneratorJob.java:57)
	at java.base/jdk.internal.reflect.NativeMethodAccessorImpl.invoke0(Native Method)
	at java.base/jdk.internal.reflect.NativeMethodAccessorImpl.invoke(NativeMethodAccessorImpl.java:77)
	at java.base/jdk.internal.reflect.DelegatingMethodAccessorImpl.invoke(DelegatingMethodAccessorImpl.java:43)
	at java.base/java.lang.reflect.Method.invoke(Method.java:568)
	at org.springframework.context.event.ApplicationListenerMethodAdapter.doInvoke(ApplicationListenerMethodAdapter.java:365)
	at org.springframework.context.event.ApplicationListenerMethodAdapter.processEvent(ApplicationListenerMethodAdapter.java:237)
	at org.springframework.context.event.ApplicationListenerMethodAdapter.onApplicationEvent(ApplicationListenerMethodAdapter.java:168)
	at org.springframework.context.event.SimpleApplicationEventMulticaster.doInvokeListener(SimpleApplicationEventMulticaster.java:185)
	at org.springframework.context.event.SimpleApplicationEventMulticaster.invokeListener(SimpleApplicationEventMulticaster.java:178)
	at org.springframework.context.event.SimpleApplicationEventMulticaster.multicastEvent(SimpleApplicationEventMulticaster.java:156)
	at org.springframework.context.support.AbstractApplicationContext.publishEvent(AbstractApplicationContext.java:452)
	at org.springframework.context.support.AbstractApplicationContext.publishEvent(AbstractApplicationContext.java:385)
	at org.springframework.boot.context.event.EventPublishingRunListener.ready(EventPublishingRunListener.java:109)
	at org.springframework.boot.SpringApplicationRunListeners.lambda$ready$6(SpringApplicationRunListeners.java:80)
	at java.base/java.lang.Iterable.forEach(Iterable.java:75)
	at org.springframework.boot.SpringApplicationRunListeners.doWithListeners(SpringApplicationRunListeners.java:118)
	at org.springframework.boot.SpringApplicationRunListeners.doWithListeners(SpringApplicationRunListeners.java:112)
	at org.springframework.boot.SpringApplicationRunListeners.ready(SpringApplicationRunListeners.java:80)
	at org.springframework.boot.SpringApplication.run(SpringApplication.java:349)
	at org.springframework.boot.SpringApplication.run(SpringApplication.java:1363)
	at org.springframework.boot.SpringApplication.run(SpringApplication.java:1352)
	at com.example.physiokalendar.PhysiokalendarApplication.main(PhysiokalendarApplication.java:12)
	at java.base/jdk.internal.reflect.NativeMethodAccessorImpl.invoke0(Native Method)
	at java.base/jdk.internal.reflect.NativeMethodAccessorImpl.invoke(NativeMethodAccessorImpl.java:77)
	at java.base/jdk.internal.reflect.DelegatingMethodAccessorImpl.invoke(DelegatingMethodAccessorImpl.java:43)
	at java.base/java.lang.reflect.Method.invoke(Method.java:568)
	at org.springframework.boot.devtools.restart.RestartLauncher.run(RestartLauncher.java:50)
2026-02-18 02:58:11.845 [restartedMain] ERROR c.e.p.s.AppointmentSeriesGeneratorJob - Error generating appointments for series 4523: failed to lazily initialize a collection of role: com.example.physiokalendar.entity.AppointmentSeries.cancellations: could not initialize proxy - no Session
org.hibernate.LazyInitializationException: failed to lazily initialize a collection of role: com.example.physiokalendar.entity.AppointmentSeries.cancellations: could not initialize proxy - no Session
	at org.hibernate.collection.spi.AbstractPersistentCollection.throwLazyInitializationException(AbstractPersistentCollection.java:636)
	at org.hibernate.collection.spi.AbstractPersistentCollection.withTemporarySessionIfNeeded(AbstractPersistentCollection.java:219)
	at org.hibernate.collection.spi.AbstractPersistentCollection.initialize(AbstractPersistentCollection.java:615)
	at org.hibernate.collection.spi.AbstractPersistentCollection.read(AbstractPersistentCollection.java:138)
	at org.hibernate.collection.spi.PersistentBag.iterator(PersistentBag.java:369)
	at java.base/java.util.Spliterators$IteratorSpliterator.estimateSize(Spliterators.java:1865)
	at java.base/java.util.Spliterator.getExactSizeIfKnown(Spliterator.java:414)
	at java.base/java.util.stream.AbstractPipeline.copyInto(AbstractPipeline.java:508)
	at java.base/java.util.stream.AbstractPipeline.wrapAndCopyInto(AbstractPipeline.java:499)
	at java.base/java.util.stream.ReduceOps$ReduceOp.evaluateSequential(ReduceOps.java:921)
	at java.base/java.util.stream.AbstractPipeline.evaluate(AbstractPipeline.java:234)
	at java.base/java.util.stream.ReferencePipeline.collect(ReferencePipeline.java:682)
	at com.example.physiokalendar.service.AppointmentSeriesGeneratorJob.generateAppointmentsForSeries(AppointmentSeriesGeneratorJob.java:151)
	at com.example.physiokalendar.service.AppointmentSeriesGeneratorJob.generateMissingAppointments(AppointmentSeriesGeneratorJob.java:107)
	at com.example.physiokalendar.service.AppointmentSeriesGeneratorJob.onApplicationReady(AppointmentSeriesGeneratorJob.java:57)
	at java.base/jdk.internal.reflect.NativeMethodAccessorImpl.invoke0(Native Method)
	at java.base/jdk.internal.reflect.NativeMethodAccessorImpl.invoke(NativeMethodAccessorImpl.java:77)
	at java.base/jdk.internal.reflect.DelegatingMethodAccessorImpl.invoke(DelegatingMethodAccessorImpl.java:43)
	at java.base/java.lang.reflect.Method.invoke(Method.java:568)
	at org.springframework.context.event.ApplicationListenerMethodAdapter.doInvoke(ApplicationListenerMethodAdapter.java:365)
	at org.springframework.context.event.ApplicationListenerMethodAdapter.processEvent(ApplicationListenerMethodAdapter.java:237)
	at org.springframework.context.event.ApplicationListenerMethodAdapter.onApplicationEvent(ApplicationListenerMethodAdapter.java:168)
	at org.springframework.context.event.SimpleApplicationEventMulticaster.doInvokeListener(SimpleApplicationEventMulticaster.java:185)
	at org.springframework.context.event.SimpleApplicationEventMulticaster.invokeListener(SimpleApplicationEventMulticaster.java:178)
	at org.springframework.context.event.SimpleApplicationEventMulticaster.multicastEvent(SimpleApplicationEventMulticaster.java:156)
	at org.springframework.context.support.AbstractApplicationContext.publishEvent(AbstractApplicationContext.java:452)
	at org.springframework.context.support.AbstractApplicationContext.publishEvent(AbstractApplicationContext.java:385)
	at org.springframework.boot.context.event.EventPublishingRunListener.ready(EventPublishingRunListener.java:109)
	at org.springframework.boot.SpringApplicationRunListeners.lambda$ready$6(SpringApplicationRunListeners.java:80)
	at java.base/java.lang.Iterable.forEach(Iterable.java:75)
	at org.springframework.boot.SpringApplicationRunListeners.doWithListeners(SpringApplicationRunListeners.java:118)
	at org.springframework.boot.SpringApplicationRunListeners.doWithListeners(SpringApplicationRunListeners.java:112)
	at org.springframework.boot.SpringApplicationRunListeners.ready(SpringApplicationRunListeners.java:80)
	at org.springframework.boot.SpringApplication.run(SpringApplication.java:349)
	at org.springframework.boot.SpringApplication.run(SpringApplication.java:1363)
	at org.springframework.boot.SpringApplication.run(SpringApplication.java:1352)
	at com.example.physiokalendar.PhysiokalendarApplication.main(PhysiokalendarApplication.java:12)
	at java.base/jdk.internal.reflect.NativeMethodAccessorImpl.invoke0(Native Method)
	at java.base/jdk.internal.reflect.NativeMethodAccessorImpl.invoke(NativeMethodAccessorImpl.java:77)
	at java.base/jdk.internal.reflect.DelegatingMethodAccessorImpl.invoke(DelegatingMethodAccessorImpl.java:43)
	at java.base/java.lang.reflect.Method.invoke(Method.java:568)
	at org.springframework.boot.devtools.restart.RestartLauncher.run(RestartLauncher.java:50)
2026-02-18 02:58:11.849 [restartedMain] ERROR c.e.p.s.AppointmentSeriesGeneratorJob - Error generating appointments for series 4524: failed to lazily initialize a collection of role: com.example.physiokalendar.entity.AppointmentSeries.cancellations: could not initialize proxy - no Session
org.hibernate.LazyInitializationException: failed to lazily initialize a collection of role: com.example.physiokalendar.entity.AppointmentSeries.cancellations: could not initialize proxy - no Session
	at org.hibernate.collection.spi.AbstractPersistentCollection.throwLazyInitializationException(AbstractPersistentCollection.java:636)
	at org.hibernate.collection.spi.AbstractPersistentCollection.withTemporarySessionIfNeeded(AbstractPersistentCollection.java:219)
	at org.hibernate.collection.spi.AbstractPersistentCollection.initialize(AbstractPersistentCollection.java:615)
	at org.hibernate.collection.spi.AbstractPersistentCollection.read(AbstractPersistentCollection.java:138)
	at org.hibernate.collection.spi.PersistentBag.iterator(PersistentBag.java:369)
	at java.base/java.util.Spliterators$IteratorSpliterator.estimateSize(Spliterators.java:1865)
	at java.base/java.util.Spliterator.getExactSizeIfKnown(Spliterator.java:414)
	at java.base/java.util.stream.AbstractPipeline.copyInto(AbstractPipeline.java:508)
	at java.base/java.util.stream.AbstractPipeline.wrapAndCopyInto(AbstractPipeline.java:499)
	at java.base/java.util.stream.ReduceOps$ReduceOp.evaluateSequential(ReduceOps.java:921)
	at java.base/java.util.stream.AbstractPipeline.evaluate(AbstractPipeline.java:234)
	at java.base/java.util.stream.ReferencePipeline.collect(ReferencePipeline.java:682)
	at com.example.physiokalendar.service.AppointmentSeriesGeneratorJob.generateAppointmentsForSeries(AppointmentSeriesGeneratorJob.java:151)
	at com.example.physiokalendar.service.AppointmentSeriesGeneratorJob.generateMissingAppointments(AppointmentSeriesGeneratorJob.java:107)
	at com.example.physiokalendar.service.AppointmentSeriesGeneratorJob.onApplicationReady(AppointmentSeriesGeneratorJob.java:57)
	at java.base/jdk.internal.reflect.NativeMethodAccessorImpl.invoke0(Native Method)
	at java.base/jdk.internal.reflect.NativeMethodAccessorImpl.invoke(NativeMethodAccessorImpl.java:77)
	at java.base/jdk.internal.reflect.DelegatingMethodAccessorImpl.invoke(DelegatingMethodAccessorImpl.java:43)
	at java.base/java.lang.reflect.Method.invoke(Method.java:568)
	at org.springframework.context.event.ApplicationListenerMethodAdapter.doInvoke(ApplicationListenerMethodAdapter.java:365)
	at org.springframework.context.event.ApplicationListenerMethodAdapter.processEvent(ApplicationListenerMethodAdapter.java:237)
	at org.springframework.context.event.ApplicationListenerMethodAdapter.onApplicationEvent(ApplicationListenerMethodAdapter.java:168)
	at org.springframework.context.event.SimpleApplicationEventMulticaster.doInvokeListener(SimpleApplicationEventMulticaster.java:185)
	at org.springframework.context.event.SimpleApplicationEventMulticaster.invokeListener(SimpleApplicationEventMulticaster.java:178)
	at org.springframework.context.event.SimpleApplicationEventMulticaster.multicastEvent(SimpleApplicationEventMulticaster.java:156)
	at org.springframework.context.support.AbstractApplicationContext.publishEvent(AbstractApplicationContext.java:452)
	at org.springframework.context.support.AbstractApplicationContext.publishEvent(AbstractApplicationContext.java:385)
	at org.springframework.boot.context.event.EventPublishingRunListener.ready(EventPublishingRunListener.java:109)
	at org.springframework.boot.SpringApplicationRunListeners.lambda$ready$6(SpringApplicationRunListeners.java:80)
	at java.base/java.lang.Iterable.forEach(Iterable.java:75)
	at org.springframework.boot.SpringApplicationRunListeners.doWithListeners(SpringApplicationRunListeners.java:118)
	at org.springframework.boot.SpringApplicationRunListeners.doWithListeners(SpringApplicationRunListeners.java:112)
	at org.springframework.boot.SpringApplicationRunListeners.ready(SpringApplicationRunListeners.java:80)
	at org.springframework.boot.SpringApplication.run(SpringApplication.java:349)
	at org.springframework.boot.SpringApplication.run(SpringApplication.java:1363)
	at org.springframework.boot.SpringApplication.run(SpringApplication.java:1352)
	at com.example.physiokalendar.PhysiokalendarApplication.main(PhysiokalendarApplication.java:12)
	at java.base/jdk.internal.reflect.NativeMethodAccessorImpl.invoke0(Native Method)
	at java.base/jdk.internal.reflect.NativeMethodAccessorImpl.invoke(NativeMethodAccessorImpl.java:77)
	at java.base/jdk.internal.reflect.DelegatingMethodAccessorImpl.invoke(DelegatingMethodAccessorImpl.java:43)
	at java.base/java.lang.reflect.Method.invoke(Method.java:568)
	at org.springframework.boot.devtools.restart.RestartLauncher.run(RestartLauncher.java:50)
2026-02-18 02:58:11.852 [restartedMain] ERROR c.e.p.s.AppointmentSeriesGeneratorJob - Error generating appointments for series 4525: failed to lazily initialize a collection of role: com.example.physiokalendar.entity.AppointmentSeries.cancellations: could not initialize proxy - no Session
org.hibernate.LazyInitializationException: failed to lazily initialize a collection of role: com.example.physiokalendar.entity.AppointmentSeries.cancellations: could not initialize proxy - no Session
	at org.hibernate.collection.spi.AbstractPersistentCollection.throwLazyInitializationException(AbstractPersistentCollection.java:636)
	at org.hibernate.collection.spi.AbstractPersistentCollection.withTemporarySessionIfNeeded(AbstractPersistentCollection.java:219)
	at org.hibernate.collection.spi.AbstractPersistentCollection.initialize(AbstractPersistentCollection.java:615)
	at org.hibernate.collection.spi.AbstractPersistentCollection.read(AbstractPersistentCollection.java:138)
	at org.hibernate.collection.spi.PersistentBag.iterator(PersistentBag.java:369)
	at java.base/java.util.Spliterators$IteratorSpliterator.estimateSize(Spliterators.java:1865)
	at java.base/java.util.Spliterator.getExactSizeIfKnown(Spliterator.java:414)
	at java.base/java.util.stream.AbstractPipeline.copyInto(AbstractPipeline.java:508)
	at java.base/java.util.stream.AbstractPipeline.wrapAndCopyInto(AbstractPipeline.java:499)
	at java.base/java.util.stream.ReduceOps$ReduceOp.evaluateSequential(ReduceOps.java:921)
	at java.base/java.util.stream.AbstractPipeline.evaluate(AbstractPipeline.java:234)
	at java.base/java.util.stream.ReferencePipeline.collect(ReferencePipeline.java:682)
	at com.example.physiokalendar.service.AppointmentSeriesGeneratorJob.generateAppointmentsForSeries(AppointmentSeriesGeneratorJob.java:151)
	at com.example.physiokalendar.service.AppointmentSeriesGeneratorJob.generateMissingAppointments(AppointmentSeriesGeneratorJob.java:107)
	at com.example.physiokalendar.service.AppointmentSeriesGeneratorJob.onApplicationReady(AppointmentSeriesGeneratorJob.java:57)
	at java.base/jdk.internal.reflect.NativeMethodAccessorImpl.invoke0(Native Method)
	at java.base/jdk.internal.reflect.NativeMethodAccessorImpl.invoke(NativeMethodAccessorImpl.java:77)
	at java.base/jdk.internal.reflect.DelegatingMethodAccessorImpl.invoke(DelegatingMethodAccessorImpl.java:43)
	at java.base/java.lang.reflect.Method.invoke(Method.java:568)
	at org.springframework.context.event.ApplicationListenerMethodAdapter.doInvoke(ApplicationListenerMethodAdapter.java:365)
	at org.springframework.context.event.ApplicationListenerMethodAdapter.processEvent(ApplicationListenerMethodAdapter.java:237)
	at org.springframework.context.event.ApplicationListenerMethodAdapter.onApplicationEvent(ApplicationListenerMethodAdapter.java:168)
	at org.springframework.context.event.SimpleApplicationEventMulticaster.doInvokeListener(SimpleApplicationEventMulticaster.java:185)
	at org.springframework.context.event.SimpleApplicationEventMulticaster.invokeListener(SimpleApplicationEventMulticaster.java:178)
	at org.springframework.context.event.SimpleApplicationEventMulticaster.multicastEvent(SimpleApplicationEventMulticaster.java:156)
	at org.springframework.context.support.AbstractApplicationContext.publishEvent(AbstractApplicationContext.java:452)
	at org.springframework.context.support.AbstractApplicationContext.publishEvent(AbstractApplicationContext.java:385)
	at org.springframework.boot.context.event.EventPublishingRunListener.ready(EventPublishingRunListener.java:109)
	at org.springframework.boot.SpringApplicationRunListeners.lambda$ready$6(SpringApplicationRunListeners.java:80)
	at java.base/java.lang.Iterable.forEach(Iterable.java:75)
	at org.springframework.boot.SpringApplicationRunListeners.doWithListeners(SpringApplicationRunListeners.java:118)
	at org.springframework.boot.SpringApplicationRunListeners.doWithListeners(SpringApplicationRunListeners.java:112)
	at org.springframework.boot.SpringApplicationRunListeners.ready(SpringApplicationRunListeners.java:80)
	at org.springframework.boot.SpringApplication.run(SpringApplication.java:349)
	at org.springframework.boot.SpringApplication.run(SpringApplication.java:1363)
	at org.springframework.boot.SpringApplication.run(SpringApplication.java:1352)
	at com.example.physiokalendar.PhysiokalendarApplication.main(PhysiokalendarApplication.java:12)
	at java.base/jdk.internal.reflect.NativeMethodAccessorImpl.invoke0(Native Method)
	at java.base/jdk.internal.reflect.NativeMethodAccessorImpl.invoke(NativeMethodAccessorImpl.java:77)
	at java.base/jdk.internal.reflect.DelegatingMethodAccessorImpl.invoke(DelegatingMethodAccessorImpl.java:43)
	at java.base/java.lang.reflect.Method.invoke(Method.java:568)
	at org.springframework.boot.devtools.restart.RestartLauncher.run(RestartLauncher.java:50)
2026-02-18 02:58:11.855 [restartedMain] ERROR c.e.p.s.AppointmentSeriesGeneratorJob - Error generating appointments for series 4526: failed to lazily initialize a collection of role: com.example.physiokalendar.entity.AppointmentSeries.cancellations: could not initialize proxy - no Session
org.hibernate.LazyInitializationException: failed to lazily initialize a collection of role: com.example.physiokalendar.entity.AppointmentSeries.cancellations: could not initialize proxy - no Session
	at org.hibernate.collection.spi.AbstractPersistentCollection.throwLazyInitializationException(AbstractPersistentCollection.java:636)
	at org.hibernate.collection.spi.AbstractPersistentCollection.withTemporarySessionIfNeeded(AbstractPersistentCollection.java:219)
	at org.hibernate.collection.spi.AbstractPersistentCollection.initialize(AbstractPersistentCollection.java:615)
	at org.hibernate.collection.spi.AbstractPersistentCollection.read(AbstractPersistentCollection.java:138)
	at org.hibernate.collection.spi.PersistentBag.iterator(PersistentBag.java:369)
	at java.base/java.util.Spliterators$IteratorSpliterator.estimateSize(Spliterators.java:1865)
	at java.base/java.util.Spliterator.getExactSizeIfKnown(Spliterator.java:414)
	at java.base/java.util.stream.AbstractPipeline.copyInto(AbstractPipeline.java:508)
	at java.base/java.util.stream.AbstractPipeline.wrapAndCopyInto(AbstractPipeline.java:499)
	at java.base/java.util.stream.ReduceOps$ReduceOp.evaluateSequential(ReduceOps.java:921)
	at java.base/java.util.stream.AbstractPipeline.evaluate(AbstractPipeline.java:234)
	at java.base/java.util.stream.ReferencePipeline.collect(ReferencePipeline.java:682)
	at com.example.physiokalendar.service.AppointmentSeriesGeneratorJob.generateAppointmentsForSeries(AppointmentSeriesGeneratorJob.java:151)
	at com.example.physiokalendar.service.AppointmentSeriesGeneratorJob.generateMissingAppointments(AppointmentSeriesGeneratorJob.java:107)
	at com.example.physiokalendar.service.AppointmentSeriesGeneratorJob.onApplicationReady(AppointmentSeriesGeneratorJob.java:57)
	at java.base/jdk.internal.reflect.NativeMethodAccessorImpl.invoke0(Native Method)
	at java.base/jdk.internal.reflect.NativeMethodAccessorImpl.invoke(NativeMethodAccessorImpl.java:77)
	at java.base/jdk.internal.reflect.DelegatingMethodAccessorImpl.invoke(DelegatingMethodAccessorImpl.java:43)
	at java.base/java.lang.reflect.Method.invoke(Method.java:568)
	at org.springframework.context.event.ApplicationListenerMethodAdapter.doInvoke(ApplicationListenerMethodAdapter.java:365)
	at org.springframework.context.event.ApplicationListenerMethodAdapter.processEvent(ApplicationListenerMethodAdapter.java:237)
	at org.springframework.context.event.ApplicationListenerMethodAdapter.onApplicationEvent(ApplicationListenerMethodAdapter.java:168)
	at org.springframework.context.event.SimpleApplicationEventMulticaster.doInvokeListener(SimpleApplicationEventMulticaster.java:185)
	at org.springframework.context.event.SimpleApplicationEventMulticaster.invokeListener(SimpleApplicationEventMulticaster.java:178)
	at org.springframework.context.event.SimpleApplicationEventMulticaster.multicastEvent(SimpleApplicationEventMulticaster.java:156)
	at org.springframework.context.support.AbstractApplicationContext.publishEvent(AbstractApplicationContext.java:452)
	at org.springframework.context.support.AbstractApplicationContext.publishEvent(AbstractApplicationContext.java:385)
	at org.springframework.boot.context.event.EventPublishingRunListener.ready(EventPublishingRunListener.java:109)
	at org.springframework.boot.SpringApplicationRunListeners.lambda$ready$6(SpringApplicationRunListeners.java:80)
	at java.base/java.lang.Iterable.forEach(Iterable.java:75)
	at org.springframework.boot.SpringApplicationRunListeners.doWithListeners(SpringApplicationRunListeners.java:118)
	at org.springframework.boot.SpringApplicationRunListeners.doWithListeners(SpringApplicationRunListeners.java:112)
	at org.springframework.boot.SpringApplicationRunListeners.ready(SpringApplicationRunListeners.java:80)
	at org.springframework.boot.SpringApplication.run(SpringApplication.java:349)
	at org.springframework.boot.SpringApplication.run(SpringApplication.java:1363)
	at org.springframework.boot.SpringApplication.run(SpringApplication.java:1352)
	at com.example.physiokalendar.PhysiokalendarApplication.main(PhysiokalendarApplication.java:12)
	at java.base/jdk.internal.reflect.NativeMethodAccessorImpl.invoke0(Native Method)
	at java.base/jdk.internal.reflect.NativeMethodAccessorImpl.invoke(NativeMethodAccessorImpl.java:77)
	at java.base/jdk.internal.reflect.DelegatingMethodAccessorImpl.invoke(DelegatingMethodAccessorImpl.java:43)
	at java.base/java.lang.reflect.Method.invoke(Method.java:568)
	at org.springframework.boot.devtools.restart.RestartLauncher.run(RestartLauncher.java:50)
2026-02-18 02:58:11.859 [restartedMain] ERROR c.e.p.s.AppointmentSeriesGeneratorJob - Error generating appointments for series 4527: failed to lazily initialize a collection of role: com.example.physiokalendar.entity.AppointmentSeries.cancellations: could not initialize proxy - no Session
org.hibernate.LazyInitializationException: failed to lazily initialize a collection of role: com.example.physiokalendar.entity.AppointmentSeries.cancellations: could not initialize proxy - no Session
	at org.hibernate.collection.spi.AbstractPersistentCollection.throwLazyInitializationException(AbstractPersistentCollection.java:636)
	at org.hibernate.collection.spi.AbstractPersistentCollection.withTemporarySessionIfNeeded(AbstractPersistentCollection.java:219)
	at org.hibernate.collection.spi.AbstractPersistentCollection.initialize(AbstractPersistentCollection.java:615)
	at org.hibernate.collection.spi.AbstractPersistentCollection.read(AbstractPersistentCollection.java:138)
	at org.hibernate.collection.spi.PersistentBag.iterator(PersistentBag.java:369)
	at java.base/java.util.Spliterators$IteratorSpliterator.estimateSize(Spliterators.java:1865)
	at java.base/java.util.Spliterator.getExactSizeIfKnown(Spliterator.java:414)
	at java.base/java.util.stream.AbstractPipeline.copyInto(AbstractPipeline.java:508)
	at java.base/java.util.stream.AbstractPipeline.wrapAndCopyInto(AbstractPipeline.java:499)
	at java.base/java.util.stream.ReduceOps$ReduceOp.evaluateSequential(ReduceOps.java:921)
	at java.base/java.util.stream.AbstractPipeline.evaluate(AbstractPipeline.java:234)
	at java.base/java.util.stream.ReferencePipeline.collect(ReferencePipeline.java:682)
	at com.example.physiokalendar.service.AppointmentSeriesGeneratorJob.generateAppointmentsForSeries(AppointmentSeriesGeneratorJob.java:151)
	at com.example.physiokalendar.service.AppointmentSeriesGeneratorJob.generateMissingAppointments(AppointmentSeriesGeneratorJob.java:107)
	at com.example.physiokalendar.service.AppointmentSeriesGeneratorJob.onApplicationReady(AppointmentSeriesGeneratorJob.java:57)
	at java.base/jdk.internal.reflect.NativeMethodAccessorImpl.invoke0(Native Method)
	at java.base/jdk.internal.reflect.NativeMethodAccessorImpl.invoke(NativeMethodAccessorImpl.java:77)
	at java.base/jdk.internal.reflect.DelegatingMethodAccessorImpl.invoke(DelegatingMethodAccessorImpl.java:43)
	at java.base/java.lang.reflect.Method.invoke(Method.java:568)
	at org.springframework.context.event.ApplicationListenerMethodAdapter.doInvoke(ApplicationListenerMethodAdapter.java:365)
	at org.springframework.context.event.ApplicationListenerMethodAdapter.processEvent(ApplicationListenerMethodAdapter.java:237)
	at org.springframework.context.event.ApplicationListenerMethodAdapter.onApplicationEvent(ApplicationListenerMethodAdapter.java:168)
	at org.springframework.context.event.SimpleApplicationEventMulticaster.doInvokeListener(SimpleApplicationEventMulticaster.java:185)
	at org.springframework.context.event.SimpleApplicationEventMulticaster.invokeListener(SimpleApplicationEventMulticaster.java:178)
	at org.springframework.context.event.SimpleApplicationEventMulticaster.multicastEvent(SimpleApplicationEventMulticaster.java:156)
	at org.springframework.context.support.AbstractApplicationContext.publishEvent(AbstractApplicationContext.java:452)
	at org.springframework.context.support.AbstractApplicationContext.publishEvent(AbstractApplicationContext.java:385)
	at org.springframework.boot.context.event.EventPublishingRunListener.ready(EventPublishingRunListener.java:109)
	at org.springframework.boot.SpringApplicationRunListeners.lambda$ready$6(SpringApplicationRunListeners.java:80)
	at java.base/java.lang.Iterable.forEach(Iterable.java:75)
	at org.springframework.boot.SpringApplicationRunListeners.doWithListeners(SpringApplicationRunListeners.java:118)
	at org.springframework.boot.SpringApplicationRunListeners.doWithListeners(SpringApplicationRunListeners.java:112)
	at org.springframework.boot.SpringApplicationRunListeners.ready(SpringApplicationRunListeners.java:80)
	at org.springframework.boot.SpringApplication.run(SpringApplication.java:349)
	at org.springframework.boot.SpringApplication.run(SpringApplication.java:1363)
	at org.springframework.boot.SpringApplication.run(SpringApplication.java:1352)
	at com.example.physiokalendar.PhysiokalendarApplication.main(PhysiokalendarApplication.java:12)
	at java.base/jdk.internal.reflect.NativeMethodAccessorImpl.invoke0(Native Method)
	at java.base/jdk.internal.reflect.NativeMethodAccessorImpl.invoke(NativeMethodAccessorImpl.java:77)
	at java.base/jdk.internal.reflect.DelegatingMethodAccessorImpl.invoke(DelegatingMethodAccessorImpl.java:43)
	at java.base/java.lang.reflect.Method.invoke(Method.java:568)
	at org.springframework.boot.devtools.restart.RestartLauncher.run(RestartLauncher.java:50)
2026-02-18 02:58:11.862 [restartedMain] ERROR c.e.p.s.AppointmentSeriesGeneratorJob - Error generating appointments for series 4528: failed to lazily initialize a collection of role: com.example.physiokalendar.entity.AppointmentSeries.cancellations: could not initialize proxy - no Session
org.hibernate.LazyInitializationException: failed to lazily initialize a collection of role: com.example.physiokalendar.entity.AppointmentSeries.cancellations: could not initialize proxy - no Session
	at org.hibernate.collection.spi.AbstractPersistentCollection.throwLazyInitializationException(AbstractPersistentCollection.java:636)
	at org.hibernate.collection.spi.AbstractPersistentCollection.withTemporarySessionIfNeeded(AbstractPersistentCollection.java:219)
	at org.hibernate.collection.spi.AbstractPersistentCollection.initialize(AbstractPersistentCollection.java:615)
	at org.hibernate.collection.spi.AbstractPersistentCollection.read(AbstractPersistentCollection.java:138)
	at org.hibernate.collection.spi.PersistentBag.iterator(PersistentBag.java:369)
	at java.base/java.util.Spliterators$IteratorSpliterator.estimateSize(Spliterators.java:1865)
	at java.base/java.util.Spliterator.getExactSizeIfKnown(Spliterator.java:414)
	at java.base/java.util.stream.AbstractPipeline.copyInto(AbstractPipeline.java:508)
	at java.base/java.util.stream.AbstractPipeline.wrapAndCopyInto(AbstractPipeline.java:499)
	at java.base/java.util.stream.ReduceOps$ReduceOp.evaluateSequential(ReduceOps.java:921)
	at java.base/java.util.stream.AbstractPipeline.evaluate(AbstractPipeline.java:234)
	at java.base/java.util.stream.ReferencePipeline.collect(ReferencePipeline.java:682)
	at com.example.physiokalendar.service.AppointmentSeriesGeneratorJob.generateAppointmentsForSeries(AppointmentSeriesGeneratorJob.java:151)
	at com.example.physiokalendar.service.AppointmentSeriesGeneratorJob.generateMissingAppointments(AppointmentSeriesGeneratorJob.java:107)
	at com.example.physiokalendar.service.AppointmentSeriesGeneratorJob.onApplicationReady(AppointmentSeriesGeneratorJob.java:57)
	at java.base/jdk.internal.reflect.NativeMethodAccessorImpl.invoke0(Native Method)
	at java.base/jdk.internal.reflect.NativeMethodAccessorImpl.invoke(NativeMethodAccessorImpl.java:77)
	at java.base/jdk.internal.reflect.DelegatingMethodAccessorImpl.invoke(DelegatingMethodAccessorImpl.java:43)
	at java.base/java.lang.reflect.Method.invoke(Method.java:568)
	at org.springframework.context.event.ApplicationListenerMethodAdapter.doInvoke(ApplicationListenerMethodAdapter.java:365)
	at org.springframework.context.event.ApplicationListenerMethodAdapter.processEvent(ApplicationListenerMethodAdapter.java:237)
	at org.springframework.context.event.ApplicationListenerMethodAdapter.onApplicationEvent(ApplicationListenerMethodAdapter.java:168)
	at org.springframework.context.event.SimpleApplicationEventMulticaster.doInvokeListener(SimpleApplicationEventMulticaster.java:185)
	at org.springframework.context.event.SimpleApplicationEventMulticaster.invokeListener(SimpleApplicationEventMulticaster.java:178)
	at org.springframework.context.event.SimpleApplicationEventMulticaster.multicastEvent(SimpleApplicationEventMulticaster.java:156)
	at org.springframework.context.support.AbstractApplicationContext.publishEvent(AbstractApplicationContext.java:452)
	at org.springframework.context.support.AbstractApplicationContext.publishEvent(AbstractApplicationContext.java:385)
	at org.springframework.boot.context.event.EventPublishingRunListener.ready(EventPublishingRunListener.java:109)
	at org.springframework.boot.SpringApplicationRunListeners.lambda$ready$6(SpringApplicationRunListeners.java:80)
	at java.base/java.lang.Iterable.forEach(Iterable.java:75)
	at org.springframework.boot.SpringApplicationRunListeners.doWithListeners(SpringApplicationRunListeners.java:118)
	at org.springframework.boot.SpringApplicationRunListeners.doWithListeners(SpringApplicationRunListeners.java:112)
	at org.springframework.boot.SpringApplicationRunListeners.ready(SpringApplicationRunListeners.java:80)
	at org.springframework.boot.SpringApplication.run(SpringApplication.java:349)
	at org.springframework.boot.SpringApplication.run(SpringApplication.java:1363)
	at org.springframework.boot.SpringApplication.run(SpringApplication.java:1352)
	at com.example.physiokalendar.PhysiokalendarApplication.main(PhysiokalendarApplication.java:12)
	at java.base/jdk.internal.reflect.NativeMethodAccessorImpl.invoke0(Native Method)
	at java.base/jdk.internal.reflect.NativeMethodAccessorImpl.invoke(NativeMethodAccessorImpl.java:77)
	at java.base/jdk.internal.reflect.DelegatingMethodAccessorImpl.invoke(DelegatingMethodAccessorImpl.java:43)
	at java.base/java.lang.reflect.Method.invoke(Method.java:568)
	at org.springframework.boot.devtools.restart.RestartLauncher.run(RestartLauncher.java:50)
2026-02-18 02:58:11.956 [restartedMain] ERROR o.h.e.jdbc.spi.SqlExceptionHelper - Access denied for user 'physiouser'@'%' to database 'physiocalendar'
2026-02-18 02:58:11.956 [restartedMain] ERROR o.s.o.j.LocalContainerEntityManagerFactoryBean - Failed to initialize JPA EntityManagerFactory: [PersistenceUnit: default] Unable to build Hibernate SessionFactory; nested exception is org.hibernate.exception.SQLGrammarException: Unable to open JDBC Connection for DDL execution [Access denied for user 'physiouser'@'%' to database 'physiocalendar'] [n/a]
2026-02-18 02:58:11.962 [restartedMain] ERROR o.s.boot.SpringApplication - Application run failed
org.springframework.beans.factory.BeanCreationException: Error creating bean with name 'entityManagerFactory' defined in class path resource [org/springframework/boot/autoconfigure/orm/jpa/HibernateJpaConfiguration.class]: [PersistenceUnit: default] Unable to build Hibernate SessionFactory; nested exception is org.hibernate.exception.SQLGrammarException: Unable to open JDBC Connection for DDL execution [Access denied for user 'physiouser'@'%' to database 'physiocalendar'] [n/a]
	at org.springframework.beans.factory.support.AbstractAutowireCapableBeanFactory.initializeBean(AbstractAutowireCapableBeanFactory.java:1806)
	at org.springframework.beans.factory.support.AbstractAutowireCapableBeanFactory.doCreateBean(AbstractAutowireCapableBeanFactory.java:600)
	at org.springframework.beans.factory.support.AbstractAutowireCapableBeanFactory.createBean(AbstractAutowireCapableBeanFactory.java:522)
	at org.springframework.beans.factory.support.AbstractBeanFactory.lambda$doGetBean$0(AbstractBeanFactory.java:337)
	at org.springframework.beans.factory.support.DefaultSingletonBeanRegistry.getSingleton(DefaultSingletonBeanRegistry.java:234)
	at org.springframework.beans.factory.support.AbstractBeanFactory.doGetBean(AbstractBeanFactory.java:335)
	at org.springframework.beans.factory.support.AbstractBeanFactory.getBean(AbstractBeanFactory.java:205)
	at org.springframework.context.support.AbstractApplicationContext.finishBeanFactoryInitialization(AbstractApplicationContext.java:954)
	at org.springframework.context.support.AbstractApplicationContext.refresh(AbstractApplicationContext.java:625)
	at org.springframework.boot.web.servlet.context.ServletWebServerApplicationContext.refresh(ServletWebServerApplicationContext.java:146)
	at org.springframework.boot.SpringApplication.refresh(SpringApplication.java:754)
	at org.springframework.boot.SpringApplication.refreshContext(SpringApplication.java:456)
	at org.springframework.boot.SpringApplication.run(SpringApplication.java:335)
	at org.springframework.boot.SpringApplication.run(SpringApplication.java:1363)
	at org.springframework.boot.SpringApplication.run(SpringApplication.java:1352)
	at com.example.physiokalendar.PhysiokalendarApplication.main(PhysiokalendarApplication.java:12)
	at java.base/jdk.internal.reflect.NativeMethodAccessorImpl.invoke0(Native Method)
	at java.base/jdk.internal.reflect.NativeMethodAccessorImpl.invoke(NativeMethodAccessorImpl.java:77)
	at java.base/jdk.internal.reflect.DelegatingMethodAccessorImpl.invoke(DelegatingMethodAccessorImpl.java:43)
	at java.base/java.lang.reflect.Method.invoke(Method.java:568)
	at org.springframework.boot.devtools.restart.RestartLauncher.run(RestartLauncher.java:50)
Caused by: jakarta.persistence.PersistenceException: [PersistenceUnit: default] Unable to build Hibernate SessionFactory; nested exception is org.hibernate.exception.SQLGrammarException: Unable to open JDBC Connection for DDL execution [Access denied for user 'physiouser'@'%' to database 'physiocalendar'] [n/a]
	at org.springframework.orm.jpa.AbstractEntityManagerFactoryBean.buildNativeEntityManagerFactory(AbstractEntityManagerFactoryBean.java:421)
	at org.springframework.orm.jpa.AbstractEntityManagerFactoryBean.afterPropertiesSet(AbstractEntityManagerFactoryBean.java:396)
	at org.springframework.orm.jpa.LocalContainerEntityManagerFactoryBean.afterPropertiesSet(LocalContainerEntityManagerFactoryBean.java:366)
	at org.springframework.beans.factory.support.AbstractAutowireCapableBeanFactory.invokeInitMethods(AbstractAutowireCapableBeanFactory.java:1853)
	at org.springframework.beans.factory.support.AbstractAutowireCapableBeanFactory.initializeBean(AbstractAutowireCapableBeanFactory.java:1802)
	... 20 common frames omitted
Caused by: org.hibernate.exception.SQLGrammarException: Unable to open JDBC Connection for DDL execution [Access denied for user 'physiouser'@'%' to database 'physiocalendar'] [n/a]
	at org.hibernate.exception.internal.SQLExceptionTypeDelegate.convert(SQLExceptionTypeDelegate.java:66)
	at org.hibernate.exception.internal.StandardSQLExceptionConverter.convert(StandardSQLExceptionConverter.java:58)
	at org.hibernate.engine.jdbc.spi.SqlExceptionHelper.convert(SqlExceptionHelper.java:108)
	at org.hibernate.engine.jdbc.spi.SqlExceptionHelper.convert(SqlExceptionHelper.java:94)
	at org.hibernate.resource.transaction.backend.jdbc.internal.DdlTransactionIsolatorNonJtaImpl.getIsolatedConnection(DdlTransactionIsolatorNonJtaImpl.java:74)
	at org.hibernate.resource.transaction.backend.jdbc.internal.DdlTransactionIsolatorNonJtaImpl.getIsolatedConnection(DdlTransactionIsolatorNonJtaImpl.java:39)
	at org.hibernate.tool.schema.internal.exec.ImprovedExtractionContextImpl.getJdbcConnection(ImprovedExtractionContextImpl.java:63)
	at org.hibernate.tool.schema.internal.exec.ImprovedExtractionContextImpl.getJdbcDatabaseMetaData(ImprovedExtractionContextImpl.java:70)
	at org.hibernate.tool.schema.extract.internal.InformationExtractorJdbcDatabaseMetaDataImpl.processTableResultSet(InformationExtractorJdbcDatabaseMetaDataImpl.java:65)
	at org.hibernate.tool.schema.extract.internal.AbstractInformationExtractorImpl.getTables(AbstractInformationExtractorImpl.java:570)
	at org.hibernate.tool.schema.extract.internal.DatabaseInformationImpl.getTablesInformation(DatabaseInformationImpl.java:122)
	at org.hibernate.tool.schema.internal.GroupedSchemaMigratorImpl.performTablesMigration(GroupedSchemaMigratorImpl.java:72)
	at org.hibernate.tool.schema.internal.AbstractSchemaMigrator.performMigration(AbstractSchemaMigrator.java:240)
	at org.hibernate.tool.schema.internal.AbstractSchemaMigrator.doMigration(AbstractSchemaMigrator.java:119)
	at org.hibernate.tool.schema.spi.SchemaManagementToolCoordinator.performDatabaseAction(SchemaManagementToolCoordinator.java:280)
	at org.hibernate.tool.schema.spi.SchemaManagementToolCoordinator.lambda$process$5(SchemaManagementToolCoordinator.java:144)
	at java.base/java.util.HashMap.forEach(HashMap.java:1421)
	at org.hibernate.tool.schema.spi.SchemaManagementToolCoordinator.process(SchemaManagementToolCoordinator.java:141)
	at org.hibernate.boot.internal.SessionFactoryObserverForSchemaExport.sessionFactoryCreated(SessionFactoryObserverForSchemaExport.java:37)
	at org.hibernate.internal.SessionFactoryObserverChain.sessionFactoryCreated(SessionFactoryObserverChain.java:35)
	at org.hibernate.internal.SessionFactoryImpl.<init>(SessionFactoryImpl.java:322)
	at org.hibernate.boot.internal.SessionFactoryBuilderImpl.build(SessionFactoryBuilderImpl.java:457)
	at org.hibernate.jpa.boot.internal.EntityManagerFactoryBuilderImpl.build(EntityManagerFactoryBuilderImpl.java:1506)
	at org.springframework.orm.jpa.vendor.SpringHibernateJpaPersistenceProvider.createContainerEntityManagerFactory(SpringHibernateJpaPersistenceProvider.java:75)
	at org.springframework.orm.jpa.LocalContainerEntityManagerFactoryBean.createNativeEntityManagerFactory(LocalContainerEntityManagerFactoryBean.java:390)
	at org.springframework.orm.jpa.AbstractEntityManagerFactoryBean.buildNativeEntityManagerFactory(AbstractEntityManagerFactoryBean.java:409)
	... 24 common frames omitted
Caused by: java.sql.SQLSyntaxErrorException: Access denied for user 'physiouser'@'%' to database 'physiocalendar'
	at com.mysql.cj.jdbc.exceptions.SQLError.createSQLException(SQLError.java:121)
	at com.mysql.cj.jdbc.exceptions.SQLExceptionsMapping.translateException(SQLExceptionsMapping.java:122)
	at com.mysql.cj.jdbc.ConnectionImpl.createNewIO(ConnectionImpl.java:815)
	at com.mysql.cj.jdbc.ConnectionImpl.<init>(ConnectionImpl.java:438)
	at com.mysql.cj.jdbc.ConnectionImpl.getInstance(ConnectionImpl.java:241)
	at com.mysql.cj.jdbc.NonRegisteringDriver.connect(NonRegisteringDriver.java:189)
	at com.zaxxer.hikari.util.DriverDataSource.getConnection(DriverDataSource.java:137)
	at com.zaxxer.hikari.pool.PoolBase.newConnection(PoolBase.java:360)
	at com.zaxxer.hikari.pool.PoolBase.newPoolEntry(PoolBase.java:202)
	at com.zaxxer.hikari.pool.HikariPool.createPoolEntry(HikariPool.java:461)
	at com.zaxxer.hikari.pool.HikariPool.checkFailFast(HikariPool.java:550)
	at com.zaxxer.hikari.pool.HikariPool.<init>(HikariPool.java:98)
	at com.zaxxer.hikari.HikariDataSource.getConnection(HikariDataSource.java:111)
	at org.hibernate.engine.jdbc.connections.internal.DatasourceConnectionProviderImpl.getConnection(DatasourceConnectionProviderImpl.java:122)
	at org.hibernate.engine.jdbc.env.internal.JdbcEnvironmentInitiator$ConnectionProviderJdbcConnectionAccess.obtainConnection(JdbcEnvironmentInitiator.java:439)
	at org.hibernate.resource.transaction.backend.jdbc.internal.DdlTransactionIsolatorNonJtaImpl.getIsolatedConnection(DdlTransactionIsolatorNonJtaImpl.java:46)
	... 45 common frames omitted
